date,category,buy_value,sell_value,net_value
2007-01-06,DII,1122.01,802.17,319.84
2007-01-06,FII/FPI,2481.99,2108.61,373.38
2007-01-08,DII,1898.6,963.16,935.44
2007-01-08,FII/FPI,3620.82,4876.36,-1255.54
2007-01-10,DII,1251.99,2181.76,-929.77
2007-01-10,FII/FPI,4311.66,2589.92,1721.74
2007-01-11,DII,1929.4,1873.18,56.22
2007-01-11,FII/FPI,5389.86,5315.61,74.25
2007-02-04,DII,0.0,0.0,0.0
2007-02-04,FII/FPI,2010.8,2520.13,-509.33
2007-02-07,DII,788.08,874.79,-86.71
2007-02-07,FII/FPI,1746.34,1651.77,94.57
2007-02-08,DII,1055.76,773.19,282.57
2007-02-08,FII/FPI,1843.19,2381.16,-537.97
2007-02-11,DII,1324.79,880.05,444.74
2007-02-11,FII/FPI,3281.13,4511.99,-1230.86
2007-03-04,DII,0.0,0.0,0.0
2007-03-04,FII/FPI,2179.39,2185.4,-6.01
2007-03-05,DII,769.99,583.59,186.4
2007-03-05,FII/FPI,2811.79,2742.09,69.7
2007-03-07,DII,842.27,1013.01,-170.74
2007-03-07,FII/FPI,2413.09,1967.68,445.41
2007-03-08,DII,805.31,746.22,59.09
2007-03-08,FII/FPI,2210.6,2353.3,-142.7
2007-03-09,DII,769.64,786.16,-16.52
2007-03-09,FII/FPI,2437.42,2019.35,418.07
2007-03-10,DII,1219.08,1440.81,-221.73
2007-03-10,FII/FPI,7746.78,5084.72,2662.06
2007-03-12,DII,1440.0,990.49,449.51
2007-03-12,FII/FPI,5487.35,5526.6,-39.25
2007-04-04,DII,0.0,0.0,0.0
2007-04-04,FII/FPI,2126.12,2171.17,-45.05
2007-04-05,DII,695.99,396.89,299.1
2007-04-05,FII/FPI,1867.95,1999.27,-131.32
2007-04-06,DII,788.4,817.34,-28.94
2007-04-06,FII/FPI,1873.72,1784.93,88.79
2007-04-07,DII,882.59,1279.73,-397.14
2007-04-07,FII/FPI,2140.88,1417.03,723.85
2007-04-09,DII,827.58,759.6,67.98
2007-04-09,FII/FPI,1837.57,1489.37,348.2
2007-04-10,DII,923.34,1587.24,-663.9
2007-04-10,FII/FPI,4278.46,3821.18,457.28
2007-04-12,DII,1383.44,1267.13,116.31
2007-04-12,FII/FPI,3877.76,4210.62,-332.86
2007-04-13,DII,0.0,0.0,0.0
2007-04-13,FII/FPI,2662.56,2424.06,238.5
2007-04-16,DII,781.77,763.98,17.79
2007-04-16,FII/FPI,2323.96,2016.21,307.75
2007-04-17,DII,729.55,1039.74,-310.19
2007-04-17,FII/FPI,2450.75,2146.09,304.66
2007-04-18,DII,887.82,868.38,19.44
2007-04-18,FII/FPI,2173.88,1708.56,465.32
2007-04-19,DII,810.9,537.14,273.76
2007-04-19,FII/FPI,1801.53,2030.66,-229.13
2007-04-20,DII,907.47,777.6,129.87
2007-04-20,FII/FPI,2434.23,1811.72,622.51
2007-04-23,DII,771.77,514.05,257.72
2007-04-23,FII/FPI,1877.48,2019.97,-142.49
2007-04-24,DII,1313.67,1129.38,184.29
2007-04-24,FII/FPI,3258.31,2917.92,340.39
2007-04-25,DII,1060.12,973.73,86.39
2007-04-25,FII/FPI,3538.85,2757.6,781.25
2007-04-26,DII,1196.6,1374.63,-178.03
2007-04-26,FII/FPI,2816.25,2905.29,-89.04
2007-04-27,DII,793.2,617.23,175.97
2007-04-27,FII/FPI,1628.9,2006.85,-377.95
2007-05-04,DII,0.0,0.0,0.0
2007-05-04,FII/FPI,1632.16,1717.96,-85.8
2007-05-06,DII,786.84,739.05,47.79
2007-05-06,FII/FPI,1965.84,2114.14,-148.3
2007-05-07,DII,1348.37,1042.94,305.43
2007-05-07,FII/FPI,3173.62,3024.63,148.99
2007-05-09,DII,882.78,924.18,-41.4
2007-05-09,FII/FPI,2633.84,2296.85,336.99
2007-05-10,DII,1739.66,1941.27,-201.61
2007-05-10,FII/FPI,4557.73,3609.67,948.06
2007-05-11,DII,1679.43,1030.74,648.69
2007-05-11,FII/FPI,3851.03,4944.19,-1093.16
2007-05-12,DII,1454.28,1613.99,-159.71
2007-05-12,FII/FPI,5168.38,4688.2,480.18
2007-05-14,DII,769.03,767.24,1.79
2007-05-14,FII/FPI,1745.02,1830.34,-85.32
2007-05-15,DII,800.19,860.09,-59.9
2007-05-15,FII/FPI,1931.89,2215.52,-283.63
2007-05-16,DII,1360.92,957.43,403.49
2007-05-16,FII/FPI,2388.27,2633.42,-245.15
2007-05-17,DII,1626.5,991.84,634.66
2007-05-17,FII/FPI,3503.38,2985.63,517.75
2007-05-18,DII,798.98,740.93,58.05
2007-05-18,FII/FPI,2238.8,2182.16,56.64
2007-05-21,DII,1330.32,1072.39,257.93
2007-05-21,FII/FPI,2371.95,2189.29,182.66
2007-05-22,DII,1196.79,1324.61,-127.82
2007-05-22,FII/FPI,3095.1,2754.54,340.56
2007-05-23,DII,1034.78,946.84,87.94
2007-05-23,FII/FPI,2496.02,2399.44,96.58
2007-05-24,DII,889.29,1025.59,-136.3
2007-05-24,FII/FPI,1877.4,2037.71,-160.31
2007-05-25,DII,836.96,665.47,171.49
2007-05-25,FII/FPI,2498.54,2702.79,-204.25
2007-05-28,DII,1077.57,1002.83,46.94
2007-05-28,FII/FPI,1795.7,1615.05,180.65
2007-05-29,DII,848.24,972.38,-124.14
2007-05-29,FII/FPI,2172.71,1474.75,697.96
2007-05-30,DII,1349.85,787.98,561.87
2007-05-30,FII/FPI,2350.87,2949.38,-598.51
2007-05-31,DII,1340.53,1308.34,32.19
2007-05-31,FII/FPI,3287.23,3118.37,168.86
2007-06-06,DII,1126.64,771.2,355.44
2007-06-06,FII/FPI,2226.8,2457.77,-230.97
2007-06-07,DII,1164.47,1148.08,16.39
2007-06-07,FII/FPI,2843.63,2302.24,541.39
2007-06-08,DII,980.15,479.46,500.69
2007-06-08,FII/FPI,1638.28,3033.28,-1395.0
2007-06-09,DII,841.01,849.27,-8.26
2007-06-09,FII/FPI,2275.51,1964.14,311.37
2007-06-11,DII,1297.81,1091.25,206.56
2007-06-11,FII/FPI,4163.08,4155.46,7.62
2007-06-12,DII,1649.03,1421.49,227.54
2007-06-12,FII/FPI,4855.4,4363.3,492.1
2007-06-13,DII,863.21,531.73,331.48
2007-06-13,FII/FPI,1706.7,2000.86,-294.16
2007-06-14,DII,527.4,494.83,32.57
2007-06-14,FII/FPI,2610.38,2576.25,34.13
2007-06-15,DII,865.58,501.72,363.86
2007-06-15,FII/FPI,1947.69,1992.47,-44.78
2007-06-18,DII,778.67,408.67,370.0
2007-06-18,FII/FPI,1571.05,1659.41,-88.36
2007-06-19,DII,769.13,802.11,-32.98
2007-06-19,FII/FPI,2061.81,1890.1,171.71
2007-06-20,DII,894.26,790.13,104.13
2007-06-20,FII/FPI,2543.91,2301.62,242.29
2007-06-21,DII,1005.19,857.48,147.71
2007-06-21,FII/FPI,2328.05,2183.56,144.49
2007-06-22,DII,1314.72,802.42,512.3
2007-06-22,FII/FPI,2235.18,2263.41,-28.23
2007-06-25,DII,737.57,558.34,179.23
2007-06-25,FII/FPI,2672.02,2652.18,19.84
2007-06-26,DII,885.6,686.11,199.49
2007-06-26,FII/FPI,1812.99,2054.45,-241.46
2007-06-27,DII,748.75,504.65,244.1
2007-06-27,FII/FPI,2059.39,2626.72,-567.33
2007-06-28,DII,1145.29,1071.78,73.51
2007-06-28,FII/FPI,2768.23,3166.34,-398.11
2007-06-29,DII,1119.86,958.2,161.66
2007-06-29,FII/FPI,2654.42,2095.83,558.59
2007-07-05,DII,1645.69,1571.12,74.57
2007-07-05,FII/FPI,900.11,756.53,143.58
2007-07-06,DII,1037.22,753.41,283.81
2007-07-06,FII/FPI,1412.65,1699.82,-287.17
2007-07-08,DII,725.62,609.58,116.04
2007-07-08,FII/FPI,2195.64,2521.32,-325.68
2007-07-09,DII,846.88,946.31,-99.43
2007-07-09,FII/FPI,2173.45,1788.77,384.68
2007-07-11,DII,1103.07,1007.75,95.32
2007-07-11,FII/FPI,4197.83,3766.42,431.41
2007-07-12,DII,1478.72,1139.08,339.64
2007-07-12,FII/FPI,4426.24,4680.08,-253.84
2007-07-13,DII,1566.33,1391.96,174.37
2007-07-13,FII/FPI,4470.11,3146.59,1323.52
2007-07-16,DII,826.37,1234.9,-408.53
2007-07-16,FII/FPI,3008.72,2702.19,306.53
2007-07-17,DII,1100.52,1265.45,-164.93
2007-07-17,FII/FPI,3387.42,3028.36,359.06
2007-07-18,DII,880.22,937.71,-57.49
2007-07-18,FII/FPI,3109.15,2910.84,198.31
2007-07-19,DII,992.07,1141.08,-149.01
2007-07-19,FII/FPI,3449.51,2797.43,652.08
2007-07-20,DII,846.78,1191.26,-344.48
2007-07-20,FII/FPI,3996.49,2840.56,1155.93
2007-07-23,DII,754.52,953.47,-198.95
2007-07-23,FII/FPI,3723.98,2698.41,1025.57
2007-07-24,DII,897.87,1208.47,-310.6
2007-07-24,FII/FPI,4171.38,3100.67,1070.71
2007-07-25,DII,1198.24,1048.42,149.82
2007-07-25,FII/FPI,3106.22,3141.69,-35.47
2007-07-26,DII,1270.02,1414.29,-144.27
2007-07-26,FII/FPI,4457.35,4179.31,278.04
2007-07-27,DII,1970.85,1243.53,727.32
2007-07-27,FII/FPI,3550.83,5025.83,-1475.0
2007-07-30,DII,1706.87,852.55,854.32
2007-07-30,FII/FPI,1903.1,3020.45,-1117.35
2007-07-31,DII,1079.11,731.26,347.85
2007-07-31,FII/FPI,2980.16,2945.53,34.63
2007-08-05,DII,964.75,1089.29,-124.54
2007-08-05,FII/FPI,1628.57,1833.98,-205.41
2007-08-06,DII,1334.84,595.84,739.0
2007-08-06,FII/FPI,2591.34,3566.12,-974.78
2007-08-08,DII,1020.25,803.82,216.43
2007-08-08,FII/FPI,3005.15,2918.19,86.96
2007-08-10,DII,834.0,976.68,-142.68
2007-08-10,FII/FPI,4281.74,2822.23,1459.51
2007-08-11,DII,1223.6,940.28,283.32
2007-08-11,FII/FPI,3190.15,4546.68,-1356.53
2007-08-13,DII,720.81,583.05,137.76
2007-08-13,FII/FPI,1593.84,2153.42,-559.58
2007-08-14,DII,765.69,456.75,308.94
2007-08-14,FII/FPI,1464.92,1796.44,-331.52
2007-08-16,DII,2156.08,757.18,1398.9
2007-08-16,FII/FPI,2404.91,5513.36,-3108.45
2007-08-17,DII,2677.53,733.05,1944.48
2007-08-17,FII/FPI,2544.48,6080.24,-3535.76
2007-08-20,DII,686.26,544.23,142.03
2007-08-20,FII/FPI,2084.93,2733.86,-648.93
2007-08-21,DII,1413.43,586.59,826.84
2007-08-21,FII/FPI,2235.03,2373.27,-138.24
2007-08-22,DII,1115.9,568.61,547.29
2007-08-22,FII/FPI,1911.78,2547.97,-636.19
2007-08-23,DII,1268.56,737.84,530.72
2007-08-23,FII/FPI,3254.95,2980.31,274.64
2007-08-24,DII,1090.16,689.45,400.71
2007-08-24,FII/FPI,1404.72,1679.41,-274.69
2007-08-27,DII,1074.77,881.45,193.32
2007-08-27,FII/FPI,2053.46,1358.11,695.35
2007-08-28,DII,641.52,720.84,-79.32
2007-08-28,FII/FPI,2458.12,2067.92,390.2
2007-08-29,DII,890.95,825.47,65.48
2007-08-29,FII/FPI,2415.39,2579.12,-163.73
2007-08-30,DII,2184.74,1831.78,352.96
2007-08-30,FII/FPI,4032.67,4596.33,-563.66
2007-08-31,DII,1262.79,1050.39,212.4
2007-08-31,FII/FPI,2874.13,2327.04,547.09
2007-09-04,DII,0.0,0.0,0.0
2007-09-04,FII/FPI,1423.75,930.39,493.36
2007-09-05,DII,779.03,892.14,-113.11
2007-09-05,FII/FPI,1685.79,1985.81,-300.02
2007-09-07,DII,746.89,983.74,-236.85
2007-09-07,FII/FPI,2758.44,1916.8,841.64
2007-09-08,DII,1071.72,999.58,72.14
2007-09-08,FII/FPI,2483.86,2456.63,27.23
2007-09-10,DII,1216.27,1745.65,-529.38
2007-09-10,FII/FPI,4384.91,2968.19,1416.72
2007-09-11,DII,21.6,22.13,-0.53
2007-09-11,FII/FPI,129.47,94.48,34.99
2007-09-13,DII,1006.04,1041.95,-35.91
2007-09-13,FII/FPI,2346.89,2340.6,6.29
2007-09-14,DII,976.99,1237.41,-260.42
2007-09-14,FII/FPI,3477.32,2191.29,1286.03
2007-09-17,DII,672.7,813.27,-140.57
2007-09-17,FII/FPI,2146.26,2051.92,94.34
2007-09-18,DII,920.99,1153.92,-232.93
2007-09-18,FII/FPI,2924.34,2900.96,23.38
2007-09-19,DII,1686.85,2015.0,-328.15
2007-09-19,FII/FPI,5767.81,3310.19,2457.62
2007-09-20,DII,1018.2,1582.48,-564.28
2007-09-20,FII/FPI,4596.36,2968.92,1627.44
2007-09-21,DII,1442.87,1720.55,-277.68
2007-09-21,FII/FPI,3716.81,2954.68,762.13
2007-09-24,DII,1494.45,2164.89,-670.44
2007-09-24,FII/FPI,4796.16,3605.63,1190.53
2007-09-25,DII,1084.74,1601.17,-516.43
2007-09-25,FII/FPI,4442.69,2946.55,1496.14
2007-09-26,DII,1141.46,1842.89,-701.43
2007-09-26,FII/FPI,3622.56,2894.57,727.99
2007-09-27,DII,1837.79,2149.21,-311.42
2007-09-27,FII/FPI,7256.37,5029.52,2226.85
2007-09-28,DII,1435.77,1535.9,-100.13
2007-09-28,FII/FPI,5265.73,2990.02,2275.71
2007-10-04,DII,0.0,0.0,0.0
2007-10-04,FII/FPI,2232.95,1883.3,349.65
2007-10-05,DII,918.11,531.67,386.44
2007-10-05,FII/FPI,2001.36,1848.09,153.27
2007-10-07,DII,773.85,980.55,-206.7
2007-10-07,FII/FPI,3001.68,2418.66,583.02
2007-10-08,DII,989.81,1005.45,-15.64
2007-10-08,FII/FPI,2748.56,3490.86,-742.3
2007-10-09,DII,750.45,740.63,9.82
2007-10-09,FII/FPI,1399.48,1589.63,-190.15
2007-10-10,DII,1444.55,2141.37,-696.82
2007-10-10,FII/FPI,5817.2,4354.91,1462.29
2007-10-12,DII,1180.94,1411.09,-230.15
2007-10-12,FII/FPI,2811.06,3003.18,-192.12
2007-10-15,DII,1688.71,1969.82,-281.11
2007-10-15,FII/FPI,7138.65,4270.06,2868.59
2007-10-16,DII,1693.31,1703.36,-10.05
2007-10-16,FII/FPI,5665.37,5899.69,-234.32
2007-10-17,DII,1811.98,1526.92,285.06
2007-10-17,FII/FPI,5868.28,7880.34,-2012.06
2007-10-18,DII,1886.24,1790.22,96.02
2007-10-18,FII/FPI,7066.0,8196.59,-1130.59
2007-10-19,DII,1758.02,1571.76,186.26
2007-10-19,FII/FPI,8192.74,9943.5,-1750.76
2007-10-22,DII,1360.31,1375.64,-15.33
2007-10-22,FII/FPI,5545.71,6836.57,-1290.86
2007-10-23,DII,1387.54,1349.9,37.64
2007-10-23,FII/FPI,6103.05,5712.34,390.71
2007-10-24,DII,1574.37,1191.14,383.23
2007-10-24,FII/FPI,5885.81,4583.94,1301.87
2007-10-25,DII,2372.68,1584.31,788.37
2007-10-25,FII/FPI,6922.59,7547.93,-625.34
2007-10-26,DII,2164.77,1198.81,965.96
2007-10-26,FII/FPI,3229.55,4466.9,-1237.35
2007-10-29,DII,2009.85,1375.41,634.44
2007-10-29,FII/FPI,4568.62,3879.69,688.93
2007-10-30,DII,1839.07,2016.31,-177.24
2007-10-30,FII/FPI,4346.73,4735.85,-389.12
2007-10-31,DII,1902.13,1457.88,444.25
2007-10-31,FII/FPI,5250.75,5052.01,198.74
2007-11-04,DII,0.0,0.0,0.0
2007-11-04,FII/FPI,2086.5,2156.46,-69.96
2007-11-05,DII,925.82,485.77,440.05
2007-11-05,FII/FPI,1667.83,2182.09,-514.26
2007-11-06,DII,820.99,583.87,237.12
2007-11-06,FII/FPI,2132.55,2158.67,-26.12
2007-11-07,DII,937.56,1252.94,-315.38
2007-11-07,FII/FPI,2831.4,2732.06,99.34
2007-11-09,DII,750.4,1195.15,-444.75
2007-11-09,FII/FPI,2214.55,1957.96,256.59
2007-11-10,DII,1383.12,1803.23,-420.11
2007-11-10,FII/FPI,5961.99,5167.21,794.78
2007-11-12,DII,1593.63,1252.32,341.31
2007-11-12,FII/FPI,4049.74,3662.47,387.27
2007-11-13,DII,1779.09,1514.94,264.15
2007-11-13,FII/FPI,4770.2,5103.04,-332.84
2007-11-14,DII,1708.16,1141.12,567.04
2007-11-14,FII/FPI,4769.91,4606.89,163.02
2007-11-15,DII,1889.36,1303.54,585.82
2007-11-15,FII/FPI,3914.47,4067.3,-152.83
2007-11-16,DII,1195.58,955.86,239.72
2007-11-16,FII/FPI,3503.69,3866.83,-363.14
2007-11-19,DII,1352.24,1415.69,-63.45
2007-11-19,FII/FPI,3818.32,4189.36,-371.04
2007-11-20,DII,1681.08,1217.13,463.95
2007-11-20,FII/FPI,4414.79,6215.47,-1800.68
2007-11-21,DII,1600.51,970.45,630.06
2007-11-21,FII/FPI,3208.09,5215.79,-2007.7
2007-11-22,DII,2241.49,900.34,1341.15
2007-11-22,FII/FPI,1889.01,4376.72,-2487.71
2007-11-23,DII,1274.19,748.33,525.86
2007-11-23,FII/FPI,2271.55,2813.43,-541.88
2007-11-26,DII,980.58,706.52,274.06
2007-11-26,FII/FPI,3019.5,2969.1,50.4
2007-11-27,DII,1262.29,963.96,298.33
2007-11-27,FII/FPI,3408.27,3906.62,-498.35
2007-11-28,DII,1259.43,927.61,331.82
2007-11-28,FII/FPI,3192.91,4171.87,-978.96
2007-11-29,DII,1974.7,1368.45,606.25
2007-11-29,FII/FPI,5155.11,6268.07,-1112.96
2007-11-30,DII,1948.94,1260.6,688.34
2007-11-30,FII/FPI,7242.97,6170.9,1072.07
2007-12-04,DII,0.0,0.0,0.0
2007-12-04,FII/FPI,1658.77,1832.35,-173.58
2007-12-06,DII,702.49,783.35,-80.86
2007-12-06,FII/FPI,2017.16,1681.86,335.3
2007-12-07,DII,1069.96,1041.1,28.86
2007-12-07,FII/FPI,3533.91,2919.83,614.08
2007-12-09,DII,1037.14,1128.46,-91.32
2007-12-09,FII/FPI,2333.4,2015.64,317.76
2007-12-10,DII,1242.36,2126.04,-883.68
2007-12-10,FII/FPI,5260.25,4944.89,315.36
2007-12-11,DII,1209.86,1143.87,65.99
2007-12-11,FII/FPI,4487.18,5681.56,-1194.38
2007-12-12,DII,1727.43,1611.6,115.83
2007-12-12,FII/FPI,4575.06,4960.26,-385.2
2007-12-13,DII,1866.63,1639.98,226.65
2007-12-13,FII/FPI,3908.34,4310.1,-401.76
2007-12-14,DII,1398.27,1293.09,105.18
2007-12-14,FII/FPI,3776.02,4423.12,-647.1
2007-12-17,DII,1307.24,1080.38,226.86
2007-12-17,FII/FPI,3351.68,5502.89,-2151.21
2007-12-18,DII,1318.9,659.75,659.15
2007-12-18,FII/FPI,3166.59,5903.07,-2736.48
2007-12-19,DII,1542.21,1191.61,350.6
2007-12-19,FII/FPI,2506.5,3960.56,-1454.06
2007-12-20,DII,1697.2,806.78,890.42
2007-12-20,FII/FPI,2416.46,3183.18,-766.72
2007-12-24,DII,1391.0,1058.35,332.65
2007-12-24,FII/FPI,3324.7,3148.92,175.78
2007-12-26,DII,1857.51,1408.78,448.73
2007-12-26,FII/FPI,2345.04,1806.75,538.29
2007-12-27,DII,2475.71,1687.79,787.92
2007-12-27,FII/FPI,5578.8,6281.44,-702.64
2007-12-28,DII,1401.46,1234.77,166.69
2007-12-28,FII/FPI,2920.56,2266.8,653.76
2007-12-31,DII,1331.68,1774.67,-442.99
2007-12-31,FII/FPI,2908.02,2391.96,516.06
2008-01-01,DII,1284.38,977.44,306.94
2008-01-01,FII/FPI,888.69,1350.1,-461.41
2008-01-02,DII,1220.8,1336.2,-115.4
2008-01-02,FII/FPI,3469.19,3596.12,-126.93
2008-01-04,DII,715.07,1004.63,-289.56
2008-01-04,FII/FPI,2609.05,3247.91,-638.86
2008-01-07,DII,785.18,622.68,162.5
2008-01-07,FII/FPI,3117.64,2908.21,209.43
2008-01-08,DII,1301.98,905.64,396.34
2008-01-08,FII/FPI,2686.71,3273.99,-587.28
2008-01-09,DII,532.82,450.2,82.62
2008-01-09,FII/FPI,1299.92,1541.77,-241.85
2008-01-10,DII,845.09,796.44,48.65
2008-01-10,FII/FPI,1889.96,2164.86,-274.9
2008-01-12,DII,675.36,626.17,49.19
2008-01-12,FII/FPI,1674.62,1645.98,28.64
2008-01-14,DII,1319.73,1513.28,-193.55
2008-01-14,FII/FPI,4404.39,4662.05,-257.66
2008-01-15,DII,1229.36,1319.1,-89.74
2008-01-15,FII/FPI,5096.81,5461.9,-365.09
2008-01-16,DII,1864.99,1676.02,188.97
2008-01-16,FII/FPI,4439.43,6957.02,-2517.59
2008-01-17,DII,2039.72,1304.97,734.75
2008-01-17,FII/FPI,4252.65,6520.05,-2267.4
2008-01-18,DII,2031.66,1336.1,695.56
2008-01-18,FII/FPI,4417.25,6564.17,-2146.92
2008-01-21,DII,4430.29,1031.09,3399.2
2008-01-21,FII/FPI,4295.93,7592.66,-3296.73
2008-01-22,DII,4375.64,1596.93,2778.71
2008-01-22,FII/FPI,6172.99,10438.18,-4265.19
2008-01-23,DII,2669.63,1377.87,1291.76
2008-01-23,FII/FPI,5730.7,8752.24,-3021.54
2008-01-24,DII,2140.83,1023.8,1117.03
2008-01-24,FII/FPI,4686.65,6941.58,-2254.93
2008-01-25,DII,1475.88,1227.53,248.35
2008-01-25,FII/FPI,4689.63,4481.15,208.48
2008-01-28,DII,1155.28,557.34,597.94
2008-01-28,FII/FPI,2478.9,3517.35,-1038.45
2008-01-29,DII,762.03,663.21,98.82
2008-01-29,FII/FPI,2874.72,3420.81,-546.09
2008-01-30,DII,1432.25,709.14,723.11
2008-01-30,FII/FPI,2635.54,3546.54,-911.0
2008-01-31,DII,3145.68,985.33,2160.35
2008-01-31,FII/FPI,5103.07,9041.07,-3938.0
2008-02-01,DII,1610.49,1183.38,427.11
2008-02-01,FII/FPI,3798.13,4426.81,-628.68
2008-02-04,DII,1097.88,833.51,264.37
2008-02-04,FII/FPI,2792.79,2928.44,-135.65
2008-02-05,DII,1128.9,1146.9,-18.0
2008-02-05,FII/FPI,3662.69,3004.35,658.34
2008-02-06,DII,699.85,690.04,9.81
2008-02-06,FII/FPI,2497.04,2846.88,-349.84
2008-02-07,DII,1029.32,608.31,421.01
2008-02-07,FII/FPI,3666.14,4334.57,-668.43
2008-02-09,DII,1350.5,1140.71,209.79
2008-02-09,FII/FPI,2799.13,1666.88,1132.25
2008-02-12,DII,676.34,571.03,105.31
2008-02-12,FII/FPI,891.62,1214.63,-323.01
2008-02-13,DII,778.74,755.15,23.59
2008-02-13,FII/FPI,3828.13,3818.73,9.4
2008-02-14,DII,1115.45,910.42,205.03
2008-02-14,FII/FPI,3925.69,3864.7,60.99
2008-02-15,DII,948.85,810.19,138.66
2008-02-15,FII/FPI,3286.76,3025.56,261.2
2008-02-18,DII,640.96,775.12,-134.16
2008-02-18,FII/FPI,1519.44,1861.52,-342.08
2008-02-19,DII,1023.41,1071.7,-48.29
2008-02-19,FII/FPI,2686.93,2357.68,329.25
2008-02-20,DII,994.98,738.8,256.18
2008-02-20,FII/FPI,2876.67,3143.11,-266.44
2008-02-21,DII,748.8,889.48,-140.68
2008-02-21,FII/FPI,2671.51,2462.08,209.43
2008-02-22,DII,679.11,573.62,105.49
2008-02-22,FII/FPI,2254.02,2963.56,-709.54
2008-02-25,DII,986.13,1302.62,-316.49
2008-02-25,FII/FPI,3164.03,2380.17,783.86
2008-02-26,DII,1250.15,738.82,511.33
2008-02-26,FII/FPI,2327.66,2359.65,-31.99
2008-02-27,DII,1365.24,1023.89,341.35
2008-02-27,FII/FPI,3378.0,3027.55,350.45
2008-02-28,DII,2096.11,1363.73,732.38
2008-02-28,FII/FPI,3536.38,4345.48,-809.1
2008-02-29,DII,1719.28,976.49,742.79
2008-02-29,FII/FPI,3712.39,4047.26,-334.87
2008-03-01,DII,2024.5,1497.85,526.65
2008-03-01,FII/FPI,5409.98,5654.54,-244.56
2008-03-03,DII,1283.3,1202.83,80.47
2008-03-03,FII/FPI,3416.87,4128.18,-711.31
2008-03-04,DII,1122.23,856.84,265.39
2008-03-04,FII/FPI,2717.21,3110.62,-393.41
2008-03-06,DII,980.14,717.65,262.49
2008-03-06,FII/FPI,2900.14,3920.84,-1020.7
2008-03-07,DII,1116.88,590.78,526.1
2008-03-07,FII/FPI,3090.22,3697.14,-606.92
2008-03-10,DII,1013.86,957.11,56.75
2008-03-10,FII/FPI,2793.65,4455.91,-1662.26
2008-03-11,DII,848.11,945.14,-97.03
2008-03-11,FII/FPI,2430.17,2066.62,363.55
2008-03-12,DII,739.25,373.01,366.24
2008-03-12,FII/FPI,888.39,1340.5,-452.11
2008-03-13,DII,1173.42,1116.98,56.44
2008-03-13,FII/FPI,3676.08,3784.58,-108.5
2008-03-14,DII,1105.08,1004.75,100.33
2008-03-14,FII/FPI,3396.6,3754.6,-358.0
2008-03-17,DII,1127.88,916.4,211.48
2008-03-17,FII/FPI,3738.31,4396.53,-658.22
2008-03-18,DII,1116.35,939.02,177.33
2008-03-18,FII/FPI,4488.64,5499.69,-1011.05
2008-03-19,DII,1629.04,1486.85,142.19
2008-03-19,FII/FPI,3828.16,3797.62,30.54
2008-03-24,DII,836.61,1089.88,-253.27
2008-03-24,FII/FPI,2884.39,2508.26,376.13
2008-03-25,DII,1413.7,1013.73,399.97
2008-03-25,FII/FPI,5020.45,3774.33,1246.12
2008-03-26,DII,1063.92,1172.57,-108.65
2008-03-26,FII/FPI,3133.5,2739.59,393.91
2008-03-27,DII,1785.81,1445.97,339.84
2008-03-27,FII/FPI,4806.56,4558.58,247.98
2008-03-28,DII,1643.62,914.12,729.5
2008-03-28,FII/FPI,3062.5,3464.45,-401.95
2008-03-31,DII,1880.72,1314.69,566.03
2008-03-31,FII/FPI,2959.05,3824.84,-865.79
2008-04-01,DII,1952.45,1445.6,506.85
2008-04-01,FII/FPI,4542.3,4526.29,16.01
2008-04-02,DII,1644.83,913.0,731.83
2008-04-02,FII/FPI,3341.15,3177.41,163.74
2008-04-03,DII,1145.71,975.48,170.23
2008-04-03,FII/FPI,3553.38,4065.71,-512.33
2008-04-04,DII,1375.67,795.83,579.84
2008-04-04,FII/FPI,2827.05,3675.62,-848.57
2008-04-06,DII,1221.85,802.04,419.81
2008-04-06,FII/FPI,3035.54,4234.34,-1198.8
2008-04-07,DII,685.58,782.6,-97.02
2008-04-07,FII/FPI,2913.7,2541.35,372.35
2008-04-08,DII,826.93,873.9,-46.97
2008-04-08,FII/FPI,1808.44,2316.25,-507.81
2008-04-09,DII,1043.16,612.05,431.11
2008-04-09,FII/FPI,2604.19,3207.47,-603.28
2008-04-11,DII,784.89,959.09,-174.2
2008-04-11,FII/FPI,1954.28,1969.89,-15.61
2008-04-12,DII,684.63,605.39,79.24
2008-04-12,FII/FPI,1707.29,1400.15,307.14
2008-04-15,DII,738.61,725.34,13.27
2008-04-15,FII/FPI,3525.96,3582.48,-56.52
2008-04-16,DII,917.28,1007.36,-90.08
2008-04-16,FII/FPI,2936.94,2986.83,-49.89
2008-04-17,DII,1050.23,1110.1,-59.87
2008-04-17,FII/FPI,4044.04,3446.51,597.53
2008-04-21,DII,947.7,836.12,111.58
2008-04-21,FII/FPI,2855.94,2686.28,169.66
2008-04-22,DII,1048.15,1167.69,-119.54
2008-04-22,FII/FPI,2687.64,2394.68,292.96
2008-04-23,DII,1094.35,1024.31,70.04
2008-04-23,FII/FPI,2736.2,3217.13,-480.93
2008-04-24,DII,1358.92,916.04,442.88
2008-04-24,FII/FPI,3625.42,4384.58,-759.16
2008-04-25,DII,898.11,973.58,-75.47
2008-04-25,FII/FPI,3384.83,3071.74,313.09
2008-04-28,DII,918.44,1085.05,-166.61
2008-04-28,FII/FPI,2509.42,2547.75,-38.33
2008-04-29,DII,1709.68,1306.41,403.27
2008-04-29,FII/FPI,3923.73,3691.55,232.18
2008-04-30,DII,1289.73,1328.31,-38.58
2008-04-30,FII/FPI,3414.15,3565.83,-151.68
2008-05-02,DII,829.99,965.15,-135.16
2008-05-02,FII/FPI,2798.8,2487.02,311.78
2008-05-03,DII,1043.63,1175.31,-131.68
2008-05-03,FII/FPI,2790.24,3075.27,-285.03
2008-05-05,DII,1201.17,744.01,457.16
2008-05-05,FII/FPI,2763.17,2999.98,-236.81
2008-05-06,DII,1506.98,936.95,570.03
2008-05-06,FII/FPI,3803.35,5221.69,-1418.34
2008-05-08,DII,1342.35,1054.95,287.4
2008-05-08,FII/FPI,4202.83,4600.5,-397.67
2008-05-09,DII,1271.8,787.03,484.77
2008-05-09,FII/FPI,1620.66,3477.66,-1857.0
2008-05-11,DII,1116.84,1285.59,-168.75
2008-05-11,FII/FPI,2413.13,2196.73,216.4
2008-05-12,DII,410.13,594.15,-184.02
2008-05-12,FII/FPI,1139.12,1143.64,-4.52
2008-05-13,DII,1363.12,1096.62,266.5
2008-05-13,FII/FPI,2990.62,2916.69,73.93
2008-05-14,DII,1209.49,899.08,310.41
2008-05-14,FII/FPI,2623.16,2538.04,85.12
2008-05-15,DII,1462.48,1099.37,363.11
2008-05-15,FII/FPI,3165.1,2458.22,706.88
2008-05-16,DII,1082.16,690.06,392.1
2008-05-16,FII/FPI,2867.15,2391.28,475.87
2008-05-20,DII,991.94,991.55,0.39
2008-05-20,FII/FPI,3233.35,3553.85,-320.5
2008-05-21,DII,1404.08,951.42,452.66
2008-05-21,FII/FPI,2849.0,3625.63,-776.63
2008-05-22,DII,1345.33,930.17,415.16
2008-05-22,FII/FPI,2226.7,2764.05,-537.35
2008-05-23,DII,1413.72,663.69,750.03
2008-05-23,FII/FPI,2311.52,2965.83,-654.31
2008-05-26,DII,1494.94,652.89,842.05
2008-05-26,FII/FPI,1915.51,3252.84,-1337.33
2008-05-27,DII,1259.46,729.77,529.69
2008-05-27,FII/FPI,2252.41,2749.02,-496.61
2008-05-28,DII,1382.85,854.87,527.98
2008-05-28,FII/FPI,3184.92,4068.15,-883.23
2008-05-29,DII,2033.12,1335.12,698.0
2008-05-29,FII/FPI,4242.32,5519.95,-1277.63
2008-05-30,DII,1748.84,1018.91,729.93
2008-05-30,FII/FPI,4072.09,3965.71,106.38
2008-06-02,DII,1368.0,1010.68,357.32
2008-06-02,FII/FPI,2252.16,2738.1,-485.94
2008-06-05,DII,1177.86,882.51,295.35
2008-06-05,FII/FPI,3079.65,3895.26,-815.61
2008-06-06,DII,1089.55,689.4,400.15
2008-06-06,FII/FPI,2760.42,2683.77,76.65
2008-06-08,DII,1118.92,1923.28,-804.36
2008-06-08,FII/FPI,4925.61,3109.87,1815.74
2008-06-10,DII,1545.99,884.99,661.0
2008-06-10,FII/FPI,2051.23,3220.56,-1169.33
2008-06-11,DII,925.59,574.02,351.57
2008-06-11,FII/FPI,1479.54,1991.07,-511.53
2008-06-13,DII,1086.03,628.7,457.33
2008-06-13,FII/FPI,2724.95,2841.46,-116.51
2008-06-16,DII,794.64,501.59,293.05
2008-06-16,FII/FPI,2297.68,2845.52,-547.84
2008-06-17,DII,1008.21,588.13,420.08
2008-06-17,FII/FPI,2463.2,2320.84,142.36
2008-06-18,DII,791.87,598.23,193.64
2008-06-18,FII/FPI,2471.36,2906.36,-435.0
2008-06-19,DII,680.39,539.32,141.07
2008-06-19,FII/FPI,1656.1,2254.46,-598.36
2008-06-20,DII,1131.3,567.44,563.86
2008-06-20,FII/FPI,2450.96,3450.27,-999.31
2008-06-23,DII,764.63,672.88,91.75
2008-06-23,FII/FPI,2262.79,2928.35,-665.56
2008-06-24,DII,1055.86,579.92,475.94
2008-06-24,FII/FPI,3367.35,3277.29,90.06
2008-06-25,DII,1325.81,795.94,529.87
2008-06-25,FII/FPI,2746.3,3110.01,-363.71
2008-06-26,DII,1414.07,1018.43,395.64
2008-06-26,FII/FPI,4234.28,4901.47,-667.19
2008-06-27,DII,1281.82,976.11,305.71
2008-06-27,FII/FPI,3301.47,4004.58,-703.11
2008-06-30,DII,1312.15,587.97,724.18
2008-06-30,FII/FPI,2930.6,3139.26,-208.66
2008-07-01,DII,1806.64,1479.0,327.64
2008-07-01,FII/FPI,3932.09,5475.53,-1543.44
2008-07-02,DII,994.01,763.31,230.7
2008-07-02,FII/FPI,2141.67,3002.02,-860.35
2008-07-03,DII,1293.36,1360.15,-66.79
2008-07-03,FII/FPI,4879.81,4366.77,513.04
2008-07-04,DII,906.1,660.17,245.93
2008-07-04,FII/FPI,3166.17,2820.13,346.04
2008-07-05,DII,1039.31,804.48,234.83
2008-07-05,FII/FPI,3387.92,3299.62,88.3
2008-07-07,DII,743.71,667.81,75.9
2008-07-07,FII/FPI,1668.6,2108.17,-439.57
2008-07-08,DII,735.76,711.66,24.1
2008-07-08,FII/FPI,2338.41,2561.6,-223.19
2008-07-10,DII,1522.85,974.56,548.29
2008-07-10,FII/FPI,2737.0,3417.42,-680.42
2008-07-11,DII,326.16,473.24,-147.08
2008-07-11,FII/FPI,1255.65,1274.92,-19.27
2008-07-14,DII,623.64,686.89,-63.25
2008-07-14,FII/FPI,1855.3,2291.82,-436.52
2008-07-15,DII,1018.74,735.34,283.4
2008-07-15,FII/FPI,2298.93,3001.63,-702.7
2008-07-16,DII,755.95,741.83,14.12
2008-07-16,FII/FPI,2688.43,2917.43,-229.0
2008-07-17,DII,996.16,828.14,168.02
2008-07-17,FII/FPI,2774.51,2464.06,310.45
2008-07-18,DII,1000.27,1070.74,-70.47
2008-07-18,FII/FPI,2891.83,2483.62,408.21
2008-07-21,DII,944.22,1175.18,-230.96
2008-07-21,FII/FPI,2145.34,2207.56,-62.22
2008-07-22,DII,1368.14,1106.53,261.61
2008-07-22,FII/FPI,2113.75,2711.1,-597.35
2008-07-23,DII,1920.08,2795.3,-875.22
2008-07-23,FII/FPI,5749.67,4443.11,1306.56
2008-07-24,DII,1075.39,1685.07,-609.68
2008-07-24,FII/FPI,3713.76,3441.4,272.36
2008-07-25,DII,1108.77,1411.18,-302.41
2008-07-25,FII/FPI,2916.66,3482.39,-565.73
2008-07-28,DII,1084.7,628.03,456.67
2008-07-28,FII/FPI,1631.81,2353.71,-721.9
2008-07-29,DII,811.16,1065.75,-254.59
2008-07-29,FII/FPI,2207.8,2746.07,-538.27
2008-07-30,DII,1536.0,863.88,672.12
2008-07-30,FII/FPI,2266.0,2894.47,-628.47
2008-07-31,DII,1428.76,1108.19,320.57
2008-07-31,FII/FPI,3815.27,3320.4,494.87
2008-08-01,DII,1630.66,1538.58,92.08
2008-08-01,FII/FPI,5352.37,4781.72,570.65
2008-08-02,DII,1106.6,913.62,192.98
2008-08-02,FII/FPI,2687.06,3484.31,-797.25
2008-08-04,DII,1087.03,639.24,447.79
2008-08-04,FII/FPI,2611.91,2604.64,7.27
2008-08-05,DII,1344.41,734.9,609.51
2008-08-05,FII/FPI,2529.43,3253.92,-724.49
2008-08-07,DII,863.73,436.46,427.27
2008-08-07,FII/FPI,1873.67,2199.94,-326.27
2008-08-08,DII,846.77,830.48,16.29
2008-08-08,FII/FPI,1947.8,2090.02,-142.22
2008-08-09,DII,805.68,938.3,-132.62
2008-08-09,FII/FPI,3155.98,2902.55,253.43
2008-08-10,DII,2060.01,976.45,1083.56
2008-08-10,FII/FPI,3016.37,4071.88,-1055.51
2008-08-12,DII,619.06,1236.11,-617.05
2008-08-12,FII/FPI,1670.12,1319.78,350.34
2008-08-13,DII,892.39,666.27,226.12
2008-08-13,FII/FPI,1712.37,2627.95,-915.58
2008-08-14,DII,812.05,788.73,23.32
2008-08-14,FII/FPI,1752.94,2326.92,-573.98
2008-08-18,DII,633.35,504.44,128.91
2008-08-18,FII/FPI,1682.95,2158.45,-475.5
2008-08-19,DII,500.74,486.18,14.56
2008-08-19,FII/FPI,1146.65,1863.0,-716.35
2008-08-20,DII,575.42,369.82,205.6
2008-08-20,FII/FPI,1724.89,2172.23,-447.34
2008-08-21,DII,757.15,412.26,344.89
2008-08-21,FII/FPI,1165.72,1711.43,-545.71
2008-08-22,DII,858.77,408.38,450.39
2008-08-22,FII/FPI,1624.02,1863.26,-239.24
2008-08-25,DII,538.85,442.59,96.26
2008-08-25,FII/FPI,1289.21,1226.29,62.92
2008-08-26,DII,764.89,487.97,276.92
2008-08-26,FII/FPI,1418.91,1990.95,-572.04
2008-08-27,DII,757.28,594.01,163.27
2008-08-27,FII/FPI,1751.75,1784.24,-32.49
2008-08-28,DII,1260.3,869.68,390.62
2008-08-28,FII/FPI,3306.44,3493.63,-187.19
2008-08-29,DII,975.75,694.68,281.07
2008-08-29,FII/FPI,2598.5,2963.11,-364.61
2008-09-01,DII,1206.0,1120.49,85.51
2008-09-01,FII/FPI,4465.9,4857.93,-392.03
2008-09-04,DII,1049.51,573.7,475.81
2008-09-04,FII/FPI,2039.54,2346.81,-307.27
2008-09-05,DII,1261.4,1081.24,180.16
2008-09-05,FII/FPI,3304.2,3923.54,-619.34
2008-09-06,DII,1842.1,811.84,1030.26
2008-09-06,FII/FPI,2546.86,3891.53,-1344.67
2008-09-07,DII,825.04,685.82,139.22
2008-09-07,FII/FPI,2501.15,2936.69,-435.54
2008-09-09,DII,774.31,668.04,106.27
2008-09-09,FII/FPI,1748.71,2140.24,-391.53
2008-09-15,DII,1921.85,593.71,1328.14
2008-09-15,FII/FPI,2470.6,3233.62,-763.02
2008-09-16,DII,1368.69,756.33,612.36
2008-09-16,FII/FPI,3071.9,4375.31,-1303.41
2008-09-17,DII,1433.38,484.45,948.93
2008-09-17,FII/FPI,3578.68,4642.85,-1064.17
2008-09-18,DII,1849.8,657.6,1192.2
2008-09-18,FII/FPI,6870.52,8072.16,-1201.64
2008-09-19,DII,1360.13,1316.22,43.91
2008-09-19,FII/FPI,6609.58,5593.4,1016.18
2008-09-22,DII,811.29,1017.41,-206.12
2008-09-22,FII/FPI,3194.0,3055.79,138.21
2008-09-23,DII,811.74,742.97,68.77
2008-09-23,FII/FPI,1928.93,2853.33,-924.4
2008-09-24,DII,1037.16,866.98,170.18
2008-09-24,FII/FPI,3352.72,3847.12,-494.4
2008-09-25,DII,1496.58,890.99,605.59
2008-09-25,FII/FPI,4223.52,5273.9,-1050.38
2008-09-26,DII,1223.46,679.89,543.57
2008-09-26,FII/FPI,2731.7,3374.74,-643.04
2008-09-29,DII,1338.58,783.76,554.82
2008-09-29,FII/FPI,3392.16,3869.1,-476.94
2008-09-30,DII,1250.43,856.32,394.11
2008-09-30,FII/FPI,4122.69,4108.53,14.16
2008-10-01,DII,1751.98,1363.25,388.73
2008-10-01,FII/FPI,4104.09,4357.43,-253.34
2008-10-03,DII,1878.29,1119.5,758.79
2008-10-03,FII/FPI,4333.84,5581.88,-1248.04
2008-10-04,DII,1286.24,691.76,594.48
2008-10-04,FII/FPI,2532.8,2995.14,-462.34
2008-10-06,DII,1473.2,1176.81,296.39
2008-10-06,FII/FPI,3310.16,4220.32,-910.16
2008-10-07,DII,562.1,674.56,-112.46
2008-10-07,FII/FPI,1896.89,2448.56,-551.67
2008-10-09,DII,1173.15,680.59,492.56
2008-10-09,FII/FPI,2546.92,3584.2,-1037.28
2008-10-10,DII,2841.44,1096.76,1744.68
2008-10-10,FII/FPI,3880.08,6393.82,-2513.74
2008-10-11,DII,998.28,620.62,377.66
2008-10-11,FII/FPI,1659.7,1567.37,92.33
2008-10-12,DII,808.69,867.7,-59.01
2008-10-12,FII/FPI,2603.96,1653.31,950.65
2008-10-13,DII,1301.06,718.75,582.31
2008-10-13,FII/FPI,2864.1,3924.7,-1060.6
2008-10-14,DII,859.71,1112.08,-252.37
2008-10-14,FII/FPI,3829.76,2931.51,898.25
2008-10-15,DII,1472.38,802.42,669.96
2008-10-15,FII/FPI,1887.99,2918.78,-1030.79
2008-10-16,DII,1465.47,727.7,737.77
2008-10-16,FII/FPI,2310.01,3470.64,-1160.63
2008-10-17,DII,1363.16,650.39,712.77
2008-10-17,FII/FPI,2308.4,3223.94,-915.54
2008-10-20,DII,775.83,559.4,216.43
2008-10-20,FII/FPI,1934.53,2751.32,-816.79
2008-10-21,DII,1510.64,626.88,883.76
2008-10-21,FII/FPI,2369.09,2627.51,-258.42
2008-10-22,DII,969.84,565.79,404.05
2008-10-22,FII/FPI,1722.32,2266.27,-543.95
2008-10-23,DII,1269.1,649.19,619.91
2008-10-23,FII/FPI,1971.52,2783.21,-811.69
2008-10-24,DII,1393.99,879.73,514.26
2008-10-24,FII/FPI,2253.1,3684.66,-1431.56
2008-10-27,DII,1414.57,498.39,916.18
2008-10-27,FII/FPI,1683.23,2710.53,-1027.3
2008-10-28,DII,33.99,9.21,24.78
2008-10-28,FII/FPI,98.02,167.2,-69.18
2008-10-29,DII,1410.76,671.1,739.66
2008-10-29,FII/FPI,2684.02,3990.37,-1306.35
2008-10-31,DII,1184.64,1300.74,-116.1
2008-10-31,FII/FPI,4129.22,2892.01,1237.21
2008-11-01,DII,1298.51,1296.59,1.92
2008-11-01,FII/FPI,3807.29,3699.89,107.4
2008-11-02,DII,1350.58,1372.85,-22.27
2008-11-02,FII/FPI,5248.04,6516.71,-1268.67
2008-11-03,DII,1433.67,1130.31,303.36
2008-11-03,FII/FPI,4541.54,5080.78,-539.24
2008-11-04,DII,1067.31,741.27,326.04
2008-11-04,FII/FPI,2606.18,2779.18,-173.0
2008-11-06,DII,1158.45,611.98,546.47
2008-11-06,FII/FPI,3768.09,3985.36,-217.27
2008-11-07,DII,933.74,719.0,214.74
2008-11-07,FII/FPI,2253.62,2721.29,-467.67
2008-11-08,DII,1162.37,657.07,505.3
2008-11-08,FII/FPI,2930.77,2650.16,280.61
2008-11-09,DII,1287.47,700.88,586.59
2008-11-09,FII/FPI,2232.48,3739.44,-1506.96
2008-11-11,DII,854.95,625.83,229.12
2008-11-11,FII/FPI,1349.1,1720.05,-370.95
2008-11-12,DII,774.35,789.72,-15.37
2008-11-12,FII/FPI,2051.21,1607.03,444.18
2008-11-14,DII,645.7,670.85,-25.15
2008-11-14,FII/FPI,2111.78,2923.3,-811.52
2008-11-17,DII,691.46,869.69,-178.23
2008-11-17,FII/FPI,1583.66,2104.82,-521.16
2008-11-18,DII,947.18,488.58,458.6
2008-11-18,FII/FPI,1118.71,1560.3,-441.59
2008-11-19,DII,836.97,641.26,195.71
2008-11-19,FII/FPI,1845.35,2110.33,-264.98
2008-11-20,DII,1002.66,575.71,426.95
2008-11-20,FII/FPI,998.23,1761.17,-762.94
2008-11-21,DII,814.41,768.19,46.22
2008-11-21,FII/FPI,1081.08,1786.64,-705.56
2008-11-24,DII,804.31,579.41,224.9
2008-11-24,FII/FPI,1051.76,1612.59,-560.83
2008-11-25,DII,758.55,603.46,155.09
2008-11-25,FII/FPI,1394.65,1556.53,-161.88
2008-11-26,DII,852.09,490.04,362.05
2008-11-26,FII/FPI,1298.95,1715.77,-416.82
2008-11-28,DII,1208.85,587.61,621.24
2008-11-28,FII/FPI,2027.21,1858.67,168.54
2008-12-02,DII,1202.97,851.81,351.16
2008-12-02,FII/FPI,3161.79,3659.85,-498.06
2008-12-03,DII,752.32,1280.38,-528.06
2008-12-03,FII/FPI,3962.67,3834.73,127.94
2008-12-05,DII,909.89,668.88,241.01
2008-12-05,FII/FPI,2322.01,2532.58,-210.57
2008-12-06,DII,1135.43,634.99,500.44
2008-12-06,FII/FPI,3164.42,4375.62,-1211.2
2008-12-08,DII,1151.5,1159.15,-7.65
2008-12-08,FII/FPI,2445.6,3132.79,-687.19
2008-12-09,DII,1273.64,578.23,695.41
2008-12-09,FII/FPI,2377.28,3874.95,-1497.67
2008-12-11,DII,779.15,563.67,215.48
2008-12-11,FII/FPI,1040.97,1776.11,-735.14
2008-12-12,DII,886.49,560.68,325.81
2008-12-12,FII/FPI,1520.0,1536.52,-16.52
2008-12-15,DII,836.32,793.6,42.72
2008-12-15,FII/FPI,1775.65,1545.17,230.48
2008-12-16,DII,816.46,855.86,-39.4
2008-12-16,FII/FPI,1620.3,1613.88,6.42
2008-12-17,DII,927.03,1024.85,-97.82
2008-12-17,FII/FPI,2298.15,2486.8,-188.65
2008-12-18,DII,967.78,1323.77,-355.99
2008-12-18,FII/FPI,2151.95,2185.12,-33.17
2008-12-19,DII,1238.55,827.7,410.85
2008-12-19,FII/FPI,2161.37,1782.94,378.43
2008-12-22,DII,733.17,525.62,207.55
2008-12-22,FII/FPI,960.14,1151.63,-191.49
2008-12-23,DII,705.49,617.31,88.18
2008-12-23,FII/FPI,657.34,921.39,-264.05
2008-12-24,DII,1197.12,583.14,613.98
2008-12-24,FII/FPI,1091.26,1235.52,-144.26
2008-12-26,DII,582.66,589.61,-6.95
2008-12-26,FII/FPI,207.09,552.0,-344.91
2008-12-29,DII,683.76,440.55,243.21
2008-12-29,FII/FPI,819.26,814.84,4.42
2008-12-30,DII,699.73,324.08,375.65
2008-12-30,FII/FPI,885.05,670.1,214.95
2008-12-31,DII,810.4,436.44,373.96
2008-12-31,FII/FPI,588.79,506.94,81.85
2009-01-01,DII,598.23,437.82,160.41
2009-01-01,FII/FPI,260.28,168.24,92.04
2009-01-04,DII,622.22,610.62,11.6
2009-01-04,FII/FPI,1688.99,1515.24,173.75
2009-01-06,DII,1660.4,1857.14,-196.74
2009-01-06,FII/FPI,3595.98,3316.31,279.67
2009-01-07,DII,899.91,976.29,-76.38
2009-01-07,FII/FPI,1439.39,1253.81,185.58
2009-01-09,DII,1759.07,1392.18,366.89
2009-01-09,FII/FPI,2444.21,3080.15,-635.94
2009-01-10,DII,1326.97,1658.6,-331.63
2009-01-10,FII/FPI,4334.59,3358.13,976.46
2009-01-12,DII,1149.17,1274.24,-125.07
2009-01-12,FII/FPI,2951.44,2372.35,579.09
2009-01-13,DII,825.63,673.05,152.58
2009-01-13,FII/FPI,1598.79,1944.57,-345.78
2009-01-14,DII,551.96,540.98,10.98
2009-01-14,FII/FPI,1655.45,1564.01,91.44
2009-01-15,DII,838.22,663.1,175.12
2009-01-15,FII/FPI,1326.66,1810.99,-484.33
2009-01-16,DII,877.88,477.15,400.73
2009-01-16,FII/FPI,803.68,1389.09,-585.41
2009-01-19,DII,544.52,268.55,275.97
2009-01-19,FII/FPI,769.63,1133.0,-363.37
2009-01-20,DII,714.31,529.26,185.05
2009-01-20,FII/FPI,786.51,1094.66,-308.15
2009-01-21,DII,927.22,644.49,282.73
2009-01-21,FII/FPI,863.51,1650.13,-786.62
2009-01-22,DII,671.53,667.57,3.96
2009-01-22,FII/FPI,1232.91,1537.36,-304.45
2009-01-23,DII,1078.06,874.08,203.98
2009-01-23,FII/FPI,957.65,1480.56,-522.91
2009-01-27,DII,940.64,801.0,139.64
2009-01-27,FII/FPI,1348.99,1577.55,-228.56
2009-01-28,DII,1259.91,658.03,601.88
2009-01-28,FII/FPI,1539.53,1756.85,-217.32
2009-01-29,DII,1529.16,949.05,580.11
2009-01-29,FII/FPI,2066.04,2150.68,-84.64
2009-01-30,DII,1132.93,734.54,398.39
2009-01-30,FII/FPI,1301.52,1365.67,-64.15
2009-02-01,DII,910.03,671.51,238.52
2009-02-01,FII/FPI,842.3,721.12,121.18
2009-02-02,DII,642.06,803.44,-161.38
2009-02-02,FII/FPI,1239.19,1364.87,-125.68
2009-02-03,DII,856.33,522.2,334.13
2009-02-03,FII/FPI,825.22,1405.65,-580.43
2009-02-04,DII,1507.66,1252.95,254.71
2009-02-04,FII/FPI,2709.2,2017.64,691.56
2009-02-06,DII,1615.88,2040.02,-424.14
2009-02-06,FII/FPI,3757.39,3990.68,-233.29
2009-02-07,DII,1522.07,1309.42,212.65
2009-02-07,FII/FPI,2256.64,2009.38,247.26
2009-02-12,DII,1560.79,1774.43,-213.64
2009-02-12,FII/FPI,3535.72,2650.07,885.65
2009-02-13,DII,774.71,558.34,216.37
2009-02-13,FII/FPI,1233.91,1247.06,-13.15
2009-02-16,DII,757.48,567.96,189.52
2009-02-16,FII/FPI,1119.75,1165.08,-45.33
2009-02-17,DII,961.38,682.96,278.42
2009-02-17,FII/FPI,1125.52,1587.73,-462.21
2009-02-18,DII,525.58,423.24,102.34
2009-02-18,FII/FPI,960.41,1248.86,-288.45
2009-02-19,DII,578.54,470.1,108.44
2009-02-19,FII/FPI,809.57,1173.05,-363.48
2009-02-20,DII,742.66,575.48,167.18
2009-02-20,FII/FPI,956.27,1157.44,-201.17
2009-02-24,DII,778.32,419.61,358.71
2009-02-24,FII/FPI,703.32,1134.5,-431.18
2009-02-25,DII,752.76,384.92,367.84
2009-02-25,FII/FPI,831.33,1215.7,-384.37
2009-02-26,DII,1196.69,852.16,344.53
2009-02-26,FII/FPI,1613.09,1887.03,-273.94
2009-02-27,DII,1181.59,532.33,649.26
2009-02-27,FII/FPI,1824.15,2287.18,-463.03
2009-03-02,DII,704.56,712.31,-7.75
2009-03-02,FII/FPI,1137.8,1416.69,-278.89
2009-03-03,DII,904.94,381.37,523.57
2009-03-03,FII/FPI,641.28,1382.61,-741.33
2009-03-06,DII,1428.23,1375.34,52.89
2009-03-06,FII/FPI,3350.36,3317.56,32.8
2009-03-07,DII,1178.03,879.45,298.58
2009-03-07,FII/FPI,1985.55,1774.73,210.82
2009-03-08,DII,884.72,823.71,61.01
2009-03-08,FII/FPI,1748.87,1401.86,347.01
2009-03-09,DII,1381.35,998.86,382.49
2009-03-09,FII/FPI,1924.3,1996.99,-72.69
2009-03-11,DII,2159.11,1407.16,751.95
2009-03-11,FII/FPI,2839.92,3714.18,-874.26
2009-03-12,DII,1129.83,1329.74,-199.91
2009-03-12,FII/FPI,2340.48,2006.41,334.07
2009-03-13,DII,1076.65,683.97,392.68
2009-03-13,FII/FPI,2187.88,1888.65,299.23
2009-03-16,DII,810.18,556.79,253.39
2009-03-16,FII/FPI,1318.24,1420.58,-102.34
2009-03-17,DII,657.66,810.36,-152.7
2009-03-17,FII/FPI,1602.29,1187.17,415.12
2009-03-18,DII,1189.44,663.1,526.34
2009-03-18,FII/FPI,1719.9,1497.76,222.14
2009-03-19,DII,622.57,641.32,-18.75
2009-03-19,FII/FPI,1298.13,1275.13,23.0
2009-03-20,DII,600.9,694.93,-94.03
2009-03-20,FII/FPI,1108.73,1257.91,-149.18
2009-03-23,DII,1177.45,800.94,376.51
2009-03-23,FII/FPI,1466.95,1090.72,376.23
2009-03-24,DII,1290.55,1483.54,-192.99
2009-03-24,FII/FPI,2077.6,1575.84,501.76
2009-03-25,DII,851.64,842.72,8.92
2009-03-25,FII/FPI,1832.55,1483.9,348.65
2009-03-26,DII,1452.36,1914.23,-461.87
2009-03-26,FII/FPI,3517.12,2226.38,1290.74
2009-03-27,DII,816.61,773.63,42.98
2009-03-27,FII/FPI,1906.29,1825.86,80.43
2009-03-30,DII,929.48,978.86,-49.38
2009-03-30,FII/FPI,1422.45,1874.77,-452.32
2009-03-31,DII,2120.72,1081.65,1039.07
2009-03-31,FII/FPI,1674.34,2257.99,-583.65
2009-04-02,DII,792.64,508.64,284.0
2009-04-02,FII/FPI,1253.86,1280.94,-27.08
2009-04-03,DII,692.02,573.16,118.86
2009-04-03,FII/FPI,889.13,1383.35,-494.22
2009-04-05,DII,1155.64,1248.24,-92.6
2009-04-05,FII/FPI,3764.58,2347.3,1417.28
2009-04-06,DII,1352.23,1882.43,-530.2
2009-04-06,FII/FPI,3527.7,3062.36,465.34
2009-04-08,DII,1487.37,1234.08,253.29
2009-04-08,FII/FPI,2707.94,2488.84,219.1
2009-04-09,DII,986.9,992.25,-5.35
2009-04-09,FII/FPI,1912.07,2311.99,-399.92
2009-04-11,DII,1723.15,1165.96,557.19
2009-04-11,FII/FPI,2676.48,2442.17,234.31
2009-04-12,DII,1036.44,1093.08,-56.64
2009-04-12,FII/FPI,2029.41,1831.27,198.14
2009-04-13,DII,844.73,996.98,-152.25
2009-04-13,FII/FPI,2041.24,1460.75,580.49
2009-04-15,DII,1646.8,1356.58,290.22
2009-04-15,FII/FPI,3893.83,3209.33,684.5
2009-04-16,DII,839.7,1963.94,-1124.24
2009-04-16,FII/FPI,3101.83,2622.74,479.09
2009-04-17,DII,1410.38,1227.68,182.7
2009-04-17,FII/FPI,2488.25,1818.4,669.85
2009-04-20,DII,956.63,847.73,108.9
2009-04-20,FII/FPI,1812.02,1463.97,348.05
2009-04-21,DII,827.16,1014.85,-187.69
2009-04-21,FII/FPI,1467.71,1658.72,-191.01
2009-04-22,DII,1005.99,923.74,82.25
2009-04-22,FII/FPI,1406.05,1406.88,-0.83
2009-04-23,DII,1122.86,697.03,425.83
2009-04-23,FII/FPI,1402.94,1161.81,241.13
2009-04-24,DII,948.07,932.76,15.31
2009-04-24,FII/FPI,1966.97,1390.2,576.77
2009-04-27,DII,1071.18,1003.12,68.06
2009-04-27,FII/FPI,2097.57,1840.19,257.38
2009-04-28,DII,916.74,1118.89,-202.15
2009-04-28,FII/FPI,1485.62,1742.47,-256.85
2009-04-29,DII,1124.76,1528.75,-403.99
2009-04-29,FII/FPI,2853.31,2488.08,365.23
2009-05-01,DII,982.13,761.31,220.82
2009-05-01,FII/FPI,1714.63,1245.07,469.56
2009-05-02,DII,419.64,520.36,-100.72
2009-05-02,FII/FPI,1211.65,1238.62,-26.97
2009-05-03,DII,1127.91,648.87,479.04
2009-05-03,FII/FPI,1533.35,2124.27,-590.92
2009-05-05,DII,958.99,1088.84,-129.85
2009-05-05,FII/FPI,2862.56,2354.05,508.51
2009-05-06,DII,1436.44,1916.57,-480.13
2009-05-06,FII/FPI,4022.61,3190.66,831.95
2009-05-08,DII,1083.12,1107.02,-23.9
2009-05-08,FII/FPI,1857.12,2547.65,-690.53
2009-05-10,DII,1211.39,1779.14,-567.75
2009-05-10,FII/FPI,3735.95,4045.96,-310.01
2009-05-11,DII,1337.04,1137.54,199.5
2009-05-11,FII/FPI,2015.84,1888.9,126.94
2009-05-13,DII,957.19,851.46,105.73
2009-05-13,FII/FPI,6082.6,1975.64,4106.96
2009-05-14,DII,1039.62,785.32,254.3
2009-05-14,FII/FPI,1550.33,1852.25,-301.92
2009-05-15,DII,1340.6,908.13,432.47
2009-05-15,FII/FPI,2672.13,1688.27,983.86
2009-05-18,DII,41.62,50.03,-8.41
2009-05-18,FII/FPI,56.91,12.27,44.64
2009-05-19,DII,2658.97,4623.16,-1964.19
2009-05-19,FII/FPI,12405.89,7613.33,4792.56
2009-05-20,DII,2311.03,2306.04,4.99
2009-05-20,FII/FPI,5631.8,6617.33,-985.53
2009-05-21,DII,1550.76,1922.24,-371.48
2009-05-21,FII/FPI,3766.9,3769.04,-2.14
2009-05-22,DII,1420.21,985.68,434.53
2009-05-22,FII/FPI,2388.69,3150.35,-761.66
2009-05-25,DII,1380.14,1182.46,197.68
2009-05-25,FII/FPI,2380.73,1952.76,427.97
2009-05-26,DII,1154.58,1292.77,-138.19
2009-05-26,FII/FPI,2237.63,2434.65,-197.02
2009-05-27,DII,2190.65,1505.01,685.64
2009-05-27,FII/FPI,3957.85,3588.05,369.8
2009-05-28,DII,1942.55,2393.8,-451.25
2009-05-28,FII/FPI,5877.39,4017.8,1859.59
2009-05-29,DII,2549.55,1676.55,873.0
2009-05-29,FII/FPI,5537.57,5264.8,272.77
2009-06-01,DII,831.75,843.56,-11.81
2009-06-01,FII/FPI,2276.4,1902.38,374.02
2009-06-02,DII,518.2,386.53,131.67
2009-06-02,FII/FPI,1273.17,1155.94,117.23
2009-06-03,DII,672.6,373.66,298.94
2009-06-03,FII/FPI,1788.28,2062.96,-274.68
2009-06-04,DII,948.71,1030.47,-81.76
2009-06-04,FII/FPI,2628.42,2431.68,196.74
2009-06-05,DII,1170.85,1199.11,-28.26
2009-06-05,FII/FPI,2799.68,2268.76,530.92
2009-06-07,DII,2663.35,1847.64,815.71
2009-06-07,FII/FPI,2137.3,3620.33,-1483.03
2009-06-08,DII,1524.08,1266.68,257.4
2009-06-08,FII/FPI,2509.11,2880.52,-371.41
2009-06-10,DII,1354.51,2122.08,-767.57
2009-06-10,FII/FPI,4060.84,4217.81,-156.97
2009-06-11,DII,1347.32,1110.7,236.62
2009-06-11,FII/FPI,3390.14,2803.12,587.02
2009-06-15,DII,1129.42,1716.05,-586.63
2009-06-15,FII/FPI,2217.05,2628.59,-411.54
2009-06-16,DII,1351.9,1206.78,145.12
2009-06-16,FII/FPI,2050.76,2779.27,-728.51
2009-06-17,DII,1651.15,1082.05,569.1
2009-06-17,FII/FPI,2060.67,2424.66,-363.99
2009-06-18,DII,1878.4,1339.51,538.89
2009-06-18,FII/FPI,2037.96,2622.83,-584.87
2009-06-19,DII,1558.05,1144.85,413.2
2009-06-19,FII/FPI,1848.44,1877.52,-29.08
2009-06-22,DII,1349.44,935.7,413.74
2009-06-22,FII/FPI,1586.64,1886.93,-300.29
2009-06-23,DII,1701.44,1383.02,318.42
2009-06-23,FII/FPI,1917.65,2572.62,-654.97
2009-06-24,DII,1661.94,933.68,728.26
2009-06-24,FII/FPI,1551.93,2343.78,-791.85
2009-06-25,DII,2490.58,1372.53,1118.05
2009-06-25,FII/FPI,4024.92,5507.74,-1482.82
2009-06-26,DII,1546.78,1212.83,333.95
2009-06-26,FII/FPI,2512.02,1960.88,551.14
2009-06-29,DII,1371.32,1227.48,143.84
2009-06-29,FII/FPI,2390.09,2097.65,292.44
2009-06-30,DII,1697.34,1499.36,197.98
2009-06-30,FII/FPI,2942.84,2834.96,107.88
2009-07-01,DII,1103.47,1608.96,-505.49
2009-07-01,FII/FPI,2496.52,3607.77,-1111.25
2009-07-05,DII,832.55,790.15,42.4
2009-07-05,FII/FPI,1874.19,1485.86,388.33
2009-07-07,DII,2021.53,1231.37,790.16
2009-07-07,FII/FPI,2258.29,3179.68,-921.39
2009-07-08,DII,1726.0,1311.57,414.43
2009-07-08,FII/FPI,1925.66,2976.47,-1050.81
2009-07-09,DII,1457.03,1307.07,149.96
2009-07-09,FII/FPI,3001.83,1941.21,1060.62
2009-07-10,DII,1668.72,1367.12,301.6
2009-07-10,FII/FPI,4007.09,3372.55,634.54
2009-07-12,DII,1113.79,1299.04,-185.25
2009-07-12,FII/FPI,1898.86,2090.36,-191.5
2009-07-13,DII,1555.53,813.27,742.26
2009-07-13,FII/FPI,1360.52,1919.75,-559.23
2009-07-14,DII,1092.83,892.54,200.29
2009-07-14,FII/FPI,1778.09,1690.86,87.23
2009-07-15,DII,1261.15,988.18,272.97
2009-07-15,FII/FPI,2134.55,1879.09,255.46
2009-07-16,DII,1266.13,1301.15,-35.02
2009-07-16,FII/FPI,2516.6,2484.23,32.37
2009-07-17,DII,1709.76,1174.4,535.36
2009-07-17,FII/FPI,2786.83,2644.68,142.15
2009-07-20,DII,1473.82,1321.97,151.85
2009-07-20,FII/FPI,2498.66,1935.46,563.2
2009-07-21,DII,1216.88,1224.32,-7.44
2009-07-21,FII/FPI,2392.5,2643.36,-250.86
2009-07-22,DII,1314.55,1539.13,-224.58
2009-07-22,FII/FPI,2811.89,2745.05,66.84
2009-07-23,DII,1408.89,1443.05,-34.16
2009-07-23,FII/FPI,5116.02,4604.08,511.94
2009-07-24,DII,1302.52,1509.07,-206.55
2009-07-24,FII/FPI,3061.7,2398.68,663.02
2009-07-27,DII,1381.31,1660.28,-278.97
2009-07-27,FII/FPI,2946.97,2507.43,439.54
2009-07-28,DII,1682.61,1234.39,448.22
2009-07-28,FII/FPI,3459.31,3518.07,-58.76
2009-07-29,DII,1703.66,1577.43,126.23
2009-07-29,FII/FPI,2533.12,2701.91,-168.79
2009-07-30,DII,1962.92,2249.59,-286.67
2009-07-30,FII/FPI,4759.84,4393.03,366.81
2009-07-31,DII,1642.11,1326.0,316.11
2009-07-31,FII/FPI,2875.31,2293.19,582.12
2009-08-04,DII,869.6,1247.82,-378.22
2009-08-04,FII/FPI,3750.95,3177.62,573.33
2009-08-05,DII,895.29,984.68,-89.39
2009-08-05,FII/FPI,3108.57,3209.46,-100.89
2009-08-06,DII,1019.38,1895.3,-875.92
2009-08-06,FII/FPI,2424.2,2438.67,-14.47
2009-08-07,DII,1983.81,1389.74,594.07
2009-08-07,FII/FPI,2002.64,2830.65,-828.01
2009-08-09,DII,1605.64,1399.39,206.25
2009-08-09,FII/FPI,3907.76,2916.01,991.75
2009-08-10,DII,1810.13,1830.96,-20.83
2009-08-10,FII/FPI,4090.81,4466.81,-376.0
2009-08-12,DII,1087.3,1591.28,-503.98
2009-08-12,FII/FPI,2809.96,1966.78,843.18
2009-08-13,DII,1285.34,1102.49,182.85
2009-08-13,FII/FPI,2698.97,2068.03,630.94
2009-08-14,DII,1220.88,777.14,443.74
2009-08-14,FII/FPI,1535.22,1661.32,-126.1
2009-08-17,DII,1744.91,1284.59,460.32
2009-08-17,FII/FPI,1583.39,2809.88,-1226.49
2009-08-18,DII,1327.46,860.02,467.44
2009-08-18,FII/FPI,1658.39,2380.23,-721.84
2009-08-19,DII,867.91,784.14,83.77
2009-08-19,FII/FPI,1992.12,2614.18,-622.06
2009-08-20,DII,1343.26,853.84,489.42
2009-08-20,FII/FPI,1766.64,2204.83,-438.19
2009-08-21,DII,1069.99,974.27,95.72
2009-08-21,FII/FPI,2414.84,1882.04,532.8
2009-08-24,DII,1338.32,1063.26,275.06
2009-08-24,FII/FPI,2489.5,1777.96,711.54
2009-08-25,DII,1445.19,1008.6,436.59
2009-08-25,FII/FPI,1930.59,2189.73,-259.14
2009-08-26,DII,1612.74,1484.09,128.65
2009-08-26,FII/FPI,2289.71,1911.17,378.54
2009-08-27,DII,1772.3,1743.08,29.22
2009-08-27,FII/FPI,2920.51,2961.98,-41.47
2009-08-28,DII,1340.7,1335.24,5.46
2009-08-28,FII/FPI,2128.65,1574.34,554.31
2009-08-31,DII,1370.83,1352.18,18.65
2009-08-31,FII/FPI,2573.76,2844.61,-270.85
2009-09-01,DII,1158.45,1171.71,-13.26
2009-09-01,FII/FPI,2836.68,3187.23,-350.55
2009-09-02,DII,650.51,696.49,-45.98
2009-09-02,FII/FPI,1290.27,1004.88,285.39
2009-09-03,DII,680.25,380.53,299.72
2009-09-03,FII/FPI,974.01,1058.95,-84.94
2009-09-04,DII,1208.45,900.06,308.39
2009-09-04,FII/FPI,2076.63,1905.71,170.92
2009-09-06,DII,1448.84,1592.05,-143.21
2009-09-06,FII/FPI,3841.61,2886.3,955.31
2009-09-07,DII,1295.04,716.88,578.16
2009-09-07,FII/FPI,2164.88,2710.43,-545.55
2009-09-09,DII,1619.41,1380.72,238.69
2009-09-09,FII/FPI,3085.48,2892.12,193.36
2009-09-10,DII,1806.91,1720.19,86.72
2009-09-10,FII/FPI,3127.01,3171.28,-44.27
2009-09-11,DII,1118.01,1405.27,-287.26
2009-09-11,FII/FPI,2206.36,1728.67,477.69
2009-09-12,DII,1347.98,1329.11,18.87
2009-09-12,FII/FPI,2055.83,2433.15,-377.32
2009-09-14,DII,1168.69,1174.8,-6.11
2009-09-14,FII/FPI,1621.53,1665.93,-44.4
2009-09-15,DII,1541.45,1408.01,133.44
2009-09-15,FII/FPI,2856.46,2080.36,776.1
2009-09-16,DII,1723.46,1580.01,143.45
2009-09-16,FII/FPI,3631.16,2525.52,1105.64
2009-09-17,DII,1820.48,1634.24,186.24
2009-09-17,FII/FPI,6122.95,3363.49,2759.46
2009-09-18,DII,1213.82,1719.2,-505.38
2009-09-18,FII/FPI,4155.4,2669.32,1486.08
2009-09-22,DII,894.92,1434.06,-539.14
2009-09-22,FII/FPI,2754.2,1901.47,852.73
2009-09-23,DII,1637.48,1137.01,500.47
2009-09-23,FII/FPI,4331.49,2582.5,1748.99
2009-09-24,DII,1593.65,2210.42,-616.77
2009-09-24,FII/FPI,5772.87,4711.35,1061.52
2009-09-25,DII,1175.86,948.6,227.26
2009-09-25,FII/FPI,2101.97,2139.69,-37.72
2009-09-29,DII,1151.69,1059.92,91.77
2009-09-29,FII/FPI,3360.48,2645.98,714.5
2009-09-30,DII,2109.93,1950.18,159.75
2009-09-30,FII/FPI,4281.06,3206.53,1074.53
2009-10-02,DII,471.52,588.51,-116.99
2009-10-02,FII/FPI,1688.12,1319.16,368.96
2009-10-06,DII,2539.74,1949.86,589.88
2009-10-06,FII/FPI,3890.44,3152.35,738.09
2009-10-07,DII,1432.58,546.45,886.13
2009-10-07,FII/FPI,1713.69,2617.01,-903.32
2009-10-08,DII,1188.3,1102.16,86.14
2009-10-08,FII/FPI,2539.36,3179.28,-639.92
2009-10-09,DII,1294.52,1418.19,-123.67
2009-10-09,FII/FPI,2966.21,2498.16,468.05
2009-10-11,DII,1757.15,1574.89,182.26
2009-10-11,FII/FPI,2995.19,2736.02,259.17
2009-10-12,DII,1255.92,1186.69,69.23
2009-10-12,FII/FPI,2556.62,2262.58,294.04
2009-10-14,DII,1468.82,1665.73,-196.91
2009-10-14,FII/FPI,4247.0,2803.22,1443.78
2009-10-15,DII,1158.78,1601.86,-443.08
2009-10-15,FII/FPI,3900.33,3147.85,752.48
2009-10-16,DII,1466.81,1459.82,6.99
2009-10-16,FII/FPI,3346.39,2769.61,576.78
2009-10-20,DII,1195.77,1336.57,-140.8
2009-10-20,FII/FPI,3079.01,2803.12,275.89
2009-10-21,DII,1366.28,1657.19,-290.91
2009-10-21,FII/FPI,2729.21,3241.02,-511.81
2009-10-22,DII,1665.04,1683.11,-18.07
2009-10-22,FII/FPI,2540.07,3039.35,-499.28
2009-10-23,DII,1352.82,1179.83,172.99
2009-10-23,FII/FPI,2731.87,3210.67,-478.8
2009-10-26,DII,1381.17,1552.33,-171.16
2009-10-26,FII/FPI,2108.28,2111.02,-2.74
2009-10-27,DII,2122.23,1980.67,141.56
2009-10-27,FII/FPI,3372.85,3921.62,-548.77
2009-10-28,DII,2127.35,1231.12,896.23
2009-10-28,FII/FPI,2536.3,3259.96,-723.66
2009-10-29,DII,2653.79,1676.73,977.06
2009-10-29,FII/FPI,2994.99,5541.66,-2546.67
2009-10-30,DII,2400.0,1807.07,592.93
2009-10-30,FII/FPI,3966.63,3390.58,576.05
2009-11-02,DII,472.96,548.23,-75.27
2009-11-02,FII/FPI,903.24,938.0,-34.76
2009-11-05,DII,700.49,717.8,-17.31
2009-11-05,FII/FPI,1622.8,1542.92,79.88
2009-11-06,DII,1946.28,1388.14,558.14
2009-11-06,FII/FPI,3361.27,2574.7,786.57
2009-11-08,DII,1451.61,822.74,628.87
2009-11-08,FII/FPI,2191.36,2368.83,-177.47
2009-11-09,DII,1126.17,1420.37,-294.2
2009-11-09,FII/FPI,2641.22,2412.45,228.77
2009-11-11,DII,1458.97,1368.45,90.52
2009-11-11,FII/FPI,3034.51,2172.67,861.84
2009-11-12,DII,1523.92,1531.09,-7.17
2009-11-12,FII/FPI,2156.5,1818.04,338.46
2009-11-13,DII,1076.34,1101.74,-25.4
2009-11-13,FII/FPI,2156.51,1685.39,471.12
2009-11-16,DII,843.31,1137.95,-294.64
2009-11-16,FII/FPI,2446.31,1901.67,544.64
2009-11-17,DII,931.18,1166.72,-235.54
2009-11-17,FII/FPI,2376.47,1913.05,463.42
2009-11-18,DII,1091.23,1347.96,-256.73
2009-11-18,FII/FPI,2597.45,2185.32,412.13
2009-11-19,DII,1235.81,1119.02,116.79
2009-11-19,FII/FPI,2056.64,2515.82,-459.18
2009-11-20,DII,1314.97,1296.51,18.46
2009-11-20,FII/FPI,2049.92,2513.81,-463.89
2009-11-23,DII,1191.3,1058.96,132.34
2009-11-23,FII/FPI,1901.53,2069.94,-168.41
2009-11-24,DII,1210.84,1357.67,-146.83
2009-11-24,FII/FPI,2351.23,2181.54,169.69
2009-11-25,DII,1296.35,1154.66,141.69
2009-11-25,FII/FPI,2041.1,2372.75,-331.65
2009-11-26,DII,1929.59,1779.04,150.55
2009-11-26,FII/FPI,2857.74,2927.94,-70.2
2009-11-27,DII,2394.92,1696.25,698.67
2009-11-27,FII/FPI,1449.17,2506.35,-1057.18
2009-11-30,DII,1394.65,924.94,469.71
2009-11-30,FII/FPI,2801.78,2345.67,456.11
2009-12-01,DII,1168.09,950.26,217.83
2009-12-01,FII/FPI,1770.13,2333.7,-563.57
2009-12-02,DII,517.12,432.75,84.37
2009-12-02,FII/FPI,891.64,1076.96,-185.32
2009-12-03,DII,725.96,498.86,227.1
2009-12-03,FII/FPI,1863.16,2050.02,-186.86
2009-12-05,DII,1093.42,915.68,177.74
2009-12-05,FII/FPI,2438.16,1985.98,452.18
2009-12-06,DII,1338.32,1589.03,-250.71
2009-12-06,FII/FPI,2854.94,2385.59,469.35
2009-12-08,DII,1536.57,1345.99,190.58
2009-12-08,FII/FPI,2260.82,2765.81,-504.99
2009-12-10,DII,1041.32,1316.2,-274.88
2009-12-10,FII/FPI,3055.64,2092.51,963.13
2009-12-11,DII,1544.05,1652.86,-108.81
2009-12-11,FII/FPI,2517.64,2448.88,68.76
2009-12-14,DII,1212.42,1103.5,108.92
2009-12-14,FII/FPI,1829.1,1766.83,62.27
2009-12-15,DII,1273.19,1234.5,38.69
2009-12-15,FII/FPI,2259.23,2265.37,-6.14
2009-12-16,DII,1381.57,1106.65,274.92
2009-12-16,FII/FPI,2142.4,2497.65,-355.25
2009-12-17,DII,1225.62,1092.34,133.28
2009-12-17,FII/FPI,2356.45,2163.63,192.82
2009-12-18,DII,1391.31,1060.36,330.95
2009-12-18,FII/FPI,2227.95,2434.8,-206.85
2009-12-21,DII,1180.71,826.88,353.83
2009-12-21,FII/FPI,1836.24,2128.18,-291.94
2009-12-22,DII,1301.03,790.44,510.59
2009-12-22,FII/FPI,1209.27,1319.33,-110.06
2009-12-23,DII,1411.14,1398.12,13.02
2009-12-23,FII/FPI,1922.85,1153.32,769.53
2009-12-24,DII,1197.37,1308.48,-111.11
2009-12-24,FII/FPI,1537.81,830.98,706.83
2009-12-29,DII,979.6,976.41,3.19
2009-12-29,FII/FPI,1452.98,1506.71,-53.73
2009-12-30,DII,1164.2,1095.09,69.11
2009-12-30,FII/FPI,1294.94,1181.47,113.47
2009-12-31,DII,1402.79,1874.95,-472.16
2009-12-31,FII/FPI,2625.95,2109.85,516.1
2010-01-02,DII,1130.61,930.78,199.83
2010-01-02,FII/FPI,2035.96,2530.62,-494.66
2010-01-04,DII,1665.25,1212.92,452.33
2010-01-04,FII/FPI,2405.62,2299.22,106.4
2010-01-06,DII,1220.02,1009.4,210.62
2010-01-06,FII/FPI,1801.93,2328.42,-526.49
2010-01-07,DII,1153.52,1160.22,-6.7
2010-01-07,FII/FPI,1549.36,1709.97,-160.61
2010-01-09,DII,1210.05,1041.49,168.56
2010-01-09,FII/FPI,2683.31,2323.5,359.81
2010-01-10,DII,1594.87,2265.95,-671.08
2010-01-10,FII/FPI,4563.5,2738.3,1825.2
2010-01-11,DII,1631.33,1702.63,-71.3
2010-01-11,FII/FPI,3039.5,2327.69,711.81
2010-01-12,DII,1250.84,1450.69,-199.85
2010-01-12,FII/FPI,3516.48,3024.6,491.88
2010-01-13,DII,1552.01,1429.92,122.09
2010-01-13,FII/FPI,3530.52,3816.36,-285.84
2010-01-14,DII,2011.35,1482.23,529.12
2010-01-14,FII/FPI,3592.26,3904.27,-312.01
2010-01-15,DII,1945.99,1265.04,680.95
2010-01-15,FII/FPI,2010.27,2940.36,-930.09
2010-01-18,DII,993.0,1014.46,-21.46
2010-01-18,FII/FPI,2577.75,2424.85,152.9
2010-01-19,DII,1396.48,1373.94,22.54
2010-01-19,FII/FPI,2123.88,2485.55,-361.67
2010-01-20,DII,1803.72,1459.31,344.41
2010-01-20,FII/FPI,2655.82,2927.15,-271.33
2010-01-21,DII,1810.6,1579.24,231.36
2010-01-21,FII/FPI,2673.32,3527.07,-853.75
2010-01-22,DII,3336.17,1382.2,1953.97
2010-01-22,FII/FPI,3068.98,5484.47,-2415.49
2010-01-25,DII,1783.82,1067.6,716.22
2010-01-25,FII/FPI,1618.08,2620.68,-1002.6
2010-01-27,DII,3151.18,1675.77,1475.41
2010-01-27,FII/FPI,2942.73,5155.02,-2212.29
2010-01-28,DII,3113.1,1133.52,1979.58
2010-01-28,FII/FPI,3319.92,6132.98,-2813.06
2010-01-29,DII,2328.14,1317.12,1011.02
2010-01-29,FII/FPI,2966.14,3962.23,-996.09
2010-02-02,DII,1047.24,1005.31,41.93
2010-02-02,FII/FPI,2475.64,2930.65,-455.01
2010-02-03,DII,1274.08,2251.44,-977.36
2010-02-03,FII/FPI,3759.14,2423.82,1335.32
2010-02-06,DII,1331.64,1166.48,165.16
2010-02-06,FII/FPI,2220.86,2387.36,-166.5
2010-02-07,DII,1019.21,992.95,26.26
2010-02-07,FII/FPI,1809.09,2114.32,-305.23
2010-02-08,DII,810.51,983.31,-172.8
2010-02-08,FII/FPI,2639.35,1911.21,728.14
2010-02-09,DII,1056.74,1175.02,-118.28
2010-02-09,FII/FPI,2036.77,1954.46,82.31
2010-02-11,DII,1161.49,1363.73,-202.24
2010-02-11,FII/FPI,3334.47,2873.59,460.88
2010-02-12,DII,1317.29,1542.33,-225.04
2010-02-12,FII/FPI,4114.46,3728.34,386.12
2010-02-15,DII,601.93,715.9,-113.97
2010-02-15,FII/FPI,1659.38,1463.39,195.99
2010-02-16,DII,988.97,1441.71,-452.74
2010-02-16,FII/FPI,1697.46,1311.74,385.72
2010-02-17,DII,1159.07,961.93,197.14
2010-02-17,FII/FPI,2371.45,1851.23,520.22
2010-02-18,DII,829.52,952.19,-122.67
2010-02-18,FII/FPI,1791.04,2142.21,-351.17
2010-02-19,DII,1075.33,1472.46,-397.13
2010-02-19,FII/FPI,1965.83,1947.92,17.91
2010-02-22,DII,903.21,786.61,116.6
2010-02-22,FII/FPI,1440.48,1542.06,-101.58
2010-02-23,DII,838.21,1017.95,-179.74
2010-02-23,FII/FPI,2000.06,1449.37,550.69
2010-02-24,DII,870.45,1025.12,-154.67
2010-02-24,FII/FPI,2354.15,1868.61,485.54
2010-02-25,DII,1698.83,1372.91,325.92
2010-02-25,FII/FPI,2363.07,2957.85,-594.78
2010-02-26,DII,1611.02,2470.65,-859.63
2010-02-26,FII/FPI,3542.94,2701.71,841.23
2010-03-02,DII,1003.21,1002.75,0.46
2010-03-02,FII/FPI,2335.86,1939.73,396.13
2010-03-03,DII,1317.31,1504.02,-186.71
2010-03-03,FII/FPI,2900.6,1941.43,959.17
2010-03-05,DII,829.57,936.58,-107.01
2010-03-05,FII/FPI,1553.32,1940.37,-387.05
2010-03-06,DII,1103.05,1024.04,79.01
2010-03-06,FII/FPI,2109.86,1703.64,406.22
2010-03-08,DII,948.17,1100.69,-152.52
2010-03-08,FII/FPI,3047.36,2439.94,607.42
2010-03-09,DII,759.6,883.1,-123.5
2010-03-09,FII/FPI,2016.26,1733.24,283.02
2010-03-11,DII,1419.67,1790.29,-370.62
2010-03-11,FII/FPI,3224.34,2236.73,987.61
2010-03-15,DII,1048.35,1176.8,-128.45
2010-03-15,FII/FPI,2216.71,1557.01,659.7
2010-03-16,DII,1010.94,1169.49,-158.55
2010-03-16,FII/FPI,2013.65,1635.81,377.84
2010-03-17,DII,1350.53,1648.25,-297.72
2010-03-17,FII/FPI,2562.73,1746.79,815.94
2010-03-18,DII,1152.47,1205.62,-53.15
2010-03-18,FII/FPI,2458.17,1973.5,484.67
2010-03-19,DII,1416.8,1304.11,112.69
2010-03-19,FII/FPI,2632.29,2348.04,284.25
2010-03-22,DII,1220.71,1253.85,-33.14
2010-03-22,FII/FPI,2069.09,1766.31,302.78
2010-03-23,DII,1078.06,1151.45,-73.39
2010-03-23,FII/FPI,2385.54,2025.79,359.75
2010-03-25,DII,1633.81,1790.0,-156.19
2010-03-25,FII/FPI,5099.04,4445.82,653.22
2010-03-26,DII,1329.37,1279.96,49.41
2010-03-26,FII/FPI,3009.29,2418.39,590.9
2010-03-29,DII,1346.85,1617.3,-270.45
2010-03-29,FII/FPI,2950.31,1887.49,1062.82
2010-03-30,DII,1324.36,1224.25,100.11
2010-03-30,FII/FPI,2670.32,2091.03,579.29
2010-03-31,DII,1425.37,1781.95,-356.58
2010-03-31,FII/FPI,2778.13,2344.61,433.52
2010-04-01,DII,3726.11,1395.86,2330.25
2010-04-01,FII/FPI,1614.83,1001.41,613.42
2010-04-02,DII,1451.5,1210.11,241.39
2010-04-02,FII/FPI,1730.04,1885.42,-155.38
2010-04-03,DII,952.31,1588.2,-635.89
2010-04-03,FII/FPI,2476.63,1842.82,633.81
2010-04-05,DII,858.58,1296.66,-438.08
2010-04-05,FII/FPI,2753.83,2783.51,-29.68
2010-04-06,DII,903.52,1030.13,-126.61
2010-04-06,FII/FPI,1962.9,1861.99,100.91
2010-04-08,DII,1016.87,1292.76,-275.89
2010-04-08,FII/FPI,2715.7,2027.01,688.69
2010-04-10,DII,1139.91,1937.74,-797.83
2010-04-10,FII/FPI,4193.91,2929.8,1264.11
2010-04-11,DII,2792.17,1917.82,874.35
2010-04-11,FII/FPI,10201.95,4726.5,5475.45
2010-04-13,DII,1563.54,1310.67,252.87
2010-04-13,FII/FPI,3285.44,3156.92,128.52
2010-04-15,DII,1222.0,1298.87,-76.87
2010-04-15,FII/FPI,3928.02,3828.32,99.7
2010-04-16,DII,1038.69,1227.6,-188.91
2010-04-16,FII/FPI,2475.96,2232.66,243.3
2010-04-19,DII,1380.0,810.36,569.64
2010-04-19,FII/FPI,1606.27,2361.78,-755.51
2010-04-20,DII,1345.12,1243.84,101.28
2010-04-20,FII/FPI,2418.67,2575.32,-156.65
2010-04-21,DII,1181.12,1155.87,25.25
2010-04-21,FII/FPI,2730.87,2647.91,82.96
2010-04-22,DII,1608.22,1426.36,181.86
2010-04-22,FII/FPI,3288.38,2770.08,518.3
2010-04-23,DII,1077.12,1048.03,29.09
2010-04-23,FII/FPI,2844.92,2505.62,339.3
2010-04-26,DII,821.96,895.65,-73.69
2010-04-26,FII/FPI,2121.55,1887.32,234.23
2010-04-27,DII,993.73,992.64,1.09
2010-04-27,FII/FPI,2701.19,2865.48,-164.29
2010-04-28,DII,1894.25,1570.15,324.1
2010-04-28,FII/FPI,2566.17,2697.3,-131.13
2010-04-29,DII,1402.45,1135.69,266.76
2010-04-29,FII/FPI,3889.56,3799.12,90.44
2010-04-30,DII,1516.21,1298.6,217.61
2010-04-30,FII/FPI,3469.23,3113.68,355.55
2010-05-01,DII,1904.87,1604.98,299.89
2010-05-01,FII/FPI,3337.48,2367.19,970.29
2010-05-02,DII,2090.05,921.07,1168.98
2010-05-02,FII/FPI,1517.98,3244.76,-1726.78
2010-05-03,DII,1049.16,1710.42,-661.26
2010-05-03,FII/FPI,2623.08,1709.74,913.34
2010-05-04,DII,1392.47,989.14,403.33
2010-05-04,FII/FPI,2374.53,1608.46,766.07
2010-05-05,DII,1832.47,1141.32,691.15
2010-05-05,FII/FPI,2027.22,3616.9,-1589.68
2010-05-08,DII,917.46,1105.27,-187.81
2010-05-08,FII/FPI,2845.14,2772.12,73.02
2010-05-10,DII,1021.72,1824.67,-802.95
2010-05-10,FII/FPI,4243.32,3572.2,671.12
2010-05-13,DII,1338.01,1115.61,222.4
2010-05-13,FII/FPI,2362.29,2377.86,-15.57
2010-05-14,DII,1296.15,1131.51,164.64
2010-05-14,FII/FPI,2135.25,2516.67,-381.42
2010-05-17,DII,1406.98,1025.09,381.89
2010-05-17,FII/FPI,1653.0,2877.29,-1224.29
2010-05-18,DII,1387.79,1061.18,326.61
2010-05-18,FII/FPI,2154.53,2594.23,-439.7
2010-05-19,DII,1794.64,1738.29,56.35
2010-05-19,FII/FPI,2403.76,3787.67,-1383.91
2010-05-20,DII,1847.8,1126.65,721.15
2010-05-20,FII/FPI,2158.57,2815.8,-657.23
2010-05-21,DII,2053.48,1236.56,816.92
2010-05-21,FII/FPI,1831.38,3371.7,-1540.32
2010-05-24,DII,1909.96,802.54,1107.42
2010-05-24,FII/FPI,2262.37,3257.69,-995.32
2010-05-25,DII,1810.67,1404.55,406.12
2010-05-25,FII/FPI,1761.74,3225.93,-1464.19
2010-05-26,DII,1226.52,1161.66,64.86
2010-05-26,FII/FPI,3668.51,3835.17,-166.66
2010-05-27,DII,1669.13,1258.69,410.44
2010-05-27,FII/FPI,3924.39,4457.46,-533.07
2010-05-28,DII,1206.09,863.46,342.63
2010-05-28,FII/FPI,2510.01,2100.33,409.68
2010-05-31,DII,902.78,976.55,-73.77
2010-05-31,FII/FPI,2301.28,1714.77,586.51
2010-06-01,DII,1564.46,1850.56,-286.1
2010-06-01,FII/FPI,3380.3,2719.75,660.55
2010-06-04,DII,1400.46,1319.39,81.07
2010-06-04,FII/FPI,2361.15,2099.45,261.7
2010-06-05,DII,1339.27,959.31,379.96
2010-06-05,FII/FPI,1908.88,2846.63,-937.75
2010-06-07,DII,934.75,1018.96,-84.21
2010-06-07,FII/FPI,1919.42,1577.07,342.35
2010-06-08,DII,954.93,1295.52,-340.59
2010-06-08,FII/FPI,2668.91,2003.97,664.94
2010-06-09,DII,1816.24,1424.11,392.13
2010-06-09,FII/FPI,2750.18,1803.65,946.53
2010-06-10,DII,1724.02,2700.48,-976.46
2010-06-10,FII/FPI,4861.39,3018.95,1842.44
2010-06-12,DII,1093.2,1407.09,-313.89
2010-06-12,FII/FPI,2724.21,2925.83,-201.62
2010-06-14,DII,951.51,992.94,-41.43
2010-06-14,FII/FPI,1956.64,1608.84,347.8
2010-06-15,DII,762.79,1114.25,-351.46
2010-06-15,FII/FPI,2375.04,1784.95,590.09
2010-06-16,DII,1076.65,1247.41,-170.76
2010-06-16,FII/FPI,2531.8,1747.88,783.92
2010-06-17,DII,827.7,1191.33,-363.63
2010-06-17,FII/FPI,2748.7,2286.1,462.6
2010-06-18,DII,829.31,1329.07,-499.76
2010-06-18,FII/FPI,2890.3,2110.99,779.31
2010-06-21,DII,953.21,1514.65,-561.44
2010-06-21,FII/FPI,3218.62,1654.32,1564.3
2010-06-22,DII,1197.17,1394.16,-196.99
2010-06-22,FII/FPI,2546.4,1570.57,975.83
2010-06-23,DII,672.34,1538.56,-866.22
2010-06-23,FII/FPI,1842.2,1576.87,265.33
2010-06-24,DII,1299.33,2193.16,-893.83
2010-06-24,FII/FPI,4465.02,3311.06,1153.96
2010-06-25,DII,1185.32,1631.52,-446.2
2010-06-25,FII/FPI,1297.86,1605.48,-307.62
2010-06-28,DII,1416.11,1510.99,-94.88
2010-06-28,FII/FPI,2219.55,1426.76,792.79
2010-06-29,DII,1148.88,1263.59,-114.71
2010-06-29,FII/FPI,1828.26,2089.41,-261.15
2010-06-30,DII,1422.78,1573.89,-151.11
2010-06-30,FII/FPI,3243.49,2653.61,589.88
2010-07-01,DII,1364.1,1491.51,-127.41
2010-07-01,FII/FPI,2579.68,2487.47,92.21
2010-07-04,DII,1412.69,1436.12,-23.43
2010-07-04,FII/FPI,3415.45,3076.67,338.78
2010-07-05,DII,1676.73,1022.38,654.35
2010-07-05,FII/FPI,2573.13,3881.52,-1308.39
2010-07-06,DII,795.44,997.95,-202.51
2010-07-06,FII/FPI,1625.33,2028.78,-403.45
2010-07-07,DII,1037.06,902.37,134.69
2010-07-07,FII/FPI,1461.96,1511.2,-49.24
2010-07-09,DII,1780.21,1339.07,441.14
2010-07-09,FII/FPI,2466.94,2487.82,-20.88
2010-07-10,DII,1128.32,2321.85,-1193.53
2010-07-10,FII/FPI,4647.06,3464.15,1182.91
2010-07-13,DII,1382.81,2033.77,-650.96
2010-07-13,FII/FPI,3132.49,2347.81,784.68
2010-07-14,DII,1409.91,1741.39,-331.48
2010-07-14,FII/FPI,3481.97,2912.73,569.24
2010-07-15,DII,884.24,1472.7,-588.46
2010-07-15,FII/FPI,2590.95,2225.86,365.09
2010-07-16,DII,1373.89,1655.81,-281.92
2010-07-16,FII/FPI,2803.6,2127.16,676.44
2010-07-19,DII,858.39,1119.69,-261.3
2010-07-19,FII/FPI,1886.07,1732.28,153.79
2010-07-20,DII,874.15,978.41,-104.26
2010-07-20,FII/FPI,1635.19,1338.12,297.07
2010-07-21,DII,1106.63,1409.31,-302.68
2010-07-21,FII/FPI,2396.89,2034.45,362.44
2010-07-22,DII,1272.39,1784.58,-512.19
2010-07-22,FII/FPI,2269.96,2095.28,174.68
2010-07-23,DII,1383.38,1484.94,-101.56
2010-07-23,FII/FPI,3016.34,2305.26,711.08
2010-07-26,DII,742.75,1461.62,-718.87
2010-07-26,FII/FPI,2078.24,1881.92,196.32
2010-07-27,DII,1551.03,1773.31,-222.28
2010-07-27,FII/FPI,2460.45,2483.25,-22.8
2010-07-28,DII,1323.91,2014.69,-690.78
2010-07-28,FII/FPI,2820.05,2226.89,593.16
2010-07-29,DII,1430.14,2350.49,-920.35
2010-07-29,FII/FPI,3498.33,2919.48,578.85
2010-07-30,DII,1408.94,1538.91,-129.97
2010-07-30,FII/FPI,2666.19,2455.33,210.86
2010-08-01,DII,1624.46,1441.59,182.87
2010-08-01,FII/FPI,3240.2,3170.82,69.38
2010-08-02,DII,1112.3,731.23,381.07
2010-08-02,FII/FPI,1714.24,2649.79,-935.55
2010-08-03,DII,1309.36,1877.99,-568.63
2010-08-03,FII/FPI,3284.26,2152.25,1132.01
2010-08-04,DII,1200.84,1294.46,-93.62
2010-08-04,FII/FPI,2115.04,2052.84,62.2
2010-08-06,DII,1074.76,1033.67,41.09
2010-08-06,FII/FPI,1730.9,1973.81,-242.91
2010-08-07,DII,1017.37,1287.94,-270.57
2010-08-07,FII/FPI,2390.4,1433.34,957.06
2010-08-09,DII,1210.86,1309.07,-98.21
2010-08-09,FII/FPI,2368.68,2086.72,281.96
2010-08-10,DII,923.6,1925.61,-1002.01
2010-08-10,FII/FPI,3490.06,2903.84,586.22
2010-08-11,DII,1288.01,1759.44,-471.43
2010-08-11,FII/FPI,4025.77,3520.23,505.54
2010-08-12,DII,1662.22,1253.17,409.05
2010-08-12,FII/FPI,2383.76,3868.66,-1484.9
2010-08-13,DII,1625.92,1592.54,33.38
2010-08-13,FII/FPI,2452.25,2402.1,50.15
2010-08-16,DII,1168.44,1602.35,-433.91
2010-08-16,FII/FPI,2753.66,2353.65,400.01
2010-08-17,DII,1187.88,1588.0,-400.12
2010-08-17,FII/FPI,3143.25,2739.16,404.09
2010-08-18,DII,1579.43,1692.94,-113.51
2010-08-18,FII/FPI,3118.91,2444.39,674.52
2010-08-19,DII,1303.15,1088.06,215.09
2010-08-19,FII/FPI,3029.9,2208.72,821.18
2010-08-20,DII,1121.91,1224.07,-102.16
2010-08-20,FII/FPI,2611.15,1948.29,662.86
2010-08-23,DII,1249.56,1409.34,-159.78
2010-08-23,FII/FPI,2411.85,2093.62,318.23
2010-08-24,DII,1065.24,1754.78,-689.54
2010-08-24,FII/FPI,2509.54,2318.49,191.05
2010-08-25,DII,1159.79,1426.56,-266.77
2010-08-25,FII/FPI,2379.88,2744.84,-364.96
2010-08-27,DII,1206.01,966.41,239.6
2010-08-27,FII/FPI,1811.62,1919.78,-108.16
2010-08-30,DII,916.93,848.22,68.71
2010-08-30,FII/FPI,1418.88,1234.47,184.41
2010-08-31,DII,1199.03,1794.36,-595.33
2010-08-31,FII/FPI,3120.17,2832.29,287.88
2010-09-02,DII,1153.03,753.78,399.25
2010-09-02,FII/FPI,1920.09,2445.36,-525.27
2010-09-03,DII,1092.9,1264.56,-171.66
2010-09-03,FII/FPI,4202.89,2029.8,2173.09
2010-09-04,DII,1285.26,1351.72,-66.46
2010-09-04,FII/FPI,2629.9,2396.81,233.09
2010-09-06,DII,1122.78,995.22,127.56
2010-09-06,FII/FPI,2036.46,2292.97,-256.51
2010-09-07,DII,1458.8,1420.08,38.72
2010-09-07,FII/FPI,3457.4,2353.32,1104.08
2010-09-08,DII,1085.3,1130.81,-45.51
2010-09-08,FII/FPI,2381.29,1859.17,522.12
2010-09-09,DII,1581.77,1783.3,-201.53
2010-09-09,FII/FPI,3266.19,2278.2,987.99
2010-09-11,DII,1260.86,1789.53,-528.67
2010-09-11,FII/FPI,3652.84,3178.31,474.53
2010-09-12,DII,2235.4,1407.48,827.92
2010-09-12,FII/FPI,3726.39,5022.69,-1296.3
2010-09-13,DII,1193.63,2154.44,-960.81
2010-09-13,FII/FPI,4589.56,2069.68,2519.88
2010-09-14,DII,1233.86,2358.16,-1124.3
2010-09-14,FII/FPI,4102.02,2450.6,1651.42
2010-09-15,DII,1209.6,2119.56,-909.96
2010-09-15,FII/FPI,4892.72,2677.73,2214.99
2010-09-16,DII,1028.74,2133.99,-1105.25
2010-09-16,FII/FPI,3487.32,2367.29,1120.03
2010-09-17,DII,1072.9,1820.14,-747.24
2010-09-17,FII/FPI,5272.59,3753.83,1518.76
2010-09-20,DII,1157.17,1615.08,-457.91
2010-09-20,FII/FPI,4532.44,2739.8,1792.64
2010-09-21,DII,1048.36,2308.34,-1259.98
2010-09-21,FII/FPI,5593.7,3281.93,2311.77
2010-09-22,DII,1055.83,2029.64,-973.81
2010-09-22,FII/FPI,4129.1,3214.33,914.77
2010-09-23,DII,872.74,1518.43,-645.69
2010-09-23,FII/FPI,3034.99,2500.54,534.45
2010-09-24,DII,1141.44,2021.27,-879.83
2010-09-24,FII/FPI,4254.77,3104.97,1149.8
2010-09-28,DII,1087.89,1993.21,-905.32
2010-09-28,FII/FPI,3339.38,2766.25,573.13
2010-09-29,DII,1057.82,1893.03,-835.21
2010-09-29,FII/FPI,3674.95,2918.58,756.37
2010-09-30,DII,1471.09,2992.72,-1521.63
2010-09-30,FII/FPI,6428.29,3931.4,2496.89
2010-10-02,DII,1192.09,732.98,459.11
2010-10-02,FII/FPI,2319.78,2528.4,-208.62
2010-10-03,DII,1101.78,1477.2,-375.42
2010-10-03,FII/FPI,2713.87,2349.51,364.36
2010-10-05,DII,1405.92,1375.67,30.25
2010-10-05,FII/FPI,3123.29,2859.33,263.96
2010-10-06,DII,1042.73,1147.92,-105.19
2010-10-06,FII/FPI,1937.12,1692.36,244.76
2010-10-08,DII,1066.24,1606.91,-540.67
2010-10-08,FII/FPI,3125.85,2526.52,599.33
2010-10-11,DII,1150.43,1294.14,-143.71
2010-10-11,FII/FPI,2845.15,2877.67,-32.52
2010-10-12,DII,2124.53,1376.88,747.65
2010-10-12,FII/FPI,3528.41,4767.66,-1239.25
2010-10-13,DII,1341.5,2696.31,-1354.81
2010-10-13,FII/FPI,5833.71,3730.76,2102.95
2010-10-14,DII,1325.59,2019.86,-694.27
2010-10-14,FII/FPI,3738.35,2718.48,1019.87
2010-10-15,DII,1150.44,2203.89,-1053.45
2010-10-15,FII/FPI,2281.71,2394.46,-112.75
2010-10-18,DII,1250.96,2469.38,-1218.42
2010-10-18,FII/FPI,3765.87,3430.08,335.79
2010-10-19,DII,1279.35,1038.65,240.7
2010-10-19,FII/FPI,3267.69,3160.57,107.12
2010-10-20,DII,1124.16,1151.66,-27.5
2010-10-20,FII/FPI,2428.13,2411.78,16.35
2010-10-21,DII,1539.72,1770.11,-230.39
2010-10-21,FII/FPI,3580.48,2728.68,851.8
2010-10-22,DII,1715.12,1388.06,327.06
2010-10-22,FII/FPI,3166.2,2582.19,584.01
2010-10-25,DII,1491.82,1877.93,-386.11
2010-10-25,FII/FPI,2657.09,2069.89,587.2
2010-10-26,DII,1100.41,1808.59,-708.18
2010-10-26,FII/FPI,3175.26,2693.82,481.44
2010-10-27,DII,1370.57,1888.87,-518.3
2010-10-27,FII/FPI,2753.52,2762.59,-9.07
2010-10-28,DII,1982.5,2042.94,-60.44
2010-10-28,FII/FPI,5496.35,6446.43,-950.08
2010-10-29,DII,1595.76,1251.36,344.4
2010-10-29,FII/FPI,3350.23,2614.83,735.4
2010-11-01,DII,1674.68,1352.22,322.46
2010-11-01,FII/FPI,5973.59,2932.03,3041.56
2010-11-02,DII,791.23,730.41,60.82
2010-11-02,FII/FPI,1765.98,1554.08,211.9
2010-11-03,DII,1059.87,1262.57,-202.7
2010-11-03,FII/FPI,2235.07,1930.2,304.87
2010-11-05,DII,988.14,965.65,22.49
2010-11-05,FII/FPI,2452.8,2432.61,20.19
2010-11-06,DII,1212.17,1425.93,-213.76
2010-11-06,FII/FPI,3288.77,2467.89,820.88
2010-11-08,DII,1784.22,1760.72,23.5
2010-11-08,FII/FPI,2722.7,2808.51,-85.81
2010-11-10,DII,1161.86,1736.67,-574.81
2010-11-10,FII/FPI,3298.46,2488.16,810.3
2010-11-11,DII,1071.58,1341.27,-269.69
2010-11-11,FII/FPI,3042.74,3103.16,-60.42
2010-11-15,DII,1189.35,1192.74,-3.39
2010-11-15,FII/FPI,2586.46,2272.78,313.68
2010-11-16,DII,1542.54,1092.95,449.59
2010-11-16,FII/FPI,3157.02,3353.71,-196.69
2010-11-18,DII,1664.85,1546.42,118.43
2010-11-18,FII/FPI,4062.11,4514.82,-452.71
2010-11-19,DII,1697.72,1397.53,300.19
2010-11-19,FII/FPI,3926.43,3558.52,367.91
2010-11-22,DII,1373.0,1160.88,212.12
2010-11-22,FII/FPI,2906.16,2570.36,335.8
2010-11-23,DII,2255.28,752.31,1502.97
2010-11-23,FII/FPI,2868.01,4361.2,-1493.19
2010-11-24,DII,1311.23,1406.17,-94.94
2010-11-24,FII/FPI,3173.82,3647.13,-473.31
2010-11-25,DII,2574.62,2376.85,197.77
2010-11-25,FII/FPI,6385.61,7593.73,-1208.12
2010-11-26,DII,2870.67,1911.26,959.41
2010-11-26,FII/FPI,4332.25,4961.02,-628.77
2010-11-29,DII,1473.24,1273.91,199.33
2010-11-29,FII/FPI,3327.76,3171.56,156.2
2010-11-30,DII,1507.32,1942.35,-435.03
2010-11-30,FII/FPI,6499.13,5609.67,889.46
2010-12-01,DII,1920.05,1465.19,454.86
2010-12-01,FII/FPI,2903.43,3266.19,-362.76
2010-12-03,DII,1324.08,1414.89,-90.81
2010-12-03,FII/FPI,2651.76,2280.08,371.68
2010-12-04,DII,881.84,1074.48,-192.64
2010-12-04,FII/FPI,2433.13,2418.72,14.41
2010-12-05,DII,1191.03,1010.61,180.42
2010-12-05,FII/FPI,2068.49,2365.72,-297.23
2010-12-07,DII,1152.76,1445.81,-293.05
2010-12-07,FII/FPI,3246.86,2245.11,1001.75
2010-12-08,DII,1403.35,2059.4,-656.05
2010-12-08,FII/FPI,3212.88,2994.69,218.19
2010-12-10,DII,1106.8,1561.32,-454.52
2010-12-10,FII/FPI,2913.81,2458.08,455.73
2010-12-11,DII,1439.13,1193.45,245.68
2010-12-11,FII/FPI,3134.74,3917.01,-782.27
2010-12-13,DII,1176.27,841.73,334.54
2010-12-13,FII/FPI,2410.64,2698.41,-287.77
2010-12-14,DII,1072.9,723.73,349.17
2010-12-14,FII/FPI,2512.96,2479.43,33.53
2010-12-15,DII,1303.22,1401.02,-97.8
2010-12-15,FII/FPI,3089.5,3177.11,-87.61
2010-12-16,DII,1518.41,1422.38,96.03
2010-12-16,FII/FPI,3083.85,3400.64,-316.79
2010-12-20,DII,1161.9,1022.45,139.45
2010-12-20,FII/FPI,2973.75,3083.28,-109.53
2010-12-21,DII,1631.12,1257.45,373.67
2010-12-21,FII/FPI,2850.75,2885.54,-34.79
2010-12-22,DII,1252.32,1153.39,98.93
2010-12-22,FII/FPI,2375.65,2443.22,-67.57
2010-12-23,DII,893.35,981.98,-88.63
2010-12-23,FII/FPI,1490.3,1633.4,-143.1
2010-12-24,DII,651.84,948.4,-296.56
2010-12-24,FII/FPI,1221.23,1206.41,14.82
2010-12-27,DII,622.94,736.83,-113.89
2010-12-27,FII/FPI,1024.0,777.69,246.31
2010-12-28,DII,716.35,981.71,-265.36
2010-12-28,FII/FPI,1328.12,1219.09,109.03
2010-12-29,DII,803.82,974.16,-170.34
2010-12-29,FII/FPI,1768.8,1221.22,547.58
2010-12-30,DII,1035.98,1884.27,-848.29
2010-12-30,FII/FPI,4665.76,2479.32,2186.44
2010-12-31,DII,1274.97,1396.74,-121.77
2010-12-31,FII/FPI,1894.47,1363.14,531.33
2011-01-02,DII,1779.34,1148.94,630.4
2011-01-02,FII/FPI,2853.09,3889.89,-1036.8
2011-01-04,DII,675.95,1088.58,-412.63
2011-01-04,FII/FPI,2846.21,2430.93,415.28
2011-01-06,DII,644.8,786.76,-141.96
2011-01-06,FII/FPI,2322.81,1877.59,445.22
2011-01-07,DII,1044.68,1499.99,-455.31
2011-01-07,FII/FPI,2603.52,2003.86,599.66
2011-01-08,DII,956.14,1051.4,-95.26
2011-01-08,FII/FPI,1860.6,1773.77,86.83
2011-01-11,DII,666.56,1239.97,-573.41
2011-01-11,FII/FPI,1914.74,1935.4,-20.66
2011-01-12,DII,907.86,1620.94,-713.08
2011-01-12,FII/FPI,2422.63,1735.37,687.26
2011-01-13,DII,1405.47,1163.05,242.42
2011-01-13,FII/FPI,3370.21,3619.98,-249.77
2011-01-14,DII,1381.9,1091.79,290.11
2011-01-14,FII/FPI,2020.72,2769.32,-748.6
2011-01-17,DII,1067.54,707.72,359.82
2011-01-17,FII/FPI,2569.5,2742.5,-173.0
2011-01-18,DII,1149.84,1176.04,-26.2
2011-01-18,FII/FPI,2699.71,2627.17,72.54
2011-01-19,DII,1540.76,1052.23,488.53
2011-01-19,FII/FPI,3167.71,3438.09,-270.38
2011-01-20,DII,1432.83,1176.51,256.32
2011-01-20,FII/FPI,2723.52,3667.43,-943.91
2011-01-21,DII,1061.92,838.78,223.14
2011-01-21,FII/FPI,2461.85,2829.85,-368.0
2011-01-24,DII,1474.93,1238.42,236.51
2011-01-24,FII/FPI,2558.12,2494.17,63.95
2011-01-25,DII,1134.09,1303.77,-169.68
2011-01-25,FII/FPI,3153.89,2880.9,272.99
2011-01-27,DII,1325.11,1580.7,-255.59
2011-01-27,FII/FPI,4176.53,5827.94,-1651.41
2011-01-28,DII,1769.19,1687.95,81.24
2011-01-28,FII/FPI,3481.28,4188.12,-706.84
2011-01-31,DII,2064.48,1056.34,1008.14
2011-01-31,FII/FPI,2599.84,3520.22,-920.38
2011-02-02,DII,1958.92,1278.54,680.38
2011-02-02,FII/FPI,3112.79,3194.52,-81.73
2011-02-05,DII,901.12,1051.64,-150.52
2011-02-05,FII/FPI,1865.78,2126.81,-261.03
2011-02-06,DII,897.38,1027.98,-130.6
2011-02-06,FII/FPI,1748.22,1763.01,-14.79
2011-02-08,DII,1231.41,1091.53,139.88
2011-02-08,FII/FPI,1853.67,2055.35,-201.68
2011-02-09,DII,906.05,1252.33,-346.28
2011-02-09,FII/FPI,4704.39,3546.01,1158.38
2011-02-11,DII,736.5,744.29,-7.79
2011-02-11,FII/FPI,1469.28,1477.06,-7.78
2011-02-12,DII,838.13,945.66,-107.53
2011-02-12,FII/FPI,2588.37,1991.48,596.89
2011-02-14,DII,989.01,879.99,109.02
2011-02-14,FII/FPI,3133.11,2985.47,147.64
2011-02-15,DII,881.3,1049.15,-167.85
2011-02-15,FII/FPI,2605.97,2372.92,233.05
2011-02-16,DII,578.83,647.32,-68.49
2011-02-16,FII/FPI,1960.55,2190.61,-230.06
2011-02-17,DII,1153.73,909.33,244.4
2011-02-17,FII/FPI,2305.25,2267.26,37.99
2011-02-18,DII,1266.67,1455.81,-189.14
2011-02-18,FII/FPI,2844.58,2636.91,207.67
2011-02-21,DII,800.36,827.97,-27.61
2011-02-21,FII/FPI,2006.78,2252.2,-245.42
2011-02-22,DII,1139.68,725.69,413.99
2011-02-22,FII/FPI,2527.5,2913.76,-386.26
2011-02-23,DII,1086.38,733.56,352.82
2011-02-23,FII/FPI,2862.37,3416.97,-554.6
2011-02-24,DII,2652.35,1622.43,1029.92
2011-02-24,FII/FPI,3663.59,6365.81,-2702.22
2011-02-25,DII,1345.28,789.99,555.29
2011-02-25,FII/FPI,2856.3,3417.76,-561.46
2011-02-28,DII,1860.24,1542.86,317.38
2011-02-28,FII/FPI,3789.23,3829.09,-39.86
2011-03-01,DII,1044.56,1168.57,-124.01
2011-03-01,FII/FPI,1516.59,1175.62,340.97
2011-03-02,DII,1155.2,1200.65,-45.45
2011-03-02,FII/FPI,2602.43,2063.72,538.71
2011-03-03,DII,1157.54,1062.02,95.52
2011-03-03,FII/FPI,3470.97,3241.95,229.02
2011-03-05,DII,1812.46,1205.63,606.83
2011-03-05,FII/FPI,2624.11,3802.77,-1178.66
2011-03-06,DII,488.37,843.88,-355.51
2011-03-06,FII/FPI,1959.78,1514.52,445.26
2011-03-08,DII,1464.19,1041.71,422.48
2011-03-08,FII/FPI,1914.73,2784.42,-869.69
2011-03-10,DII,1112.85,817.51,295.34
2011-03-10,FII/FPI,1633.82,2459.71,-825.89
2011-03-11,DII,973.06,971.15,1.91
2011-03-11,FII/FPI,1884.03,1868.58,15.45
2011-03-14,DII,778.05,770.4,7.65
2011-03-14,FII/FPI,1917.03,1502.68,414.35
2011-03-15,DII,1247.79,680.69,567.1
2011-03-15,FII/FPI,2520.63,2372.35,148.28
2011-03-16,DII,1153.03,826.31,326.72
2011-03-16,FII/FPI,2233.78,2368.3,-134.52
2011-03-17,DII,1044.93,612.86,432.07
2011-03-17,FII/FPI,1546.32,2674.93,-1128.61
2011-03-18,DII,1142.2,845.9,296.3
2011-03-18,FII/FPI,2029.96,2553.47,-523.51
2011-03-21,DII,782.26,734.28,47.98
2011-03-21,FII/FPI,1263.27,1360.29,-97.02
2011-03-22,DII,844.44,748.4,96.04
2011-03-22,FII/FPI,1533.5,1297.21,236.29
2011-03-23,DII,2042.81,931.13,1111.68
2011-03-23,FII/FPI,1930.24,1618.14,312.1
2011-03-24,DII,1451.34,1073.22,378.12
2011-03-24,FII/FPI,2238.75,1930.93,307.82
2011-03-25,DII,1298.97,1612.74,-313.77
2011-03-25,FII/FPI,3305.51,1859.33,1446.18
2011-03-28,DII,1519.73,1806.25,-286.52
2011-03-28,FII/FPI,2889.97,1999.95,890.02
2011-03-29,DII,1223.85,1698.02,-474.17
2011-03-29,FII/FPI,3621.52,2329.98,1291.54
2011-03-30,DII,1291.97,1907.31,-615.34
2011-03-30,FII/FPI,2802.2,2062.59,739.61
2011-03-31,DII,1640.23,3357.08,-1716.85
2011-03-31,FII/FPI,6997.45,3672.86,3324.59
2011-04-01,DII,1474.07,1965.64,-491.57
2011-04-01,FII/FPI,3381.89,2664.13,717.76
2011-04-02,DII,1621.58,1384.13,237.45
2011-04-02,FII/FPI,2544.42,2400.38,144.04
2011-04-03,DII,975.57,1205.35,-229.78
2011-04-03,FII/FPI,2699.81,2114.29,585.52
2011-04-04,DII,744.63,1133.96,-389.33
2011-04-04,FII/FPI,2563.0,1958.49,604.51
2011-04-05,DII,1775.52,861.42,914.1
2011-04-05,FII/FPI,2137.74,3129.88,-992.14
2011-04-07,DII,982.13,1351.45,-369.32
2011-04-07,FII/FPI,2820.06,1688.34,1131.72
2011-04-08,DII,1177.3,860.8,316.5
2011-04-08,FII/FPI,2399.2,2653.75,-254.55
2011-04-10,DII,1578.45,1022.64,555.81
2011-04-10,FII/FPI,2062.41,3033.85,-971.44
2011-04-11,DII,938.47,867.98,70.49
2011-04-11,FII/FPI,2256.56,2127.94,128.62
2011-04-13,DII,1230.1,1234.9,-4.8
2011-04-13,FII/FPI,3309.08,3283.48,25.6
2011-04-15,DII,1373.07,1733.95,-360.88
2011-04-15,FII/FPI,3135.81,3389.24,-253.43
2011-04-18,DII,1395.14,733.67,661.47
2011-04-18,FII/FPI,2528.2,3509.76,-981.56
2011-04-19,DII,959.69,751.36,208.33
2011-04-19,FII/FPI,3683.65,1990.46,1693.19
2011-04-20,DII,993.17,1016.45,-23.28
2011-04-20,FII/FPI,2473.17,2280.17,193.0
2011-04-21,DII,1076.57,1346.19,-269.62
2011-04-21,FII/FPI,2799.78,2491.99,307.79
2011-04-25,DII,1082.1,845.48,236.62
2011-04-25,FII/FPI,1560.16,1937.75,-377.59
2011-04-26,DII,1106.75,944.94,161.81
2011-04-26,FII/FPI,2334.31,2888.34,-554.03
2011-04-27,DII,1553.4,1254.12,299.28
2011-04-27,FII/FPI,2153.06,2864.92,-711.86
2011-04-28,DII,1868.83,1336.23,532.6
2011-04-28,FII/FPI,4257.02,5089.61,-832.59
2011-04-29,DII,1230.42,1291.48,-61.06
2011-04-29,FII/FPI,3023.81,3713.7,-689.89
2011-05-01,DII,1349.98,1451.73,-101.75
2011-05-01,FII/FPI,3245.55,3485.85,-240.3
2011-05-04,DII,765.69,1294.67,-528.98
2011-05-04,FII/FPI,2204.31,1481.02,723.29
2011-05-05,DII,1826.36,889.13,937.23
2011-05-05,FII/FPI,2005.09,2784.57,-779.48
2011-05-07,DII,984.37,1882.86,-898.49
2011-05-07,FII/FPI,2666.56,1841.04,825.52
2011-05-08,DII,2911.09,1538.6,1372.49
2011-05-08,FII/FPI,2178.86,3967.82,-1788.96
2011-05-09,DII,1110.29,963.06,147.23
2011-05-09,FII/FPI,2971.1,2837.88,133.22
2011-05-10,DII,1153.21,830.81,322.4
2011-05-10,FII/FPI,2025.78,3034.65,-1008.87
2011-05-12,DII,650.91,613.24,37.67
2011-05-12,FII/FPI,1506.92,1360.19,146.73
2011-05-13,DII,870.44,881.97,-11.53
2011-05-13,FII/FPI,2315.61,2476.96,-161.35
2011-05-16,DII,752.71,749.3,3.41
2011-05-16,FII/FPI,1854.03,1806.96,47.07
2011-05-17,DII,814.27,1384.56,-570.29
2011-05-17,FII/FPI,1968.92,2456.12,-487.2
2011-05-18,DII,1115.97,1088.51,27.46
2011-05-18,FII/FPI,2451.46,2830.9,-379.44
2011-05-19,DII,1127.33,994.99,132.34
2011-05-19,FII/FPI,2113.76,2151.17,-37.41
2011-05-20,DII,1406.18,1007.99,398.19
2011-05-20,FII/FPI,2255.82,2437.37,-181.55
2011-05-23,DII,1070.0,875.78,194.22
2011-05-23,FII/FPI,1959.21,2252.77,-293.56
2011-05-24,DII,778.17,745.22,32.95
2011-05-24,FII/FPI,2539.94,2351.78,188.16
2011-05-25,DII,946.27,766.86,179.41
2011-05-25,FII/FPI,2614.34,2985.13,-370.79
2011-05-26,DII,1696.01,1462.48,233.53
2011-05-26,FII/FPI,3743.64,3619.26,124.38
2011-05-27,DII,1076.64,688.39,388.25
2011-05-27,FII/FPI,2719.76,2497.73,222.03
2011-05-30,DII,740.25,790.64,-50.39
2011-05-30,FII/FPI,2431.25,2177.77,253.48
2011-05-31,DII,1170.34,1767.0,-596.66
2011-05-31,FII/FPI,6271.32,4960.34,1310.98
2011-06-01,DII,1240.16,1578.21,-338.05
2011-06-01,FII/FPI,3274.86,3660.49,-385.63
2011-06-04,DII,1118.81,1649.86,-531.05
2011-06-04,FII/FPI,2856.44,2327.97,528.47
2011-06-05,DII,2065.76,1047.72,1018.04
2011-06-05,FII/FPI,2579.11,3234.45,-655.34
2011-06-06,DII,720.73,535.74,184.99
2011-06-06,FII/FPI,1589.1,1790.88,-201.78
2011-06-07,DII,991.95,1072.18,-80.23
2011-06-07,FII/FPI,2076.04,1855.59,220.45
2011-06-09,DII,862.48,1277.65,-415.17
2011-06-09,FII/FPI,3629.92,3198.44,431.48
2011-06-13,DII,917.1,889.76,27.34
2011-06-13,FII/FPI,1543.66,1847.83,-304.17
2011-06-14,DII,1700.97,1090.25,610.72
2011-06-14,FII/FPI,3085.03,3883.56,-798.53
2011-06-15,DII,1009.26,868.12,141.14
2011-06-15,FII/FPI,2461.5,2632.06,-170.56
2011-06-16,DII,1308.28,1022.18,286.1
2011-06-16,FII/FPI,2191.29,2790.81,-599.52
2011-06-17,DII,851.51,886.88,-35.37
2011-06-17,FII/FPI,2111.19,2501.75,-390.56
2011-06-20,DII,1545.17,681.86,863.31
2011-06-20,FII/FPI,2577.97,3090.54,-512.57
2011-06-21,DII,1143.76,713.35,430.41
2011-06-21,FII/FPI,1699.74,2263.1,-563.36
2011-06-22,DII,824.99,667.62,157.37
2011-06-22,FII/FPI,1842.76,2130.16,-287.4
2011-06-23,DII,866.12,624.17,241.95
2011-06-23,FII/FPI,1902.96,1673.75,229.21
2011-06-24,DII,1064.62,1551.47,-486.85
2011-06-24,FII/FPI,3682.65,2792.21,890.44
2011-06-27,DII,933.65,1700.03,-766.38
2011-06-27,FII/FPI,3754.0,2306.58,1447.42
2011-06-28,DII,999.42,1574.48,-575.06
2011-06-28,FII/FPI,2774.22,1954.81,819.41
2011-06-29,DII,1290.67,1531.26,-240.59
2011-06-29,FII/FPI,3099.16,2429.81,669.35
2011-06-30,DII,1180.97,1954.35,-773.38
2011-06-30,FII/FPI,5361.85,3770.51,1591.34
2011-07-01,DII,2179.56,1063.73,1115.83
2011-07-01,FII/FPI,2397.19,3437.93,-1040.74
2011-07-02,DII,1621.58,1384.13,237.45
2011-07-02,FII/FPI,2544.42,2400.38,144.04
2011-07-03,DII,697.02,651.45,45.57
2011-07-03,FII/FPI,1845.81,1938.05,-92.24
2011-07-04,DII,881.68,1093.84,-212.16
2011-07-04,FII/FPI,2675.95,2455.36,220.59
2011-07-06,DII,692.19,660.9,31.29
2011-07-06,FII/FPI,2012.41,1899.71,112.7
2011-07-07,DII,1420.57,1581.6,-161.03
2011-07-07,FII/FPI,3034.33,2165.62,868.71
2011-07-09,DII,1224.7,1305.51,-80.81
2011-07-09,FII/FPI,3049.63,2787.2,262.43
2011-07-10,DII,1211.01,1191.6,19.41
2011-07-10,FII/FPI,3567.05,3075.5,491.55
2011-07-12,DII,911.3,1101.41,-190.11
2011-07-12,FII/FPI,2789.71,2654.35,135.36
2011-07-13,DII,963.38,1332.29,-368.91
2011-07-13,FII/FPI,2387.52,2071.57,315.95
2011-07-14,DII,1591.7,1073.88,517.82
2011-07-14,FII/FPI,2339.99,2128.53,211.46
2011-07-15,DII,687.05,726.19,-39.14
2011-07-15,FII/FPI,1647.52,1574.49,73.03
2011-07-18,DII,797.83,634.21,163.62
2011-07-18,FII/FPI,1965.73,2058.74,-93.01
2011-07-19,DII,802.67,1029.59,-226.92
2011-07-19,FII/FPI,1922.8,1629.51,293.29
2011-07-20,DII,1198.73,1178.25,20.48
2011-07-20,FII/FPI,1876.93,1967.37,-90.44
2011-07-21,DII,1223.92,815.56,408.36
2011-07-21,FII/FPI,1627.54,2205.18,-577.64
2011-07-22,DII,1329.71,1086.66,243.05
2011-07-22,FII/FPI,2718.66,2273.75,444.91
2011-07-25,DII,1511.75,1287.5,224.25
2011-07-25,FII/FPI,2608.84,2293.12,315.72
2011-07-26,DII,1387.82,1356.33,31.49
2011-07-26,FII/FPI,2479.17,2656.92,-177.75
2011-07-27,DII,1309.12,1309.31,-0.19
2011-07-27,FII/FPI,2818.42,2831.35,-12.93
2011-07-28,DII,1878.11,1468.77,409.34
2011-07-28,FII/FPI,4126.11,4061.45,64.66
2011-07-29,DII,1564.71,1152.89,411.82
2011-07-29,FII/FPI,2771.53,3235.56,-464.03
2011-08-02,DII,1318.56,869.59,448.97
2011-08-02,FII/FPI,2966.06,3692.6,-726.54
2011-08-03,DII,728.41,868.87,-140.46
2011-08-03,FII/FPI,2220.06,1982.99,237.07
2011-08-04,DII,982.97,1111.37,-128.4
2011-08-04,FII/FPI,2688.69,2303.84,384.85
2011-08-06,DII,692.01,606.54,85.47
2011-08-06,FII/FPI,1883.45,1833.02,50.43
2011-08-07,DII,1420.57,1581.6,-161.03
2011-08-07,FII/FPI,3034.33,2165.62,868.71
2011-08-08,DII,2620.3,1299.92,1320.38
2011-08-08,FII/FPI,1642.22,3028.0,-1385.78
2011-08-09,DII,853.19,1119.8,-266.61
2011-08-09,FII/FPI,2228.54,2214.36,14.18
2011-08-11,DII,369.26,746.73,-377.47
2011-08-11,FII/FPI,1696.02,1239.74,456.28
2011-08-12,DII,845.47,1042.98,-197.51
2011-08-12,FII/FPI,2164.69,2138.97,25.72
2011-08-16,DII,908.76,657.09,251.67
2011-08-16,FII/FPI,2526.33,2787.45,-261.12
2011-08-17,DII,1061.56,892.14,169.42
2011-08-17,FII/FPI,2262.74,2670.42,-407.68
2011-08-18,DII,1291.78,961.36,330.42
2011-08-18,FII/FPI,2388.42,2877.09,-488.67
2011-08-19,DII,1653.42,1230.17,423.25
2011-08-19,FII/FPI,2816.01,3718.62,-902.61
2011-08-22,DII,1024.4,881.06,143.34
2011-08-22,FII/FPI,1489.25,2275.57,-786.32
2011-08-23,DII,928.39,625.5,302.89
2011-08-23,FII/FPI,2577.78,2678.12,-100.34
2011-08-24,DII,1161.68,600.58,561.1
2011-08-24,FII/FPI,1853.82,2737.3,-883.48
2011-08-25,DII,1271.59,886.58,385.01
2011-08-25,FII/FPI,3102.79,4543.34,-1440.55
2011-08-26,DII,1169.39,776.49,392.9
2011-08-26,FII/FPI,2145.7,2371.95,-226.25
2011-08-29,DII,823.88,1149.38,-325.5
2011-08-29,FII/FPI,2211.38,1845.19,366.19
2011-08-30,DII,1283.68,1181.77,101.91
2011-08-30,FII/FPI,2965.58,2344.68,620.9
2011-09-02,DII,1385.4,1270.4,115.0
2011-09-02,FII/FPI,3680.57,4289.57,-609.0
2011-09-03,DII,1022.75,909.76,112.99
2011-09-03,FII/FPI,1853.04,1721.87,131.17
2011-09-05,DII,500.92,626.7,-125.78
2011-09-05,FII/FPI,1935.01,1738.59,196.42
2011-09-06,DII,564.46,555.49,8.97
2011-09-06,FII/FPI,1842.66,1867.39,-24.73
2011-09-08,DII,3009.88,1596.92,1412.96
2011-09-08,FII/FPI,2410.06,4514.62,-2104.56
2011-09-09,DII,1125.2,1040.13,85.07
2011-09-09,FII/FPI,2355.77,2783.44,-427.67
2011-09-11,DII,811.92,1343.78,-531.86
2011-09-11,FII/FPI,2280.59,1721.55,559.04
2011-09-12,DII,985.02,869.81,115.21
2011-09-12,FII/FPI,1771.67,2020.24,-248.57
2011-09-13,DII,877.27,756.08,121.19
2011-09-13,FII/FPI,1281.69,1750.1,-468.41
2011-09-14,DII,788.79,971.47,-182.68
2011-09-14,FII/FPI,2101.11,2146.93,-45.82
2011-09-15,DII,795.5,791.1,4.4
2011-09-15,FII/FPI,1978.63,1842.08,136.55
2011-09-16,DII,1165.58,1126.25,39.33
2011-09-16,FII/FPI,3675.29,3280.13,395.16
2011-09-19,DII,530.65,568.15,-37.5
2011-09-19,FII/FPI,1475.52,1641.73,-166.21
2011-09-20,DII,748.52,1066.21,-317.69
2011-09-20,FII/FPI,2118.13,1799.29,318.84
2011-09-21,DII,866.17,881.65,-15.48
2011-09-21,FII/FPI,2009.89,1766.44,243.45
2011-09-22,DII,1421.47,678.0,743.47
2011-09-22,FII/FPI,1364.68,2670.23,-1305.55
2011-09-23,DII,1480.67,715.29,765.38
2011-09-23,FII/FPI,1640.68,2920.29,-1279.61
2011-09-26,DII,1165.51,590.3,575.21
2011-09-26,FII/FPI,1240.6,2324.43,-1083.83
2011-09-27,DII,960.76,690.71,270.05
2011-09-27,FII/FPI,2132.8,2098.72,34.08
2011-09-28,DII,907.32,791.73,115.59
2011-09-28,FII/FPI,2705.14,2520.17,184.97
2011-09-29,DII,1058.77,1461.65,-402.88
2011-09-29,FII/FPI,3539.32,3769.62,-230.3
2011-09-30,DII,1240.39,723.05,517.34
2011-09-30,FII/FPI,2498.17,2957.64,-459.47
2011-10-01,DII,1729.36,710.82,1018.54
2011-10-01,FII/FPI,2633.69,3772.47,-1138.78
2011-10-02,DII,1660.73,1023.43,637.3
2011-10-02,FII/FPI,3032.29,3987.16,-954.87
2011-10-03,DII,743.14,634.16,108.98
2011-10-03,FII/FPI,1642.86,1740.05,-97.19
2011-10-05,DII,768.09,637.23,130.86
2011-10-05,FII/FPI,1451.06,1426.04,25.02
2011-10-06,DII,839.45,502.47,336.98
2011-10-06,FII/FPI,2026.81,2196.86,-170.05
2011-10-10,DII,1133.52,1170.65,-37.13
2011-10-10,FII/FPI,2439.48,2227.77,211.71
2011-10-13,DII,902.87,1160.23,-257.36
2011-10-13,FII/FPI,2529.14,1859.06,670.08
2011-10-14,DII,894.46,1132.31,-237.85
2011-10-14,FII/FPI,1921.6,2015.64,-94.04
2011-10-17,DII,1287.4,1393.95,-106.55
2011-10-17,FII/FPI,2653.35,2058.34,595.01
2011-10-18,DII,830.19,963.08,-132.89
2011-10-18,FII/FPI,1821.6,2106.79,-285.19
2011-10-19,DII,763.47,857.93,-94.46
2011-10-19,FII/FPI,1768.89,1783.34,-14.45
2011-10-20,DII,719.91,845.18,-125.27
2011-10-20,FII/FPI,1468.86,1940.86,-472.0
2011-10-21,DII,822.86,749.5,73.36
2011-10-21,FII/FPI,1364.41,1598.42,-234.01
2011-10-24,DII,693.32,852.16,-158.84
2011-10-24,FII/FPI,1739.51,1638.41,101.1
2011-10-25,DII,1341.45,2220.91,-879.46
2011-10-25,FII/FPI,3678.07,3233.31,444.76
2011-10-28,DII,1200.25,2278.66,-1078.41
2011-10-28,FII/FPI,5496.62,3330.41,2166.21
2011-10-31,DII,945.29,1221.65,-276.36
2011-10-31,FII/FPI,2587.45,2228.67,358.78
2011-11-01,DII,1854.65,790.47,1064.18
2011-11-01,FII/FPI,2726.62,3889.19,-1162.57
2011-11-02,DII,1343.41,823.74,519.67
2011-11-02,FII/FPI,3206.61,3744.32,-537.71
2011-11-03,DII,1186.2,1073.96,112.24
2011-11-03,FII/FPI,1629.34,1872.92,-243.58
2011-11-04,DII,957.47,693.66,263.81
2011-11-04,FII/FPI,1997.6,2688.82,-691.22
2011-11-05,DII,827.85,738.73,89.12
2011-11-05,FII/FPI,2362.44,2237.37,125.07
2011-11-07,DII,736.35,662.71,73.64
2011-11-07,FII/FPI,1889.74,1456.79,432.95
2011-11-08,DII,1179.49,913.24,266.25
2011-11-08,FII/FPI,2416.12,2475.91,-59.79
2011-11-10,DII,1338.5,1230.33,108.17
2011-11-10,FII/FPI,2821.63,2707.48,114.15
2011-11-11,DII,1045.76,1158.94,-113.18
2011-11-11,FII/FPI,3049.99,3133.25,-83.26
2011-11-14,DII,862.44,871.74,-9.3
2011-11-14,FII/FPI,2542.99,2221.37,321.62
2011-11-15,DII,2108.61,783.26,1325.35
2011-11-15,FII/FPI,1698.84,2108.61,-409.77
2011-11-16,DII,1374.11,1096.32,277.79
2011-11-16,FII/FPI,1743.78,2232.67,-488.89
2011-11-17,DII,1149.83,778.24,371.59
2011-11-17,FII/FPI,1943.27,2138.47,-195.2
2011-11-18,DII,1375.06,994.67,380.39
2011-11-18,FII/FPI,1796.37,2667.99,-871.62
2011-11-21,DII,1351.35,755.8,595.55
2011-11-21,FII/FPI,1886.49,2629.51,-743.02
2011-11-22,DII,1814.54,749.03,1065.51
2011-11-22,FII/FPI,1764.71,2717.39,-952.68
2011-11-23,DII,1794.71,868.55,926.16
2011-11-23,FII/FPI,1776.24,2962.66,-1186.42
2011-11-24,DII,1908.66,860.91,1047.75
2011-11-24,FII/FPI,2072.95,3709.03,-1636.08
2011-11-25,DII,1763.47,726.92,1036.55
2011-11-25,FII/FPI,1410.6,2215.6,-805.0
2011-11-28,DII,1075.94,768.64,307.3
2011-11-28,FII/FPI,1723.62,2026.21,-302.59
2011-11-29,DII,1172.69,811.46,361.23
2011-11-29,FII/FPI,1937.89,2258.76,-320.87
2011-11-30,DII,1942.65,2136.47,-193.82
2011-11-30,FII/FPI,6245.15,6211.03,34.12
2011-12-01,DII,1495.93,1136.72,359.21
2011-12-01,FII/FPI,3366.8,3738.3,-371.5
2011-12-05,DII,1048.02,735.58,312.44
2011-12-05,FII/FPI,1578.06,1998.09,-420.03
2011-12-07,DII,1326.18,1039.41,286.77
2011-12-07,FII/FPI,1386.95,2356.39,-969.44
2011-12-08,DII,1302.32,1203.3,99.02
2011-12-08,FII/FPI,2380.52,2851.61,-471.09
2011-12-09,DII,1150.9,722.97,427.93
2011-12-09,FII/FPI,1582.64,2517.38,-934.74
2011-12-10,DII,1287.4,1393.95,-106.55
2011-12-10,FII/FPI,2653.35,2058.34,595.01
2011-12-12,DII,1116.61,950.32,166.29
2011-12-12,FII/FPI,1522.08,1950.38,-428.3
2011-12-13,DII,1251.49,769.56,481.93
2011-12-13,FII/FPI,1597.52,2158.32,-560.8
2011-12-14,DII,1022.94,573.35,449.59
2011-12-14,FII/FPI,2246.43,2386.56,-140.13
2011-12-15,DII,986.71,938.62,48.09
2011-12-15,FII/FPI,2991.84,3315.12,-323.28
2011-12-16,DII,1159.08,823.78,335.3
2011-12-16,FII/FPI,2235.54,2455.79,-220.25
2011-12-19,DII,1138.83,1120.23,18.6
2011-12-19,FII/FPI,2259.17,2709.54,-450.37
2011-12-20,DII,1053.82,867.1,186.72
2011-12-20,FII/FPI,1976.14,2502.4,-526.26
2011-12-21,DII,1019.65,1152.91,-133.26
2011-12-21,FII/FPI,2208.25,2352.48,-144.23
2011-12-22,DII,1045.8,816.06,229.74
2011-12-22,FII/FPI,1852.18,2088.57,-236.39
2011-12-23,DII,651.02,729.57,-78.55
2011-12-23,FII/FPI,1281.1,1196.83,84.27
2011-12-26,DII,435.94,554.92,-118.98
2011-12-26,FII/FPI,547.02,433.59,113.43
2011-12-27,DII,497.22,592.51,-95.29
2011-12-27,FII/FPI,1038.06,823.75,214.31
2011-12-28,DII,532.14,628.63,-96.49
2011-12-28,FII/FPI,1238.81,1157.37,81.44
2011-12-29,DII,996.86,673.79,323.07
2011-12-29,FII/FPI,1504.5,2520.32,-1015.82
2011-12-30,DII,853.68,587.08,266.6
2011-12-30,FII/FPI,969.1,1147.25,-178.15
2012-01-02,DII,1734.93,1767.22,-32.29
2012-01-02,FII/FPI,4997.28,3320.79,1676.49
2012-01-03,DII,998.54,1008.51,-9.97
2012-01-03,FII/FPI,2133.21,2259.73,-126.52
2012-01-06,DII,865.54,660.04,205.5
2012-01-06,FII/FPI,1791.48,2011.86,-220.38
2012-01-08,DII,813.64,986.61,-172.97
2012-01-08,FII/FPI,2014.83,1573.38,441.45
2012-01-10,DII,866.81,1341.01,-474.2
2012-01-10,FII/FPI,2104.6,1897.09,207.51
2012-01-13,DII,1198.43,1375.69,-177.26
2012-01-13,FII/FPI,2508.07,2214.56,293.51
2012-01-16,DII,649.83,879.38,-229.55
2012-01-16,FII/FPI,1980.81,1623.13,357.68
2012-01-17,DII,1292.91,1722.14,-429.23
2012-01-17,FII/FPI,2963.72,1937.97,1025.75
2012-01-18,DII,884.51,1474.78,-590.27
2012-01-18,FII/FPI,3008.08,2132.23,875.85
2012-01-19,DII,1087.26,1333.85,-246.59
2012-01-19,FII/FPI,2796.26,2170.12,626.14
2012-01-20,DII,1221.68,1836.47,-614.79
2012-01-20,FII/FPI,3509.75,2689.91,819.84
2012-01-23,DII,873.05,1311.53,-438.48
2012-01-23,FII/FPI,1579.16,1637.96,-58.8
2012-01-24,DII,1391.98,1654.63,-262.65
2012-01-24,FII/FPI,3011.11,2209.82,801.29
2012-01-25,DII,1162.31,1874.31,-712.0
2012-01-25,FII/FPI,3920.65,2773.64,1147.01
2012-01-27,DII,1036.66,1745.12,-708.46
2012-01-27,FII/FPI,4093.99,2853.83,1240.16
2012-01-30,DII,772.39,1306.08,-533.69
2012-01-30,FII/FPI,2575.35,2777.06,-201.71
2012-01-31,DII,1299.94,1541.2,-241.26
2012-01-31,FII/FPI,3460.78,2836.68,624.1
2012-02-01,DII,579.04,494.7,84.34
2012-02-01,FII/FPI,458.53,552.4,-93.87
2012-02-02,DII,1488.05,2141.19,-653.14
2012-02-02,FII/FPI,5157.5,3216.27,1941.23
2012-02-03,DII,994.28,1064.76,-70.48
2012-02-03,FII/FPI,2395.0,1816.35,578.65
2012-02-04,DII,770.91,843.72,-72.81
2012-02-04,FII/FPI,1861.47,1615.53,245.94
2012-02-05,DII,939.25,868.13,71.12
2012-02-05,FII/FPI,2241.7,2004.23,237.47
2012-02-07,DII,783.2,1230.69,-447.49
2012-02-07,FII/FPI,2104.11,1513.05,591.06
2012-02-08,DII,838.34,904.82,-66.48
2012-02-08,FII/FPI,1653.63,1513.5,140.13
2012-02-13,DII,832.72,1430.03,-597.31
2012-02-13,FII/FPI,2600.01,2130.24,469.77
2012-02-14,DII,1109.31,1517.95,-408.64
2012-02-14,FII/FPI,2955.58,1925.46,1030.12
2012-02-16,DII,1383.42,1773.74,-390.32
2012-02-16,FII/FPI,3251.56,3067.25,184.31
2012-02-17,DII,2419.64,2642.71,-223.07
2012-02-17,FII/FPI,4126.95,3590.46,536.49
2012-02-21,DII,1233.78,2477.93,-1244.15
2012-02-21,FII/FPI,4091.84,2691.67,1400.17
2012-02-22,DII,1215.07,2547.97,-1332.9
2012-02-22,FII/FPI,4033.4,3203.77,829.63
2012-02-23,DII,1453.7,2094.63,-640.93
2012-02-23,FII/FPI,4069.92,3965.37,104.55
2012-02-24,DII,1055.99,1892.7,-836.71
2012-02-24,FII/FPI,11138.59,2183.29,8955.3
2012-02-27,DII,1206.72,1905.86,-699.14
2012-02-27,FII/FPI,2957.94,2628.85,329.09
2012-02-28,DII,1283.87,1871.08,-587.21
2012-02-28,FII/FPI,2937.55,2209.96,727.59
2012-02-29,DII,1113.77,1544.84,-431.07
2012-02-29,FII/FPI,3666.24,3086.61,579.63
2012-03-01,DII,988.27,781.76,206.51
2012-03-01,FII/FPI,1356.89,1101.5,255.39
2012-03-02,DII,1016.04,1931.62,-915.58
2012-03-02,FII/FPI,3193.37,2119.16,1074.21
2012-03-04,DII,1096.77,896.49,200.28
2012-03-04,FII/FPI,1995.03,1662.56,332.47
2012-03-05,DII,791.09,1138.09,-347.0
2012-03-05,FII/FPI,2361.49,2287.75,73.74
2012-03-07,DII,715.98,1259.95,-543.97
2012-03-07,FII/FPI,2233.64,1643.93,589.71
2012-03-08,DII,804.26,1238.91,-434.65
2012-03-08,FII/FPI,1508.84,1300.15,208.69
2012-03-09,DII,682.27,842.97,-160.7
2012-03-09,FII/FPI,1669.48,1724.27,-54.79
2012-03-10,DII,1048.51,1716.65,-668.14
2012-03-10,FII/FPI,3626.4,3024.01,602.39
2012-03-12,DII,1087.32,1423.26,-335.94
2012-03-12,FII/FPI,1955.34,1652.0,303.34
2012-03-13,DII,943.46,1377.2,-433.74
2012-03-13,FII/FPI,2758.88,1886.2,872.68
2012-03-14,DII,1285.06,2142.17,-857.11
2012-03-14,FII/FPI,3813.19,2153.91,1659.28
2012-03-15,DII,809.83,1199.0,-389.17
2012-03-15,FII/FPI,2375.95,2219.93,156.02
2012-03-16,DII,1201.53,1971.92,-770.39
2012-03-16,FII/FPI,3490.69,2607.11,883.58
2012-03-19,DII,1111.51,1407.49,-295.98
2012-03-19,FII/FPI,2387.61,2226.74,160.87
2012-03-20,DII,994.5,1114.85,-120.35
2012-03-20,FII/FPI,2110.5,1999.41,111.09
2012-03-21,DII,956.01,1249.71,-293.7
2012-03-21,FII/FPI,3488.6,2865.96,622.64
2012-03-22,DII,1118.38,1251.51,-133.13
2012-03-22,FII/FPI,2643.39,2396.83,246.56
2012-03-23,DII,689.22,502.41,186.81
2012-03-23,FII/FPI,2310.91,2301.45,9.46
2012-03-26,DII,775.03,975.97,-200.94
2012-03-26,FII/FPI,3998.36,4133.65,-135.29
2012-03-27,DII,1039.42,1329.47,-290.05
2012-03-27,FII/FPI,3009.32,2966.33,42.99
2012-03-28,DII,895.94,822.91,73.03
2012-03-28,FII/FPI,2863.56,3011.62,-148.06
2012-03-29,DII,1408.0,1108.33,299.67
2012-03-29,FII/FPI,3954.15,5287.0,-1332.85
2012-03-30,DII,1096.07,1263.39,-167.32
2012-03-30,FII/FPI,5112.7,4150.05,962.65
2012-04-01,DII,856.02,939.43,-83.41
2012-04-01,FII/FPI,1836.86,1697.89,138.97
2012-04-04,DII,839.54,712.84,126.7
2012-04-04,FII/FPI,1330.46,1284.64,45.82
2012-04-05,DII,1118.42,1398.53,-280.11
2012-04-05,FII/FPI,3419.72,2991.8,427.92
2012-04-06,DII,1102.98,656.75,446.23
2012-04-06,FII/FPI,1492.85,2129.99,-637.14
2012-04-07,DII,1185.24,1347.01,-161.77
2012-04-07,FII/FPI,2135.3,1896.11,239.19
2012-04-09,DII,702.67,808.27,-105.6
2012-04-09,FII/FPI,1634.31,1329.9,304.41
2012-04-10,DII,1327.64,2146.2,-818.56
2012-04-10,FII/FPI,3245.74,2301.21,944.53
2012-04-12,DII,1062.21,1496.31,-434.1
2012-04-12,FII/FPI,2371.34,1831.39,539.95
2012-04-13,DII,1329.61,1809.29,-479.68
2012-04-13,FII/FPI,2634.23,2496.98,137.25
2012-04-16,DII,932.45,714.22,218.23
2012-04-16,FII/FPI,1341.24,1850.67,-509.43
2012-04-17,DII,964.09,1177.3,-213.21
2012-04-17,FII/FPI,2403.64,1962.49,441.15
2012-04-18,DII,988.09,950.21,37.88
2012-04-18,FII/FPI,2478.0,2256.37,221.63
2012-04-19,DII,936.84,835.84,101.0
2012-04-19,FII/FPI,1866.75,1969.21,-102.46
2012-04-20,DII,1059.95,925.21,134.74
2012-04-20,FII/FPI,1729.83,1415.79,314.04
2012-04-23,DII,1206.48,754.78,451.7
2012-04-23,FII/FPI,1351.7,1759.19,-407.49
2012-04-24,DII,1462.54,1043.46,419.08
2012-04-24,FII/FPI,2158.43,3019.21,-860.78
2012-04-25,DII,911.18,870.48,40.7
2012-04-25,FII/FPI,2176.64,2517.48,-340.84
2012-04-26,DII,1491.42,1427.93,63.49
2012-04-26,FII/FPI,3356.74,3732.82,-376.08
2012-04-27,DII,967.17,824.61,142.56
2012-04-27,FII/FPI,2078.31,2454.53,-376.22
2012-04-30,DII,668.05,914.86,-246.81
2012-04-30,FII/FPI,2100.62,1621.09,479.53
2012-05-01,DII,795.65,1084.86,-289.21
2012-05-01,FII/FPI,2247.61,1866.19,381.42
2012-05-03,DII,827.42,1085.75,-258.33
2012-05-03,FII/FPI,1867.04,1741.54,125.5
2012-05-06,DII,1400.18,605.53,794.65
2012-05-06,FII/FPI,1193.74,1874.6,-680.86
2012-05-07,DII,995.17,1198.2,-203.03
2012-05-07,FII/FPI,2659.08,2229.86,429.22
2012-05-09,DII,910.44,1076.72,-166.28
2012-05-09,FII/FPI,2135.61,2324.26,-188.65
2012-05-10,DII,1439.55,1628.65,-189.1
2012-05-10,FII/FPI,6806.29,2454.3,4351.99
2012-05-11,DII,577.07,921.49,-344.42
2012-05-11,FII/FPI,1363.47,989.54,373.93
2012-05-12,DII,1158.06,1797.84,-639.78
2012-05-12,FII/FPI,2819.35,1940.78,878.57
2012-05-14,DII,850.14,995.19,-145.05
2012-05-14,FII/FPI,2080.58,1725.48,355.1
2012-05-15,DII,924.29,1007.14,-82.85
2012-05-15,FII/FPI,1824.1,2008.38,-184.28
2012-05-16,DII,1415.78,1243.95,171.83
2012-05-16,FII/FPI,2239.47,2786.32,-546.85
2012-05-17,DII,955.33,701.18,254.15
2012-05-17,FII/FPI,2289.29,2298.96,-9.67
2012-05-18,DII,1021.59,872.65,148.94
2012-05-18,FII/FPI,1672.69,1921.62,-248.93
2012-05-21,DII,662.44,513.24,149.2
2012-05-21,FII/FPI,1334.72,1414.31,-79.59
2012-05-22,DII,927.65,720.05,207.6
2012-05-22,FII/FPI,1611.91,1895.25,-283.34
2012-05-23,DII,780.79,612.3,168.49
2012-05-23,FII/FPI,1534.16,1895.23,-361.07
2012-05-24,DII,732.16,602.14,130.02
2012-05-24,FII/FPI,1633.59,1739.32,-105.73
2012-05-25,DII,927.63,492.98,434.65
2012-05-25,FII/FPI,1001.53,1625.29,-623.76
2012-05-28,DII,664.38,496.68,167.7
2012-05-28,FII/FPI,1233.83,1124.95,108.88
2012-05-29,DII,727.89,927.29,-199.4
2012-05-29,FII/FPI,1539.21,1448.71,90.5
2012-05-30,DII,558.13,740.74,-182.61
2012-05-30,FII/FPI,2192.44,2203.18,-10.74
2012-05-31,DII,1323.22,1589.6,-266.38
2012-05-31,FII/FPI,6379.64,7045.4,-665.76
2012-06-01,DII,618.95,817.83,-198.88
2012-06-01,FII/FPI,1852.48,1842.04,10.44
2012-06-02,DII,1378.21,1561.33,-183.12
2012-06-02,FII/FPI,3512.46,2514.52,997.94
2012-06-03,DII,1238.12,1058.21,179.91
2012-06-03,FII/FPI,2629.95,2871.17,-241.22
2012-06-06,DII,1411.75,922.61,489.14
2012-06-06,FII/FPI,3310.26,3041.05,269.21
2012-06-07,DII,859.8,1083.27,-223.47
2012-06-07,FII/FPI,1915.84,1344.07,571.77
2012-06-08,DII,876.85,881.08,-4.23
2012-06-08,FII/FPI,1738.14,1182.41,555.73
2012-06-09,DII,887.06,920.82,-33.76
2012-06-09,FII/FPI,1845.81,1679.23,166.58
2012-06-12,DII,1029.28,1692.02,-662.74
2012-06-12,FII/FPI,2855.57,2017.43,838.14
2012-06-13,DII,918.99,842.12,76.87
2012-06-13,FII/FPI,1868.63,1650.95,217.68
2012-06-14,DII,655.4,938.23,-282.83
2012-06-14,FII/FPI,1254.35,1149.27,105.08
2012-06-15,DII,801.7,922.37,-120.67
2012-06-15,FII/FPI,2515.79,2176.79,339.0
2012-06-18,DII,895.55,958.91,-63.36
2012-06-18,FII/FPI,1698.62,1286.21,412.41
2012-06-19,DII,725.48,1004.18,-278.7
2012-06-19,FII/FPI,1668.25,1761.55,-93.3
2012-06-21,DII,1013.08,969.52,43.56
2012-06-21,FII/FPI,1971.61,1852.03,119.58
2012-06-22,DII,884.49,885.76,-1.27
2012-06-22,FII/FPI,1310.71,1484.93,-174.22
2012-06-25,DII,773.18,747.0,26.18
2012-06-25,FII/FPI,1404.14,1251.04,153.1
2012-06-26,DII,625.14,980.19,-355.05
2012-06-26,FII/FPI,1471.53,1458.5,13.03
2012-06-27,DII,709.31,724.38,-15.07
2012-06-27,FII/FPI,1914.47,1828.38,86.09
2012-06-28,DII,1858.24,1085.87,772.37
2012-06-28,FII/FPI,3805.31,4917.94,-1112.63
2012-06-29,DII,1532.57,1783.28,-250.71
2012-06-29,FII/FPI,4747.12,1700.36,3046.76
2012-07-02,DII,916.16,1770.62,-854.46
2012-07-02,FII/FPI,2898.03,2279.19,618.84
2012-07-03,DII,984.58,1114.49,-129.91
2012-07-03,FII/FPI,2240.41,2745.0,-504.59
2012-07-05,DII,1327.64,1053.87,273.77
2012-07-05,FII/FPI,2162.56,2793.37,-630.81
2012-07-06,DII,939.25,972.99,-33.74
2012-07-06,FII/FPI,2737.99,2062.51,675.48
2012-07-08,DII,1234.5,1179.26,55.24
2012-07-08,FII/FPI,2455.56,1639.61,815.95
2012-07-09,DII,1423.49,1205.2,218.29
2012-07-09,FII/FPI,2634.02,2131.84,502.18
2012-07-11,DII,1115.36,1312.31,-196.95
2012-07-11,FII/FPI,2384.38,1655.93,728.45
2012-07-12,DII,1034.47,1832.95,-798.48
2012-07-12,FII/FPI,2854.32,2206.27,648.05
2012-07-13,DII,611.04,981.45,-370.41
2012-07-13,FII/FPI,1957.01,1675.88,281.13
2012-07-16,DII,683.29,723.88,-40.59
2012-07-16,FII/FPI,1639.72,1382.55,257.17
2012-07-17,DII,777.45,1043.66,-266.21
2012-07-17,FII/FPI,2088.27,1613.32,474.95
2012-07-18,DII,821.88,987.63,-165.75
2012-07-18,FII/FPI,2259.49,1983.09,276.4
2012-07-19,DII,924.56,1153.4,-228.84
2012-07-19,FII/FPI,2021.6,1895.82,125.78
2012-07-20,DII,804.38,868.78,-64.4
2012-07-20,FII/FPI,1691.17,1513.06,178.11
2012-07-23,DII,701.25,1055.0,-353.75
2012-07-23,FII/FPI,1530.54,1421.37,109.17
2012-07-24,DII,1091.62,1052.39,39.23
2012-07-24,FII/FPI,1547.31,1800.22,-252.91
2012-07-25,DII,1012.3,1022.77,-10.47
2012-07-25,FII/FPI,1760.39,2132.6,-372.21
2012-07-26,DII,1634.25,1211.55,422.7
2012-07-26,FII/FPI,2831.49,4012.19,-1180.7
2012-07-27,DII,881.56,1136.0,-254.44
2012-07-27,FII/FPI,2812.53,2248.81,563.72
2012-07-30,DII,882.49,1116.21,-233.72
2012-07-30,FII/FPI,2446.4,1517.45,928.95
2012-07-31,DII,827.81,1321.29,-493.48
2012-07-31,FII/FPI,2940.75,2060.79,879.96
2012-08-02,DII,1512.31,1936.77,-424.46
2012-08-02,FII/FPI,4402.73,4018.49,384.24
2012-08-05,DII,1177.65,920.05,257.6
2012-08-05,FII/FPI,1905.58,2304.56,-398.98
2012-08-06,DII,716.51,797.99,-81.48
2012-08-06,FII/FPI,1779.5,1577.49,202.01
2012-08-08,DII,928.83,1723.53,-794.7
2012-08-08,FII/FPI,2751.6,1637.39,1114.21
2012-08-10,DII,820.42,1599.03,-778.61
2012-08-10,FII/FPI,2979.06,2415.22,563.84
2012-08-11,DII,901.63,817.05,84.58
2012-08-11,FII/FPI,2053.35,1792.14,261.21
2012-08-13,DII,701.28,877.62,-176.34
2012-08-13,FII/FPI,2020.01,1680.25,339.76
2012-08-16,DII,1259.33,1034.03,225.3
2012-08-16,FII/FPI,2447.9,2352.89,95.01
2012-08-17,DII,1044.55,1004.36,40.19
2012-08-17,FII/FPI,2169.11,1860.89,308.22
2012-08-21,DII,1022.73,1164.37,-141.64
2012-08-21,FII/FPI,2220.91,2079.54,141.37
2012-08-22,DII,809.99,1040.13,-230.14
2012-08-22,FII/FPI,1554.76,1458.12,96.64
2012-08-23,DII,929.59,1090.69,-161.1
2012-08-23,FII/FPI,2473.72,2161.93,311.79
2012-08-24,DII,806.33,1163.01,-356.68
2012-08-24,FII/FPI,2068.49,1842.43,226.06
2012-08-27,DII,520.7,1021.42,-500.72
2012-08-27,FII/FPI,1507.35,1306.96,200.39
2012-08-28,DII,965.1,1279.49,-314.39
2012-08-28,FII/FPI,2006.02,1912.93,93.09
2012-08-29,DII,850.84,1090.64,-239.8
2012-08-29,FII/FPI,2044.28,1900.98,143.3
2012-08-30,DII,1836.46,1508.35,328.11
2012-08-30,FII/FPI,5167.92,2861.82,2306.1
2012-08-31,DII,1114.32,1286.86,-172.54
2012-08-31,FII/FPI,3084.38,3295.46,-211.08
2012-09-01,DII,583.75,554.49,29.26
2012-09-01,FII/FPI,1790.95,1827.41,-36.46
2012-09-02,DII,964.39,2001.97,-1037.58
2012-09-02,FII/FPI,3985.22,2784.56,1200.66
2012-09-03,DII,1106.66,1119.56,-12.9
2012-09-03,FII/FPI,4039.93,2755.28,1284.65
2012-09-04,DII,586.69,692.51,-105.82
2012-09-04,FII/FPI,1075.5,1344.93,-269.43
2012-09-05,DII,1222.15,1059.78,162.37
2012-09-05,FII/FPI,2202.18,2578.52,-376.34
2012-09-07,DII,627.55,915.2,-287.65
2012-09-07,FII/FPI,1598.62,1345.64,252.98
2012-09-08,DII,989.78,1744.18,-754.4
2012-09-08,FII/FPI,2272.94,1935.8,337.14
2012-09-10,DII,697.69,1128.29,-430.6
2012-09-10,FII/FPI,2327.01,1713.03,613.98
2012-09-13,DII,851.95,1008.0,-156.05
2012-09-13,FII/FPI,2001.61,1640.13,361.48
2012-09-14,DII,1818.41,2506.41,-688.0
2012-09-14,FII/FPI,5355.25,2521.53,2833.72
2012-09-17,DII,2248.96,3086.68,-837.72
2012-09-17,FII/FPI,5889.33,3637.16,2252.17
2012-09-18,DII,1506.03,2176.75,-670.72
2012-09-18,FII/FPI,3764.11,2714.94,1049.17
2012-09-20,DII,1136.67,1467.78,-331.11
2012-09-20,FII/FPI,3187.08,3260.75,-73.67
2012-09-21,DII,1758.29,2885.57,-1127.28
2012-09-21,FII/FPI,6806.02,4478.2,2327.82
2012-09-24,DII,1366.46,2522.91,-1156.45
2012-09-24,FII/FPI,4500.86,2905.14,1595.72
2012-09-25,DII,1058.36,2432.47,-1374.11
2012-09-25,FII/FPI,8586.0,2740.42,5845.58
2012-09-26,DII,1315.8,2011.7,-695.9
2012-09-26,FII/FPI,3601.0,2912.51,688.49
2012-09-27,DII,1496.19,1944.06,-447.87
2012-09-27,FII/FPI,5509.53,5109.79,399.74
2012-09-28,DII,1412.26,2091.32,-679.06
2012-09-28,FII/FPI,3987.75,2757.4,1230.35
2012-10-01,DII,1122.85,1237.96,-115.11
2012-10-01,FII/FPI,2782.51,2458.19,324.32
2012-10-02,DII,1335.59,1384.89,-49.3
2012-10-02,FII/FPI,2672.61,2476.49,196.12
2012-10-04,DII,790.4,980.58,-190.18
2012-10-04,FII/FPI,1864.42,2193.09,-328.67
2012-10-05,DII,1046.05,1189.58,-143.53
2012-10-05,FII/FPI,1916.25,1598.83,317.42
2012-10-07,DII,830.16,1318.49,-488.33
2012-10-07,FII/FPI,2170.26,1563.72,606.54
2012-10-08,DII,786.3,1322.99,-536.69
2012-10-08,FII/FPI,2373.23,2290.07,83.16
2012-10-09,DII,665.1,983.42,-318.32
2012-10-09,FII/FPI,2033.66,1340.93,692.73
2012-10-10,DII,733.42,1129.78,-396.36
2012-10-10,FII/FPI,2079.28,1671.68,407.6
2012-10-12,DII,678.91,1265.49,-586.58
2012-10-12,FII/FPI,2561.71,1863.48,698.23
2012-10-15,DII,657.04,742.56,-85.52
2012-10-15,FII/FPI,1273.02,1252.86,20.16
2012-10-16,DII,1342.58,747.19,595.39
2012-10-16,FII/FPI,1993.26,2197.45,-204.19
2012-10-17,DII,893.12,1141.52,-248.4
2012-10-17,FII/FPI,2176.6,2141.06,35.54
2012-10-18,DII,1208.96,1393.52,-184.56
2012-10-18,FII/FPI,2336.35,2405.22,-68.87
2012-10-22,DII,741.38,879.27,-137.89
2012-10-22,FII/FPI,1882.71,1641.03,241.68
2012-10-23,DII,658.04,956.93,-298.89
2012-10-23,FII/FPI,2211.1,1958.7,252.4
2012-10-25,DII,1061.26,1026.53,34.73
2012-10-25,FII/FPI,4724.36,5275.7,-551.34
2012-10-26,DII,854.24,944.17,-89.93
2012-10-26,FII/FPI,1612.59,1811.43,-198.84
2012-10-29,DII,839.42,849.17,-9.75
2012-10-29,FII/FPI,1563.31,1639.88,-76.57
2012-10-30,DII,1265.79,1297.63,-31.84
2012-10-30,FII/FPI,1448.83,1640.36,-191.53
2012-10-31,DII,1038.05,1135.9,-97.85
2012-10-31,FII/FPI,2194.02,1945.54,248.48
2012-11-01,DII,967.78,1149.96,-182.18
2012-11-01,FII/FPI,2631.16,2199.85,431.31
2012-11-04,DII,943.15,1025.39,-82.24
2012-11-04,FII/FPI,1890.35,2336.12,-445.77
2012-11-05,DII,813.02,1056.31,-243.29
2012-11-05,FII/FPI,1525.07,1366.51,158.56
2012-11-06,DII,739.49,954.15,-214.66
2012-11-06,FII/FPI,1596.61,1466.23,130.38
2012-11-07,DII,759.44,1116.29,-356.85
2012-11-07,FII/FPI,2365.04,2280.62,84.42
2012-11-09,DII,711.27,1077.07,-365.8
2012-11-09,FII/FPI,1735.72,1312.13,423.59
2012-11-10,DII,987.53,1560.85,-573.32
2012-11-10,FII/FPI,3429.18,2386.17,1043.01
2012-11-12,DII,860.59,1888.93,-1028.34
2012-11-12,FII/FPI,3605.68,2295.8,1309.88
2012-11-13,DII,50.48,31.41,19.07
2012-11-13,FII/FPI,120.16,138.25,-18.09
2012-11-15,DII,784.95,1166.62,-381.67
2012-11-15,FII/FPI,3742.91,3696.46,46.45
2012-11-16,DII,919.18,1293.9,-374.72
2012-11-16,FII/FPI,2992.05,2482.34,509.71
2012-11-19,DII,766.47,1269.07,-502.6
2012-11-19,FII/FPI,1738.25,1739.77,-1.52
2012-11-20,DII,769.65,781.18,-11.53
2012-11-20,FII/FPI,2377.81,2234.43,143.38
2012-11-21,DII,756.42,889.5,-133.08
2012-11-21,FII/FPI,2070.57,1887.98,182.59
2012-11-22,DII,674.13,838.13,-164.0
2012-11-22,FII/FPI,1577.55,1462.79,114.76
2012-11-23,DII,532.64,716.91,-184.27
2012-11-23,FII/FPI,1736.16,1369.79,366.37
2012-11-26,DII,600.01,795.67,-195.66
2012-11-26,FII/FPI,1546.55,1383.41,163.14
2012-11-29,DII,1332.51,2228.73,-896.22
2012-11-29,FII/FPI,7345.23,5765.26,1579.97
2012-11-30,DII,1455.74,2254.37,-798.63
2012-11-30,FII/FPI,8357.27,6745.84,1611.43
2012-12-01,DII,944.07,1940.98,-996.91
2012-12-01,FII/FPI,2538.65,2031.85,506.8
2012-12-03,DII,1121.41,918.09,203.32
2012-12-03,FII/FPI,4375.76,3077.12,1298.64
2012-12-04,DII,1087.74,850.34,237.4
2012-12-04,FII/FPI,2030.33,1894.35,135.98
2012-12-06,DII,868.66,922.87,-54.21
2012-12-06,FII/FPI,1423.32,1479.92,-56.6
2012-12-07,DII,841.76,1379.74,-537.98
2012-12-07,FII/FPI,2470.46,2201.92,268.54
2012-12-09,DII,1179.45,1235.21,-55.76
2012-12-09,FII/FPI,1912.55,1461.36,451.19
2012-12-10,DII,1172.31,984.02,188.29
2012-12-10,FII/FPI,2292.36,2091.2,201.16
2012-12-11,DII,909.41,1030.73,-121.32
2012-12-11,FII/FPI,3922.47,3692.74,229.73
2012-12-12,DII,993.2,1358.27,-365.07
2012-12-12,FII/FPI,4380.29,3427.54,952.75
2012-12-13,DII,890.42,1556.09,-665.67
2012-12-13,FII/FPI,3668.94,2412.37,1256.57
2012-12-14,DII,888.98,1401.41,-512.43
2012-12-14,FII/FPI,2666.6,2092.22,574.38
2012-12-17,DII,853.94,1544.27,-690.33
2012-12-17,FII/FPI,3551.68,2665.0,886.68
2012-12-18,DII,1165.96,1657.08,-491.12
2012-12-18,FII/FPI,3343.85,2421.48,922.37
2012-12-19,DII,1016.32,1385.38,-369.06
2012-12-19,FII/FPI,4483.24,3238.28,1244.96
2012-12-20,DII,956.37,1400.39,-444.02
2012-12-20,FII/FPI,2819.74,2352.99,466.75
2012-12-21,DII,1426.05,1167.84,258.21
2012-12-21,FII/FPI,2691.09,2575.74,115.35
2012-12-24,DII,542.53,780.79,-238.26
2012-12-24,FII/FPI,1631.39,1171.72,459.67
2012-12-26,DII,768.47,1069.32,-300.85
2012-12-26,FII/FPI,2035.17,1291.38,743.79
2012-12-27,DII,1287.65,1154.88,132.77
2012-12-27,FII/FPI,3731.45,3864.13,-132.68
2012-12-28,DII,773.1,1303.45,-530.35
2012-12-28,FII/FPI,2685.09,1851.69,833.4
2012-12-31,DII,911.94,1112.91,-200.97
2012-12-31,FII/FPI,1578.97,752.63,826.34
2013-01-01,DII,857.63,1263.77,-406.14
2013-01-01,FII/FPI,885.51,220.46,665.05
2013-01-02,DII,772.15,1860.77,-1088.62
2013-01-02,FII/FPI,3325.94,2562.66,763.28
2013-01-03,DII,1251.36,1297.21,-45.85
2013-01-03,FII/FPI,3876.99,3250.1,626.89
2013-01-04,DII,467.94,737.1,-269.16
2013-01-04,FII/FPI,1854.41,1541.34,313.07
2013-01-07,DII,1196.82,983.22,213.6
2013-01-07,FII/FPI,2272.67,2274.14,-1.47
2013-01-08,DII,1263.28,1556.9,-293.62
2013-01-08,FII/FPI,3704.13,3526.35,177.78
2013-01-10,DII,944.22,818.87,125.35
2013-01-10,FII/FPI,1728.67,1835.63,-106.96
2013-01-11,DII,1002.27,1424.97,-422.7
2013-01-11,FII/FPI,2572.92,2385.97,186.95
2013-01-14,DII,1100.39,2310.94,-1210.55
2013-01-14,FII/FPI,3363.98,2752.88,611.1
2013-01-15,DII,1339.33,2095.17,-755.84
2013-01-15,FII/FPI,3565.73,2488.18,1077.55
2013-01-16,DII,1095.85,1787.61,-691.76
2013-01-16,FII/FPI,3496.14,2466.64,1029.5
2013-01-17,DII,1423.52,1943.3,-519.78
2013-01-17,FII/FPI,3604.1,3039.9,564.2
2013-01-18,DII,1664.39,2632.0,-967.61
2013-01-18,FII/FPI,4327.82,3162.13,1165.69
2013-01-21,DII,1014.43,1904.6,-890.17
2013-01-21,FII/FPI,3434.62,2591.66,842.96
2013-01-22,DII,1002.79,1858.14,-855.35
2013-01-22,FII/FPI,3514.55,2468.15,1046.4
2013-01-23,DII,952.28,1804.61,-852.33
2013-01-23,FII/FPI,3525.59,2722.97,802.62
2013-01-24,DII,1198.24,1950.5,-752.26
2013-01-24,FII/FPI,4522.58,3496.26,1026.32
2013-01-25,DII,779.57,1111.49,-331.92
2013-01-25,FII/FPI,3789.0,3202.13,586.87
2013-01-28,DII,938.84,1803.06,-864.22
2013-01-28,FII/FPI,3277.03,2493.47,783.56
2013-01-29,DII,1157.83,2096.54,-938.71
2013-01-29,FII/FPI,4389.51,3489.68,899.83
2013-01-30,DII,1083.02,2178.84,-1095.82
2013-01-30,FII/FPI,3802.74,2896.38,906.36
2013-01-31,DII,1456.11,2319.71,-863.6
2013-01-31,FII/FPI,5426.07,4467.14,958.93
2013-02-01,DII,1271.09,1688.5,-417.41
2013-02-01,FII/FPI,2341.67,1234.01,1107.66
2013-02-04,DII,780.97,575.17,205.8
2013-02-04,FII/FPI,1979.52,2024.93,-45.41
2013-02-05,DII,1115.58,2014.65,-899.07
2013-02-05,FII/FPI,4608.1,3178.16,1429.94
2013-02-07,DII,993.01,1118.34,-125.33
2013-02-07,FII/FPI,2301.07,2344.27,-43.2
2013-02-08,DII,1174.47,1515.07,-340.6
2013-02-08,FII/FPI,3358.14,3074.35,283.79
2013-02-09,DII,697.06,982.87,-285.81
2013-02-09,FII/FPI,2513.48,2037.56,475.92
2013-02-12,DII,692.3,1310.5,-618.2
2013-02-12,FII/FPI,2247.86,1456.89,790.97
2013-02-13,DII,966.34,1256.03,-289.69
2013-02-13,FII/FPI,3209.04,2408.73,800.31
2013-02-14,DII,1214.65,1463.64,-248.99
2013-02-14,FII/FPI,3365.04,3043.78,321.26
2013-02-15,DII,797.63,1043.61,-245.98
2013-02-15,FII/FPI,2738.61,2491.31,247.3
2013-02-18,DII,668.48,779.03,-110.55
2013-02-18,FII/FPI,2159.61,2016.7,142.91
2013-02-19,DII,510.75,486.08,24.67
2013-02-19,FII/FPI,1641.18,1822.75,-181.57
2013-02-20,DII,597.13,1188.31,-591.18
2013-02-20,FII/FPI,3129.51,2695.92,433.59
2013-02-21,DII,1304.63,1533.41,-228.78
2013-02-21,FII/FPI,4529.02,3315.45,1213.57
2013-02-22,DII,937.21,1289.19,-351.98
2013-02-22,FII/FPI,2864.02,2583.72,280.3
2013-02-25,DII,820.75,982.72,-161.97
2013-02-25,FII/FPI,2527.79,2281.08,246.71
2013-02-26,DII,1213.8,1374.41,-160.61
2013-02-26,FII/FPI,3150.24,3075.56,74.68
2013-02-27,DII,1225.26,1200.56,24.7
2013-02-27,FII/FPI,3666.18,3559.82,106.36
2013-02-28,DII,2491.7,2073.76,417.94
2013-02-28,FII/FPI,7216.0,8533.79,-1317.79
2013-03-01,DII,996.46,1902.42,-905.96
2013-03-01,FII/FPI,3089.48,1692.11,1397.37
2013-03-04,DII,830.24,792.51,37.73
2013-03-04,FII/FPI,2353.92,2722.31,-368.39
2013-03-05,DII,886.12,1678.9,-792.78
2013-03-05,FII/FPI,2903.75,1949.8,953.95
2013-03-06,DII,970.34,1042.15,-71.81
2013-03-06,FII/FPI,2467.79,2554.46,-86.67
2013-03-07,DII,1207.37,954.49,252.88
2013-03-07,FII/FPI,2335.64,3040.7,-705.06
2013-03-09,DII,1400.58,804.15,596.43
2013-03-09,FII/FPI,2065.95,2782.11,-716.16
2013-03-10,DII,1074.65,1567.65,-493.0
2013-03-10,FII/FPI,3891.02,2893.81,997.21
2013-03-11,DII,12.47,12.75,-0.28
2013-03-11,FII/FPI,5.03,1.05,3.98
2013-03-12,DII,883.29,1554.55,-671.26
2013-03-12,FII/FPI,2538.4,2021.81,516.59
2013-03-13,DII,687.28,1121.66,-434.38
2013-03-13,FII/FPI,2508.12,2204.29,303.83
2013-03-14,DII,893.79,1722.98,-829.19
2013-03-14,FII/FPI,3261.11,2654.0,607.11
2013-03-15,DII,1048.84,1633.32,-584.48
2013-03-15,FII/FPI,4384.65,3365.72,1018.93
2013-03-18,DII,615.21,1075.1,-459.89
2013-03-18,FII/FPI,2697.35,2191.35,506.0
2013-03-19,DII,1481.04,1409.66,71.38
2013-03-19,FII/FPI,3881.39,3818.76,62.63
2013-03-20,DII,1225.37,1582.3,-356.93
2013-03-20,FII/FPI,3323.53,3560.25,-236.72
2013-03-21,DII,1249.68,1279.76,-30.08
2013-03-21,FII/FPI,3469.45,3101.14,368.31
2013-03-22,DII,1053.27,1188.84,-135.57
2013-03-22,FII/FPI,2931.55,2945.75,-14.2
2013-03-25,DII,1089.57,1515.18,-425.61
2013-03-25,FII/FPI,3366.18,2648.29,717.89
2013-03-26,DII,928.57,1052.78,-124.21
2013-03-26,FII/FPI,2898.54,2360.27,538.27
2013-03-28,DII,1477.0,1823.12,-346.12
2013-03-28,FII/FPI,5973.44,5399.57,573.87
2013-04-01,DII,1148.55,1973.95,-825.4
2013-04-01,FII/FPI,3187.89,2023.48,1164.41
2013-04-02,DII,746.78,1339.11,-592.33
2013-04-02,FII/FPI,3489.13,2632.19,856.94
2013-04-03,DII,958.88,1069.96,-111.08
2013-04-03,FII/FPI,3422.48,3452.58,-30.1
2013-04-04,DII,921.28,856.55,64.73
2013-04-04,FII/FPI,1942.7,2268.91,-326.21
2013-04-06,DII,802.98,1019.43,-216.45
2013-04-06,FII/FPI,2434.43,2349.64,84.79
2013-04-07,DII,948.57,1024.78,-76.21
2013-04-07,FII/FPI,2079.02,1914.46,164.56
2013-04-09,DII,970.18,1192.54,-222.36
2013-04-09,FII/FPI,2800.26,2627.73,172.53
2013-04-10,DII,843.71,1145.78,-302.07
2013-04-10,FII/FPI,2316.54,1775.18,541.36
2013-04-12,DII,1034.55,1052.6,-18.05
2013-04-12,FII/FPI,2340.77,2288.66,52.11
2013-04-16,DII,792.91,997.8,-204.89
2013-04-16,FII/FPI,3095.66,2503.91,591.75
2013-04-17,DII,1043.55,1304.48,-260.93
2013-04-17,FII/FPI,3714.78,3508.1,206.68
2013-04-18,DII,953.71,1358.93,-405.22
2013-04-18,FII/FPI,3633.75,2693.68,940.07
2013-04-22,DII,1025.65,1468.19,-442.54
2013-04-22,FII/FPI,3656.18,2740.36,915.82
2013-04-23,DII,587.25,1115.54,-528.29
2013-04-23,FII/FPI,2375.76,2149.55,226.21
2013-04-25,DII,1054.58,2324.01,-1269.43
2013-04-25,FII/FPI,6226.62,4776.92,1449.7
2013-04-26,DII,1034.39,1412.17,-377.78
2013-04-26,FII/FPI,3337.36,3112.61,224.75
2013-04-29,DII,1014.58,1380.78,-366.2
2013-04-29,FII/FPI,2855.4,2235.02,620.38
2013-04-30,DII,1119.32,1466.49,-347.17
2013-04-30,FII/FPI,3692.7,2815.77,876.93
2013-05-02,DII,817.08,1756.0,-938.92
2013-05-02,FII/FPI,3256.71,2767.44,489.27
2013-05-03,DII,1164.08,1408.88,-244.8
2013-05-03,FII/FPI,3439.84,3219.05,220.79
2013-05-04,DII,963.91,942.44,21.47
2013-05-04,FII/FPI,2018.73,2221.92,-203.19
2013-05-06,DII,790.34,890.09,-99.75
2013-05-06,FII/FPI,2305.86,2217.37,88.49
2013-05-07,DII,891.54,786.27,105.27
2013-05-07,FII/FPI,1545.4,1561.11,-15.71
2013-05-08,DII,833.89,1137.02,-303.13
2013-05-08,FII/FPI,2900.52,2867.17,33.35
2013-05-09,DII,1158.6,1651.42,-492.82
2013-05-09,FII/FPI,4293.44,3192.03,1101.41
2013-05-11,DII,539.05,1223.01,-683.96
2013-05-11,FII/FPI,2993.35,2830.82,162.53
2013-05-12,DII,1138.04,1812.06,-674.02
2013-05-12,FII/FPI,3925.95,2774.44,1151.51
2013-05-13,DII,651.09,1105.91,-454.82
2013-05-13,FII/FPI,1872.3,1628.21,244.09
2013-05-14,DII,552.49,965.15,-412.66
2013-05-14,FII/FPI,2276.29,1855.3,420.99
2013-05-15,DII,1244.05,1991.16,-747.11
2013-05-15,FII/FPI,4362.4,2715.45,1646.95
2013-05-16,DII,1298.93,1689.35,-390.42
2013-05-16,FII/FPI,3892.2,2821.88,1070.32
2013-05-17,DII,999.2,1715.89,-716.69
2013-05-17,FII/FPI,3140.1,2272.17,867.93
2013-05-20,DII,1011.53,1775.85,-764.32
2013-05-20,FII/FPI,3043.41,2290.04,753.37
2013-05-21,DII,686.14,1552.84,-866.7
2013-05-21,FII/FPI,2837.79,2158.35,679.44
2013-05-22,DII,554.13,1527.28,-973.15
2013-05-22,FII/FPI,2733.2,2193.01,540.19
2013-05-23,DII,1162.23,1700.98,-538.75
2013-05-23,FII/FPI,3783.2,3466.97,316.23
2013-05-24,DII,1080.3,1213.09,-132.79
2013-05-24,FII/FPI,2337.08,2575.64,-238.56
2013-05-27,DII,696.51,1212.9,-516.39
2013-05-27,FII/FPI,2525.75,2119.72,406.03
2013-05-28,DII,708.9,1216.72,-507.82
2013-05-28,FII/FPI,2851.06,2139.94,711.12
2013-05-29,DII,620.84,928.96,-308.12
2013-05-29,FII/FPI,2995.56,2351.75,643.81
2013-05-30,DII,1070.88,1386.74,-315.86
2013-05-30,FII/FPI,5826.88,5039.41,787.47
2013-05-31,DII,1444.31,1241.2,203.11
2013-05-31,FII/FPI,5403.98,5908.0,-504.02
2013-06-02,DII,800.41,2024.48,-1224.07
2013-06-02,FII/FPI,4047.23,2909.27,1137.96
2013-06-03,DII,938.92,1538.91,-599.99
2013-06-03,FII/FPI,3505.68,2981.63,524.05
2013-06-05,DII,622.05,1162.88,-540.83
2013-06-05,FII/FPI,2402.72,1505.26,897.46
2013-06-06,DII,1033.05,734.97,298.08
2013-06-06,FII/FPI,2088.43,2358.9,-270.47
2013-06-08,DII,1217.41,1541.15,-323.74
2013-06-08,FII/FPI,3275.31,3062.57,212.74
2013-06-09,DII,1204.47,1443.0,-238.53
2013-06-09,FII/FPI,3856.12,3055.41,800.71
2013-06-11,DII,600.34,1145.54,-545.2
2013-06-11,FII/FPI,2072.48,1800.78,271.7
2013-06-12,DII,946.59,1690.52,-743.93
2013-06-12,FII/FPI,3111.35,2247.58,863.77
2013-06-13,DII,1691.25,977.48,713.77
2013-06-13,FII/FPI,2460.85,3018.91,-558.06
2013-06-14,DII,1648.51,737.89,910.62
2013-06-14,FII/FPI,3390.93,3696.61,-305.68
2013-06-17,DII,1123.21,761.68,361.53
2013-06-17,FII/FPI,1693.88,1858.98,-165.1
2013-06-18,DII,1246.13,663.48,582.65
2013-06-18,FII/FPI,1784.15,2381.53,-597.38
2013-06-19,DII,1171.53,755.71,415.82
2013-06-19,FII/FPI,1984.88,2529.84,-544.96
2013-06-20,DII,2605.19,1272.69,1332.5
2013-06-20,FII/FPI,2283.48,4377.54,-2094.06
2013-06-21,DII,2167.16,970.51,1196.65
2013-06-21,FII/FPI,2796.9,4565.5,-1768.6
2013-06-24,DII,1897.71,966.6,931.11
2013-06-24,FII/FPI,2344.26,3897.24,-1552.98
2013-06-25,DII,1993.06,1168.7,824.36
2013-06-25,FII/FPI,2519.4,3805.26,-1285.86
2013-06-26,DII,1187.0,850.02,336.98
2013-06-26,FII/FPI,3062.4,3610.19,-547.79
2013-06-27,DII,1290.11,931.73,358.38
2013-06-27,FII/FPI,5110.77,6154.04,-1043.27
2013-06-28,DII,1430.12,2011.4,-581.28
2013-06-28,FII/FPI,5792.07,4667.76,1124.31
2013-07-02,DII,827.75,1817.48,-989.73
2013-07-02,FII/FPI,3121.19,2294.05,827.14
2013-07-03,DII,713.69,1428.8,-715.11
2013-07-03,FII/FPI,3197.69,2567.22,630.47
2013-07-05,DII,744.18,1473.35,-729.17
2013-07-05,FII/FPI,3021.82,2366.61,655.21
2013-07-06,DII,980.79,808.09,172.7
2013-07-06,FII/FPI,2444.08,2286.18,157.9
2013-07-08,DII,1561.88,1300.15,261.73
2013-07-08,FII/FPI,3428.17,3779.09,-350.92
2013-07-10,DII,794.74,1062.2,-267.46
2013-07-10,FII/FPI,2422.94,1928.81,494.13
2013-07-11,DII,613.88,1328.95,-715.07
2013-07-11,FII/FPI,2059.67,1580.43,479.24
2013-07-15,DII,1217.46,763.18,454.28
2013-07-15,FII/FPI,1908.56,2135.81,-227.25
2013-07-16,DII,1371.11,1581.66,-210.55
2013-07-16,FII/FPI,2503.01,2860.41,-357.4
2013-07-17,DII,1902.53,1976.39,-73.86
2013-07-17,FII/FPI,4218.43,4244.52,-26.09
2013-07-18,DII,1423.83,1663.24,-239.41
2013-07-18,FII/FPI,3188.45,3366.74,-178.29
2013-07-19,DII,1364.17,1593.27,-229.1
2013-07-19,FII/FPI,3396.35,3144.09,252.26
2013-07-22,DII,1262.87,963.02,299.85
2013-07-22,FII/FPI,1758.33,2164.35,-406.02
2013-07-23,DII,1072.01,1011.15,60.86
2013-07-23,FII/FPI,2527.54,2316.18,211.36
2013-07-24,DII,1384.44,1713.24,-328.8
2013-07-24,FII/FPI,2871.92,3276.42,-404.5
2013-07-25,DII,1978.18,2116.98,-138.8
2013-07-25,FII/FPI,4232.84,4675.78,-442.94
2013-07-26,DII,1116.55,1605.72,-489.17
2013-07-26,FII/FPI,2787.19,2509.15,278.04
2013-07-29,DII,1108.18,1209.44,-101.26
2013-07-29,FII/FPI,2180.38,2412.15,-231.77
2013-07-30,DII,1256.61,1671.61,-415.0
2013-07-30,FII/FPI,2545.31,2288.86,256.45
2013-07-31,DII,1791.08,1919.1,-128.02
2013-07-31,FII/FPI,5007.17,4864.3,142.87
2013-08-01,DII,735.4,1763.52,-1028.12
2013-08-01,FII/FPI,3177.07,2289.69,887.38
2013-08-02,DII,953.3,1662.66,-709.36
2013-08-02,FII/FPI,4385.02,2894.2,1490.82
2013-08-03,DII,868.5,1705.08,-836.58
2013-08-03,FII/FPI,3442.45,2158.87,1283.58
2013-08-04,DII,777.09,564.37,212.72
2013-08-04,FII/FPI,1546.88,1710.83,-163.95
2013-08-05,DII,782.24,1451.32,-669.08
2013-08-05,FII/FPI,3036.88,2059.89,976.99
2013-08-07,DII,831.09,890.2,-59.11
2013-08-07,FII/FPI,2117.95,2322.41,-204.46
2013-08-08,DII,1484.38,968.23,516.15
2013-08-08,FII/FPI,2888.12,3283.9,-395.78
2013-08-10,DII,706.64,1160.99,-454.35
2013-08-10,FII/FPI,2611.1,2384.78,226.32
2013-08-11,DII,652.33,1567.96,-915.63
2013-08-11,FII/FPI,2366.4,1954.37,412.03
2013-08-13,DII,1242.5,1127.21,115.29
2013-08-13,FII/FPI,3419.1,3192.02,227.08
2013-08-14,DII,1401.47,1152.19,249.28
2013-08-14,FII/FPI,2819.2,2571.24,247.96
2013-08-16,DII,1940.51,1208.28,732.23
2013-08-16,FII/FPI,4336.64,4899.87,-563.23
2013-08-19,DII,1458.93,1086.28,372.65
2013-08-19,FII/FPI,2805.12,3485.2,-680.08
2013-08-20,DII,1991.2,925.05,1066.15
2013-08-20,FII/FPI,2989.94,4414.26,-1424.32
2013-08-21,DII,1831.7,1056.25,775.45
2013-08-21,FII/FPI,3955.22,4747.33,-792.11
2013-08-22,DII,1682.21,1292.55,389.66
2013-08-22,FII/FPI,3531.13,4808.77,-1277.64
2013-08-23,DII,1496.8,740.93,755.87
2013-08-23,FII/FPI,3433.98,3582.55,-148.57
2013-08-26,DII,1472.37,1062.38,409.99
2013-08-26,FII/FPI,2251.05,2858.48,-607.43
2013-08-27,DII,1713.12,1232.62,480.5
2013-08-27,FII/FPI,2936.12,4310.11,-1373.99
2013-08-28,DII,2243.56,1736.78,506.78
2013-08-28,FII/FPI,4107.0,5227.43,-1120.43
2013-08-29,DII,1649.16,1724.96,-75.8
2013-08-29,FII/FPI,4904.11,5152.29,-248.18
2013-08-30,DII,2251.77,1520.7,731.07
2013-08-30,FII/FPI,6422.29,6501.14,-78.85
2013-09-01,DII,1111.15,1629.45,-518.3
2013-09-01,FII/FPI,3784.62,2935.67,848.95
2013-09-04,DII,1628.17,640.36,987.81
2013-09-04,FII/FPI,2080.02,2744.92,-664.9
2013-09-05,DII,736.23,1212.92,-476.69
2013-09-05,FII/FPI,2249.43,1586.55,662.88
2013-09-07,DII,1070.75,1032.92,37.83
2013-09-07,FII/FPI,2603.01,2437.41,165.6
2013-09-10,DII,1265.51,1362.61,-97.1
2013-09-10,FII/FPI,2706.65,2380.07,326.58
2013-09-12,DII,1236.34,2442.15,-1205.81
2013-09-12,FII/FPI,4863.1,2389.93,2473.17
2013-09-13,DII,744.2,896.29,-152.09
2013-09-13,FII/FPI,2688.62,2786.62,-98.0
2013-09-16,DII,1032.31,1457.48,-425.17
2013-09-16,FII/FPI,2829.31,2546.44,282.87
2013-09-17,DII,477.43,978.62,-501.19
2013-09-17,FII/FPI,2345.89,2027.84,318.05
2013-09-18,DII,680.82,1189.23,-508.41
2013-09-18,FII/FPI,2476.35,1896.22,580.13
2013-09-19,DII,1324.83,3154.55,-1829.72
2013-09-19,FII/FPI,7118.16,3574.32,3543.84
2013-09-20,DII,1080.6,1870.82,-790.22
2013-09-20,FII/FPI,5476.38,4530.62,945.76
2013-09-23,DII,822.05,1567.93,-745.88
2013-09-23,FII/FPI,2779.44,2860.01,-80.57
2013-09-24,DII,1036.3,1530.04,-493.74
2013-09-24,FII/FPI,3122.21,3143.3,-21.09
2013-09-25,DII,772.14,1245.42,-473.28
2013-09-25,FII/FPI,3365.87,2983.42,382.45
2013-09-26,DII,1178.09,1540.2,-362.11
2013-09-26,FII/FPI,3432.45,3260.3,172.15
2013-09-27,DII,941.05,1056.32,-115.27
2013-09-27,FII/FPI,1787.12,2032.07,-244.95
2013-09-30,DII,1072.96,983.2,89.76
2013-09-30,FII/FPI,2147.39,2667.03,-519.64
2013-10-04,DII,841.82,644.53,197.29
2013-10-04,FII/FPI,2822.16,2781.94,40.22
2013-10-05,DII,755.87,1258.19,-502.32
2013-10-05,FII/FPI,2395.67,1851.56,544.11
2013-10-06,DII,764.93,834.68,-69.75
2013-10-06,FII/FPI,2229.24,2343.24,-114.0
2013-10-07,DII,1011.37,982.59,28.78
2013-10-07,FII/FPI,2004.86,1929.4,75.46
2013-10-09,DII,954.02,2352.07,-1398.05
2013-10-09,FII/FPI,5984.75,3421.15,2563.6
2013-10-10,DII,933.06,1393.53,-460.47
2013-10-10,FII/FPI,2294.53,1680.26,614.27
2013-10-12,DII,1165.87,1794.03,-628.16
2013-10-12,FII/FPI,4574.97,4179.29,395.68
2013-10-14,DII,555.35,1196.55,-641.2
2013-10-14,FII/FPI,2237.36,1507.07,730.29
2013-10-15,DII,571.31,1606.65,-1035.34
2013-10-15,FII/FPI,2546.04,1409.81,1136.23
2013-10-17,DII,590.91,1740.13,-1149.22
2013-10-17,FII/FPI,3942.6,2832.67,1109.93
2013-10-18,DII,1105.15,1667.38,-562.23
2013-10-18,FII/FPI,3861.16,2108.18,1752.98
2013-10-21,DII,782.48,1506.58,-724.1
2013-10-21,FII/FPI,2871.82,1840.03,1031.79
2013-10-22,DII,639.48,1484.78,-845.3
2013-10-22,FII/FPI,2548.94,1754.04,794.9
2013-10-23,DII,752.53,1298.1,-545.57
2013-10-23,FII/FPI,2605.31,1960.51,644.8
2013-10-24,DII,800.89,1536.29,-735.4
2013-10-24,FII/FPI,2890.31,1898.48,991.83
2013-10-25,DII,657.4,1155.35,-497.95
2013-10-25,FII/FPI,2300.66,1673.67,626.99
2013-10-28,DII,458.04,1360.72,-902.68
2013-10-28,FII/FPI,2328.97,1692.19,636.78
2013-10-29,DII,991.53,1885.57,-894.04
2013-10-29,FII/FPI,2838.12,1735.08,1103.04
2013-10-30,DII,907.29,1457.89,-550.6
2013-10-30,FII/FPI,2910.2,1893.43,1016.77
2013-10-31,DII,1207.4,2041.19,-833.79
2013-10-31,FII/FPI,5667.87,3792.0,1875.87
2013-11-01,DII,1363.88,1879.95,-516.07
2013-11-01,FII/FPI,3507.98,2682.81,825.17
2013-11-02,DII,668.09,1608.99,-940.9
2013-11-02,FII/FPI,3630.49,2634.66,995.83
2013-11-03,DII,830.63,1617.21,-786.58
2013-11-03,FII/FPI,3240.64,2252.42,988.22
2013-11-04,DII,659.02,601.31,57.71
2013-11-04,FII/FPI,3395.11,3358.48,36.63
2013-11-06,DII,1754.63,1441.21,313.42
2013-11-06,FII/FPI,2612.89,3498.74,-885.85
2013-11-07,DII,842.71,1077.32,-234.61
2013-11-07,FII/FPI,2527.29,1889.03,638.26
2013-11-09,DII,1309.22,1695.34,-386.12
2013-11-09,FII/FPI,3272.46,2685.96,586.5
2013-11-10,DII,947.35,1491.54,-544.19
2013-11-10,FII/FPI,2765.32,1754.87,1010.45
2013-11-11,DII,562.01,1344.54,-782.53
2013-11-11,FII/FPI,2317.24,1983.74,333.5
2013-11-12,DII,712.69,1554.64,-841.95
2013-11-12,FII/FPI,2972.33,2009.62,962.71
2013-11-13,DII,892.26,1145.27,-253.01
2013-11-13,FII/FPI,2592.58,2292.88,299.7
2013-11-14,DII,838.72,1249.53,-410.81
2013-11-14,FII/FPI,2624.0,1653.97,970.03
2013-11-18,DII,677.3,1332.7,-655.4
2013-11-18,FII/FPI,3504.59,2346.02,1158.57
2013-11-19,DII,654.41,1380.96,-726.55
2013-11-19,FII/FPI,2835.17,1820.56,1014.61
2013-11-20,DII,711.0,994.81,-283.81
2013-11-20,FII/FPI,2626.72,2546.32,80.4
2013-11-21,DII,623.68,1274.34,-650.66
2013-11-21,FII/FPI,2445.54,2505.34,-59.8
2013-11-22,DII,705.87,958.32,-252.45
2013-11-22,FII/FPI,1864.71,1867.54,-2.83
2013-11-25,DII,667.72,1460.15,-792.43
2013-11-25,FII/FPI,2558.3,1720.5,837.8
2013-11-26,DII,1181.92,1538.82,-356.9
2013-11-26,FII/FPI,6271.27,6610.43,-339.16
2013-11-27,DII,778.26,836.39,-58.13
2013-11-27,FII/FPI,2410.92,2459.45,-48.53
2013-11-28,DII,1790.8,1460.29,330.51
2013-11-28,FII/FPI,3136.23,3033.32,102.91
2013-11-29,DII,1042.58,1144.34,-101.76
2013-11-29,FII/FPI,2632.22,1887.06,745.16
2013-12-02,DII,814.97,1227.12,-412.15
2013-12-02,FII/FPI,2528.32,1924.16,604.16
2013-12-03,DII,625.67,1503.05,-877.38
2013-12-03,FII/FPI,2740.66,2007.41,733.25
2013-12-04,DII,795.91,1107.83,-311.92
2013-12-04,FII/FPI,2858.2,2886.79,-28.59
2013-12-06,DII,1788.65,1070.76,717.89
2013-12-06,FII/FPI,2511.04,3571.21,-1060.17
2013-12-07,DII,1153.92,1298.89,-144.97
2013-12-07,FII/FPI,2902.7,2257.88,644.82
2013-12-08,DII,1122.89,864.08,258.81
2013-12-08,FII/FPI,3227.31,2818.95,408.36
2013-12-09,DII,1065.48,1460.97,-395.49
2013-12-09,FII/FPI,3764.75,2834.21,930.54
2013-12-11,DII,520.8,1391.2,-870.4
2013-12-11,FII/FPI,2558.77,2211.19,347.58
2013-12-12,DII,750.14,1104.99,-354.85
2013-12-12,FII/FPI,2876.19,2688.38,187.81
2013-12-13,DII,991.13,1036.2,-45.07
2013-12-13,FII/FPI,3121.35,3553.37,-432.02
2013-12-16,DII,997.8,1127.3,-129.5
2013-12-16,FII/FPI,2333.74,2174.19,159.55
2013-12-17,DII,1057.52,1154.35,-96.83
2013-12-17,FII/FPI,3130.68,2880.75,249.93
2013-12-18,DII,973.59,1386.6,-413.01
2013-12-18,FII/FPI,4557.33,3358.73,1198.6
2013-12-19,DII,1617.49,1659.08,-41.59
2013-12-19,FII/FPI,4286.14,2022.03,2264.11
2013-12-20,DII,1155.52,1403.47,-247.95
2013-12-20,FII/FPI,3444.87,2454.68,990.19
2013-12-23,DII,980.95,942.6,38.35
2013-12-23,FII/FPI,2781.45,2646.03,135.42
2013-12-24,DII,819.29,863.19,-43.9
2013-12-24,FII/FPI,1175.13,1134.46,40.67
2013-12-26,DII,1133.18,1336.62,-203.44
2013-12-26,FII/FPI,2665.98,1922.28,743.7
2013-12-27,DII,793.34,953.19,-159.85
2013-12-27,FII/FPI,1352.35,1056.59,295.76
2013-12-30,DII,676.58,883.73,-207.15
2013-12-30,FII/FPI,1304.93,1188.87,116.06
2013-12-31,DII,610.9,890.79,-279.89
2013-12-31,FII/FPI,1545.81,1236.11,309.7
2014-01-01,DII,359.2,581.3,-222.1
2014-01-01,FII/FPI,225.1,215.0,10.2
2014-01-02,DII,914.7,1104.4,-189.8
2014-01-02,FII/FPI,2396.2,1722.1,674.0
2014-01-03,DII,927.3,1208.0,-280.8
2014-01-03,FII/FPI,1877.0,1895.0,-18.1
2014-01-04,DII,1158.87,1406.75,-247.88
2014-01-04,FII/FPI,3568.87,3183.21,385.66
2014-01-06,DII,1080.8,1103.4,-22.5
2014-01-06,FII/FPI,1928.9,2247.8,-318.9
2014-01-07,DII,1115.7,1056.2,59.4
2014-01-07,FII/FPI,2227.9,2794.9,-567.0
2014-01-08,DII,1114.1,1202.2,-88.2
2014-01-08,FII/FPI,2789.1,2709.4,79.7
2014-01-09,DII,1172.0,1290.4,-118.4
2014-01-09,FII/FPI,2842.6,2846.4,-3.7
2014-01-10,DII,1315.1,1233.4,81.7
2014-01-10,FII/FPI,3116.2,3048.1,68.2
2014-01-12,DII,1572.33,2127.5,-555.17
2014-01-12,FII/FPI,4336.73,4349.09,-12.36
2014-01-13,DII,779.0,1096.5,-317.5
2014-01-13,FII/FPI,2978.0,2564.1,413.8
2014-01-14,DII,587.2,685.2,-97.9
2014-01-14,FII/FPI,2393.4,2654.3,-260.9
2014-01-15,DII,781.7,1471.7,-690.0
2014-01-15,FII/FPI,3635.2,2922.0,713.3
2014-01-16,DII,868.1,1659.9,-791.8
2014-01-16,FII/FPI,3677.0,3197.7,479.3
2014-01-17,DII,1516.2,1374.6,141.6
2014-01-17,FII/FPI,4973.6,4898.4,75.3
2014-01-20,DII,859.8,1170.3,-310.5
2014-01-20,FII/FPI,2605.6,2220.8,384.9
2014-01-21,DII,1031.9,850.4,181.5
2014-01-21,FII/FPI,2862.5,2906.2,-43.7
2014-01-22,DII,917.0,1007.6,-90.6
2014-01-22,FII/FPI,3241.2,2961.8,279.4
2014-01-23,DII,842.3,1236.0,-393.7
2014-01-23,FII/FPI,3213.9,2780.3,433.6
2014-01-24,DII,1093.4,1171.4,-78.0
2014-01-24,FII/FPI,3136.1,3367.1,-231.0
2014-01-27,DII,1484.0,1333.0,151.0
2014-01-27,FII/FPI,2733.8,4068.0,-1334.2
2014-01-28,DII,2468.3,1289.5,1178.8
2014-01-28,FII/FPI,2756.8,4024.1,-1267.4
2014-01-29,DII,1287.6,1304.5,-16.9
2014-01-29,FII/FPI,3251.5,3001.0,250.5
2014-01-30,DII,1879.0,1747.0,132.0
2014-01-30,FII/FPI,3905.6,4335.8,-430.2
2014-01-31,DII,1294.1,967.1,327.0
2014-01-31,FII/FPI,2798.9,3451.9,-653.0
2014-02-01,DII,914.67,1104.42,-189.75
2014-02-01,FII/FPI,2396.16,1722.11,674.05
2014-02-03,DII,1294.1,967.1,327.0
2014-02-03,FII/FPI,2798.9,3451.9,-653.0
2014-02-04,DII,1969.8,1105.3,864.6
2014-02-04,FII/FPI,1897.8,3131.8,-1234.0
2014-02-05,DII,1610.2,795.0,815.2
2014-02-05,FII/FPI,2286.1,2862.3,-576.2
2014-02-06,DII,1642.0,1031.2,610.8
2014-02-06,FII/FPI,2787.0,2776.2,10.8
2014-02-07,DII,1642.0,1031.2,610.8
2014-02-07,FII/FPI,2787.0,2776.2,10.8
2014-02-09,DII,1820.36,1988.21,-167.85
2014-02-09,FII/FPI,3876.27,3203.46,672.81
2014-02-10,DII,1378.6,1083.8,294.8
2014-02-10,FII/FPI,2052.1,2507.3,-455.2
2014-02-11,DII,1290.1,1047.7,242.4
2014-02-11,FII/FPI,2488.6,2654.0,-165.4
2014-02-12,DII,1377.0,1639.0,-262.0
2014-02-12,FII/FPI,2680.6,2468.6,212.0
2014-02-13,DII,763.6,1056.0,-292.4
2014-02-13,FII/FPI,2470.0,2070.6,399.4
2014-02-14,DII,805.1,850.1,-45.0
2014-02-14,FII/FPI,2345.6,2361.5,-15.9
2014-02-17,DII,490.9,736.0,-245.2
2014-02-17,FII/FPI,2461.5,1938.7,522.8
2014-02-18,DII,738.6,893.5,-154.8
2014-02-18,FII/FPI,2327.1,2034.8,292.2
2014-02-19,DII,458.9,797.6,-338.7
2014-02-19,FII/FPI,1812.2,1343.7,468.5
2014-02-20,DII,457.4,1058.1,-600.7
2014-02-20,FII/FPI,2382.2,2175.7,206.5
2014-02-21,DII,582.2,963.7,-381.6
2014-02-21,FII/FPI,2371.4,1768.0,603.4
2014-02-24,DII,580.6,829.1,-248.5
2014-02-24,FII/FPI,2379.0,2112.2,266.9
2014-02-25,DII,790.5,1079.6,-289.1
2014-02-25,FII/FPI,2649.7,2226.2,423.4
2014-02-26,DII,1163.9,1415.8,-251.9
2014-02-26,FII/FPI,4047.6,3536.5,511.2
2014-02-28,DII,1334.4,1322.4,12.0
2014-02-28,FII/FPI,6737.2,6145.4,591.8
2014-03-01,DII,927.26,1208.03,-280.77
2014-03-01,FII/FPI,1876.98,1895.04,-18.06
2014-03-02,DII,1294.09,967.08,327.01
2014-03-02,FII/FPI,2798.91,3451.88,-652.97
2014-03-03,DII,2717.5,1151.2,1566.3
2014-03-03,FII/FPI,2524.2,2325.6,198.5
2014-03-04,DII,1087.7,1432.2,-344.5
2014-03-04,FII/FPI,2528.9,2343.3,185.6
2014-03-05,DII,984.0,1185.8,-201.8
2014-03-05,FII/FPI,3103.4,2366.1,737.3
2014-03-06,DII,989.2,1556.3,-567.1
2014-03-06,FII/FPI,4038.7,2765.8,1272.9
2014-03-07,DII,1678.0,2347.6,-669.6
2014-03-07,FII/FPI,6398.3,3820.9,2577.4
2014-03-09,DII,1762.22,2231.91,-469.69
2014-03-09,FII/FPI,6178.38,4889.81,1288.57
2014-03-10,DII,1578.4,2623.2,-1044.8
2014-03-10,FII/FPI,5106.7,3853.0,1253.6
2014-03-11,DII,1050.2,2382.0,-1331.7
2014-03-11,FII/FPI,4406.5,2935.3,1471.2
2014-03-12,DII,654.4,1476.4,-822.0
2014-03-12,FII/FPI,3219.2,2354.8,864.4
2014-03-13,DII,1215.5,1529.9,-314.4
2014-03-13,FII/FPI,3955.1,3338.5,616.6
2014-03-14,DII,733.5,1599.9,-866.4
2014-03-14,FII/FPI,3951.4,2969.2,982.2
2014-03-18,DII,1156.7,1358.7,-202.0
2014-03-18,FII/FPI,4629.1,3617.1,1012.0
2014-03-19,DII,1328.8,1939.8,-611.0
2014-03-19,FII/FPI,4655.3,3585.5,1069.7
2014-03-20,DII,945.3,1508.6,-563.3
2014-03-20,FII/FPI,3528.7,2806.7,722.0
2014-03-21,DII,3605.2,7681.8,-4076.6
2014-03-21,FII/FPI,8460.8,4238.6,4222.1
2014-03-24,DII,972.7,1743.1,-770.4
2014-03-24,FII/FPI,3889.5,2423.9,1465.6
2014-03-25,DII,1177.0,1721.0,-544.0
2014-03-25,FII/FPI,3943.0,2720.0,1223.0
2014-03-26,DII,1644.4,2000.6,-356.1
2014-03-26,FII/FPI,3965.8,2961.3,1004.5
2014-03-27,DII,2325.0,2916.8,-591.8
2014-03-27,FII/FPI,8064.5,5872.6,2191.9
2014-03-28,DII,1360.2,1568.6,-208.3
2014-03-28,FII/FPI,4323.8,2960.9,1362.9
2014-03-31,DII,1358.1,1969.3,-611.2
2014-03-31,FII/FPI,4248.8,3306.0,942.9
2014-04-01,DII,1158.9,1406.8,-247.9
2014-04-01,FII/FPI,3568.9,3183.2,385.7
2014-04-02,DII,1455.9,1927.7,-471.8
2014-04-02,FII/FPI,4650.2,4055.5,594.7
2014-04-03,DII,1091.0,1807.6,-716.6
2014-04-03,FII/FPI,4733.2,4015.8,717.4
2014-04-04,DII,977.9,2103.0,-1125.1
2014-04-04,FII/FPI,3106.5,2874.1,232.5
2014-04-07,DII,689.8,1771.2,-1081.4
2014-04-07,FII/FPI,3592.0,2888.2,703.7
2014-04-08,DII,1384.14,1634.94,-250.8
2014-04-08,FII/FPI,4196.86,3824.3,372.56
2014-04-09,DII,1576.7,2040.5,-463.8
2014-04-09,FII/FPI,5347.5,4303.6,1043.9
2014-04-10,DII,1881.9,1868.5,13.4
2014-04-10,FII/FPI,5030.9,4688.1,342.8
2014-04-11,DII,1727.6,1362.7,364.9
2014-04-11,FII/FPI,3790.4,4152.7,-362.3
2014-04-12,DII,1236.04,1822.02,-585.98
2014-04-12,FII/FPI,4043.19,3569.19,474.0
2014-04-15,DII,1150.1,1428.4,-278.3
2014-04-15,FII/FPI,3696.0,3717.6,-21.6
2014-04-16,DII,1058.3,1406.0,-347.7
2014-04-16,FII/FPI,2999.0,3043.7,-44.7
2014-04-17,DII,1531.0,1653.8,-122.8
2014-04-17,FII/FPI,3360.3,2926.9,433.4
2014-04-21,DII,1419.5,1637.2,-217.7
2014-04-21,FII/FPI,2258.2,2045.3,212.8
2014-04-22,DII,1074.3,1372.7,-298.5
2014-04-22,FII/FPI,2520.8,2357.8,162.9
2014-04-23,DII,1732.5,2266.4,-533.9
2014-04-23,FII/FPI,5607.6,4840.0,767.6
2014-04-25,DII,1055.6,1472.9,-417.3
2014-04-25,FII/FPI,4618.4,4323.4,295.0
2014-04-28,DII,931.5,1302.0,-370.5
2014-04-28,FII/FPI,3541.1,3464.1,77.0
2014-04-29,DII,853.0,1403.9,-550.9
2014-04-29,FII/FPI,2736.0,2448.1,288.0
2014-04-30,DII,1329.1,1322.6,6.5
2014-04-30,FII/FPI,4444.9,3990.4,454.5
2014-05-02,DII,772.4,1178.0,-405.6
2014-05-02,FII/FPI,2777.6,2390.7,387.0
2014-05-03,DII,983.98,1185.83,-201.85
2014-05-03,FII/FPI,3103.41,2366.12,737.29
2014-05-05,DII,1065.2,1065.2,0.0
2014-05-05,FII/FPI,2237.0,1957.1,279.9
2014-05-06,DII,1352.0,1407.7,-55.7
2014-05-06,FII/FPI,1702.1,1656.2,45.9
2014-05-07,DII,1250.2,1509.1,-258.9
2014-05-07,FII/FPI,4257.5,4138.4,119.1
2014-05-08,DII,1371.3,1491.2,-119.9
2014-05-08,FII/FPI,3546.4,3183.2,363.2
2014-05-09,DII,1670.2,1745.5,-75.3
2014-05-09,FII/FPI,4671.3,3402.6,1268.8
2014-05-11,DII,1307.55,2512.18,-1204.63
2014-05-11,FII/FPI,7123.22,6092.37,1030.85
2014-05-12,DII,1939.8,1847.3,92.6
2014-05-12,FII/FPI,4606.0,3388.0,1218.0
2014-05-13,DII,1638.1,2287.6,-649.4
2014-05-13,FII/FPI,6199.3,4173.1,2026.2
2014-05-14,DII,1294.0,1704.0,-410.0
2014-05-14,FII/FPI,5378.8,3858.7,1520.1
2014-05-15,DII,1705.4,2090.8,-385.4
2014-05-15,FII/FPI,4821.3,3886.4,934.9
2014-05-16,DII,3329.2,3678.5,-349.3
2014-05-16,FII/FPI,11962.3,8327.5,3634.8
2014-05-19,DII,3299.1,3647.6,-348.5
2014-05-19,FII/FPI,8446.2,7096.2,1350.0
2014-05-20,DII,1560.3,2217.1,-656.8
2014-05-20,FII/FPI,7008.2,7112.7,-104.5
2014-05-21,DII,1575.7,2014.7,-439.0
2014-05-21,FII/FPI,5630.6,5896.8,-266.2
2014-05-22,DII,2086.3,1883.2,203.1
2014-05-22,FII/FPI,6656.0,6951.0,-295.0
2014-05-23,DII,1864.6,2000.1,-135.5
2014-05-23,FII/FPI,6726.7,6309.9,416.8
2014-05-26,DII,2498.8,2707.2,-208.4
2014-05-26,FII/FPI,5744.3,5828.4,-84.1
2014-05-27,DII,1449.1,1544.7,-95.6
2014-05-27,FII/FPI,5062.5,5265.1,-202.6
2014-05-28,DII,1525.5,1558.9,-33.4
2014-05-28,FII/FPI,5553.1,5839.6,-286.5
2014-05-29,DII,2386.4,2191.2,195.2
2014-05-29,FII/FPI,6821.8,7344.7,-522.9
2014-06-01,DII,1080.83,1103.37,-22.54
2014-06-01,FII/FPI,1928.9,2247.81,-318.91
2014-06-02,DII,1478.5,1627.3,-148.8
2014-06-02,FII/FPI,3418.3,3183.8,234.5
2014-06-03,DII,1486.8,1387.0,99.8
2014-06-03,FII/FPI,5615.8,5040.8,575.1
2014-06-05,DII,1807.5,2233.3,-425.8
2014-06-05,FII/FPI,7408.1,6039.1,1369.0
2014-06-06,DII,2036.2,2351.3,-315.2
2014-06-06,FII/FPI,7957.1,6674.0,1283.0
2014-06-08,DII,1148.74,1116.15,32.59
2014-06-08,FII/FPI,4052.29,3768.42,283.87
2014-06-09,DII,1837.4,2327.4,-490.0
2014-06-09,FII/FPI,5617.1,5080.4,536.7
2014-06-10,DII,1312.4,2527.8,-1215.5
2014-06-10,FII/FPI,5397.8,4715.5,682.3
2014-06-11,DII,1311.0,1718.7,-407.8
2014-06-11,FII/FPI,4839.6,5153.0,-313.4
2014-06-12,DII,1146.5,1888.7,-742.2
2014-06-12,FII/FPI,4192.3,3540.0,652.4
2014-06-13,DII,1545.8,1187.1,358.7
2014-06-13,FII/FPI,5305.7,4205.8,1099.9
2014-06-16,DII,1187.2,1635.5,-448.3
2014-06-16,FII/FPI,3715.1,3909.2,-194.1
2014-06-17,DII,1435.2,1671.9,-236.8
2014-06-17,FII/FPI,4641.0,4593.0,48.0
2014-06-18,DII,1649.5,1331.4,318.2
2014-06-18,FII/FPI,4438.7,4072.5,366.2
2014-06-19,DII,1213.2,1331.0,-117.8
2014-06-19,FII/FPI,3982.7,4403.2,-420.5
2014-06-20,DII,1099.2,1025.4,73.8
2014-06-20,FII/FPI,4132.4,4353.1,-220.6
2014-06-23,DII,1655.8,1538.4,117.4
2014-06-23,FII/FPI,2764.5,2979.0,-214.5
2014-06-24,DII,1550.5,1766.7,-216.2
2014-06-24,FII/FPI,3817.7,3533.1,284.6
2014-06-25,DII,1410.3,1844.0,-433.6
2014-06-25,FII/FPI,3739.2,3044.6,694.6
2014-06-26,DII,2034.7,1863.8,170.9
2014-06-26,FII/FPI,4465.6,5067.5,-601.9
2014-06-27,DII,1422.7,1595.1,-172.4
2014-06-27,FII/FPI,3781.0,3598.4,182.6
2014-06-30,DII,1644.6,1825.8,-181.2
2014-06-30,FII/FPI,5228.6,3940.4,1288.2
2014-07-01,DII,1245.3,2019.9,-774.7
2014-07-01,FII/FPI,3790.7,2934.4,856.4
2014-07-02,DII,1471.9,1879.6,-407.7
2014-07-02,FII/FPI,4805.8,3515.1,1290.7
2014-07-03,DII,1209.5,1833.8,-624.2
2014-07-03,FII/FPI,4409.3,3458.5,950.8
2014-07-04,DII,989.2,1842.3,-853.1
2014-07-04,FII/FPI,3626.6,2683.4,943.2
2014-07-05,DII,1250.19,1509.07,-258.88
2014-07-05,FII/FPI,4257.46,4138.35,119.11
2014-07-07,DII,1935.4,2020.6,-85.2
2014-07-07,FII/FPI,5720.0,5521.5,198.6
2014-07-08,DII,1450.3,1849.8,-399.6
2014-07-08,FII/FPI,5138.4,4715.7,422.7
2014-07-09,DII,1620.5,1885.7,-265.2
2014-07-09,FII/FPI,4422.8,3777.7,645.2
2014-07-10,DII,2089.0,2084.1,4.9
2014-07-10,FII/FPI,5059.0,4897.5,161.6
2014-07-11,DII,1926.3,1971.2,-44.9
2014-07-11,FII/FPI,3651.3,4374.8,-723.5
2014-07-14,DII,1352.2,1020.6,331.5
2014-07-14,FII/FPI,3026.3,3584.6,-558.2
2014-07-15,DII,1464.6,992.8,471.8
2014-07-15,FII/FPI,3026.4,3029.8,-3.4
2014-07-16,DII,1600.2,1648.7,-48.5
2014-07-16,FII/FPI,4501.2,3879.5,621.7
2014-07-17,DII,1454.8,2770.8,-1316.0
2014-07-17,FII/FPI,4488.6,2576.2,1912.4
2014-07-18,DII,1074.5,1357.7,-283.2
2014-07-18,FII/FPI,3291.3,2716.8,574.5
2014-07-21,DII,992.3,1173.4,-181.2
2014-07-21,FII/FPI,2674.4,2513.2,161.2
2014-07-22,DII,1482.4,1423.2,59.2
2014-07-22,FII/FPI,3509.4,3097.4,412.0
2014-07-23,DII,1348.3,1640.4,-292.1
2014-07-23,FII/FPI,3652.4,3000.0,652.4
2014-07-24,DII,1224.8,1515.2,-290.4
2014-07-24,FII/FPI,3269.4,2987.0,282.4
2014-07-25,DII,1665.4,1875.4,-210.0
2014-07-25,FII/FPI,3749.7,3624.2,125.5
2014-07-28,DII,1388.9,1333.0,55.9
2014-07-28,FII/FPI,2919.4,2844.4,75.0
2014-07-30,DII,2453.0,1937.4,515.6
2014-07-30,FII/FPI,6133.7,6515.3,-381.7
2014-07-31,DII,3287.2,1866.8,1420.4
2014-07-31,FII/FPI,7142.2,8797.1,-1654.9
2014-08-01,DII,2441.3,1366.6,1074.7
2014-08-01,FII/FPI,4694.5,5767.4,-1073.0
2014-08-04,DII,1384.1,1634.9,-250.8
2014-08-04,FII/FPI,4196.9,3824.3,372.6
2014-08-05,DII,1306.5,1244.3,62.2
2014-08-05,FII/FPI,3029.3,2976.4,52.8
2014-08-06,DII,1148.7,1116.2,32.6
2014-08-06,FII/FPI,4052.3,3768.4,283.9
2014-08-07,DII,1290.1,1061.1,229.0
2014-08-07,FII/FPI,2714.7,2787.8,-73.1
2014-08-08,DII,1560.6,1104.6,456.0
2014-08-08,FII/FPI,2754.4,3258.1,-503.7
2014-08-09,DII,1530.08,2038.45,-508.37
2014-08-09,FII/FPI,4416.57,3253.59,1162.98
2014-08-10,DII,1937.08,1273.99,663.09
2014-08-10,FII/FPI,3252.99,4693.98,-1440.99
2014-08-11,DII,1159.5,925.1,234.4
2014-08-11,FII/FPI,2795.4,2958.3,-162.9
2014-08-12,DII,1222.0,1261.8,-39.8
2014-08-12,FII/FPI,3088.9,2718.1,370.8
2014-08-13,DII,1627.5,1605.5,22.0
2014-08-13,FII/FPI,4745.8,4027.5,718.3
2014-08-14,DII,1487.3,1351.6,135.8
2014-08-14,FII/FPI,3696.4,3071.2,625.2
2014-08-18,DII,1526.4,1036.3,490.0
2014-08-18,FII/FPI,3799.8,3326.4,473.4
2014-08-19,DII,1683.1,1946.4,-263.4
2014-08-19,FII/FPI,4329.5,3770.1,559.4
2014-08-20,DII,1437.2,1918.6,-481.4
2014-08-20,FII/FPI,3505.9,3254.5,251.4
2014-08-21,DII,1881.4,1817.6,63.7
2014-08-21,FII/FPI,3834.4,3421.6,412.8
2014-08-22,DII,1416.5,1600.1,-183.6
2014-08-22,FII/FPI,3351.0,3049.0,302.1
2014-08-25,DII,1252.8,1207.1,45.7
2014-08-25,FII/FPI,2558.7,2431.4,127.3
2014-08-26,DII,1309.8,1569.0,-259.2
2014-08-26,FII/FPI,3212.6,2847.8,364.7
2014-08-27,DII,1797.2,1560.3,237.0
2014-08-27,FII/FPI,3583.3,3293.1,290.2
2014-08-28,DII,2677.8,1947.4,730.4
2014-08-28,FII/FPI,6741.8,7452.4,-710.6
2014-09-01,DII,1135.2,1696.9,-561.7
2014-09-01,FII/FPI,3833.0,3278.9,554.1
2014-09-02,DII,1820.4,1988.2,-167.8
2014-09-02,FII/FPI,3876.3,3203.5,672.8
2014-09-03,DII,1762.2,2231.9,-469.7
2014-09-03,FII/FPI,6178.4,4889.8,1288.6
2014-09-04,DII,1172.6,1727.9,-555.2
2014-09-04,FII/FPI,5458.3,3760.6,1697.7
2014-09-05,DII,1217.3,1572.1,-354.8
2014-09-05,FII/FPI,3807.8,3497.3,310.5
2014-09-06,DII,1837.36,2327.39,-490.03
2014-09-06,FII/FPI,5617.07,5080.39,536.68
2014-09-07,DII,1620.48,1885.67,-265.19
2014-09-07,FII/FPI,4422.85,3777.66,645.19
2014-09-08,DII,1530.1,2038.4,-508.4
2014-09-08,FII/FPI,4416.6,3253.6,1163.0
2014-09-09,DII,1020.7,1772.8,-752.1
2014-09-09,FII/FPI,2716.7,2237.3,479.4
2014-09-10,DII,1210.6,1721.9,-511.2
2014-09-10,FII/FPI,3117.7,3127.6,-9.9
2014-09-11,DII,1450.7,1981.4,-530.7
2014-09-11,FII/FPI,3758.6,3325.0,433.6
2014-09-12,DII,1651.7,1860.2,-208.4
2014-09-12,FII/FPI,3745.7,3562.9,182.8
2014-09-15,DII,1504.8,1579.2,-74.5
2014-09-15,FII/FPI,3035.2,3109.8,-74.6
2014-09-16,DII,2090.2,1624.6,465.6
2014-09-16,FII/FPI,3146.5,3975.5,-829.0
2014-09-17,DII,1635.6,1796.8,-161.2
2014-09-17,FII/FPI,4278.5,4142.4,136.1
2014-09-18,DII,1671.6,1587.2,84.4
2014-09-18,FII/FPI,3383.4,3393.0,-9.6
2014-09-19,DII,1581.4,1344.2,237.2
2014-09-19,FII/FPI,9068.0,9074.5,-6.5
2014-09-22,DII,1309.2,1277.7,31.5
2014-09-22,FII/FPI,2666.5,2852.9,-186.4
2014-09-23,DII,1859.0,1533.3,325.7
2014-09-23,FII/FPI,3951.7,5136.9,-1185.2
2014-09-24,DII,1461.4,1476.7,-15.3
2014-09-24,FII/FPI,3543.2,4336.8,-793.6
2014-09-25,DII,2822.3,2003.7,818.6
2014-09-25,FII/FPI,6309.0,7160.2,-851.2
2014-09-26,DII,2795.9,1460.6,1335.3
2014-09-26,FII/FPI,3622.1,4755.7,-1133.6
2014-09-29,DII,1323.4,1088.8,234.5
2014-09-29,FII/FPI,2643.8,2493.7,150.1
2014-09-30,DII,1855.8,1654.5,201.2
2014-09-30,FII/FPI,4506.8,4992.7,-485.9
2014-10-01,DII,1418.1,1262.4,155.7
2014-10-01,FII/FPI,3534.8,3598.1,-63.2
2014-10-02,DII,1378.61,1083.82,294.79
2014-10-02,FII/FPI,2052.14,2507.32,-455.18
2014-10-03,DII,1578.41,2623.23,-1044.82
2014-10-03,FII/FPI,5106.66,3853.01,1253.65
2014-10-04,DII,1881.94,1868.49,13.45
2014-10-04,FII/FPI,5030.87,4688.12,342.75
2014-10-06,DII,1312.36,2527.83,-1215.47
2014-10-06,FII/FPI,5397.8,4715.54,682.26
2014-10-07,DII,1814.9,1487.2,327.6
2014-10-07,FII/FPI,5056.6,5389.4,-332.8
2014-10-08,DII,1937.1,1274.0,663.1
2014-10-08,FII/FPI,3253.0,4694.0,-1441.0
2014-10-09,DII,2020.1,1396.5,623.6
2014-10-09,FII/FPI,3148.3,3169.2,-20.9
2014-10-10,DII,1866.9,1308.7,558.2
2014-10-10,FII/FPI,2576.5,3296.3,-719.8
2014-10-11,DII,1435.41,1750.34,-314.93
2014-10-11,FII/FPI,4291.6,3936.3,355.3
2014-10-13,DII,1618.8,1052.0,566.8
2014-10-13,FII/FPI,2480.6,3151.6,-671.1
2014-10-14,DII,1826.0,1330.4,495.5
2014-10-14,FII/FPI,2942.1,3636.8,-694.7
2014-10-16,DII,2052.2,1387.7,664.4
2014-10-16,FII/FPI,4206.9,5335.3,-1128.4
2014-10-17,DII,2566.0,1828.7,737.3
2014-10-17,FII/FPI,3554.1,4984.1,-1430.0
2014-10-20,DII,1868.6,2034.7,-166.1
2014-10-20,FII/FPI,5287.3,4247.2,1040.1
2014-10-21,DII,1772.9,1704.0,68.9
2014-10-21,FII/FPI,4695.3,4662.9,32.4
2014-10-22,DII,1641.3,1265.8,375.6
2014-10-22,FII/FPI,3639.4,3631.9,7.5
2014-10-27,DII,1292.0,1282.5,9.6
2014-10-27,FII/FPI,3914.1,3865.0,49.1
2014-10-28,DII,1324.5,1424.1,-99.7
2014-10-28,FII/FPI,3709.1,3817.1,-108.0
2014-10-29,DII,1263.6,1770.8,-507.3
2014-10-29,FII/FPI,4453.4,3667.8,785.6
2014-10-30,DII,2232.7,2326.7,-94.0
2014-10-30,FII/FPI,6643.8,5386.3,1257.5
2014-10-31,DII,2175.7,2452.2,-276.5
2014-10-31,FII/FPI,5582.7,3828.0,1754.7
2014-11-02,DII,1290.08,1047.71,242.37
2014-11-02,FII/FPI,2488.58,2653.98,-165.4
2014-11-03,DII,1334.2,2517.3,-1183.1
2014-11-03,FII/FPI,4459.1,3045.7,1413.3
2014-11-04,DII,1727.61,1362.69,364.92
2014-11-04,FII/FPI,3790.37,4152.66,-362.29
2014-11-05,DII,1307.6,2512.2,-1204.6
2014-11-05,FII/FPI,7123.2,6092.4,1030.8
2014-11-06,DII,1310.96,1718.72,-407.76
2014-11-06,FII/FPI,4839.57,5152.97,-313.4
2014-11-07,DII,1818.3,2010.5,-192.2
2014-11-07,FII/FPI,8091.2,5554.0,2537.1
2014-11-08,DII,1159.48,925.07,234.41
2014-11-08,FII/FPI,2795.42,2958.34,-162.92
2014-11-09,DII,1450.66,1981.37,-530.71
2014-11-09,FII/FPI,3758.59,3325.04,433.55
2014-11-10,DII,1435.4,1750.3,-314.9
2014-11-10,FII/FPI,4291.6,3936.3,355.3
2014-11-11,DII,1181.3,1698.2,-517.0
2014-11-11,FII/FPI,4444.0,3985.9,458.0
2014-11-12,DII,1249.7,1809.1,-559.4
2014-11-12,FII/FPI,4112.9,3653.5,459.5
2014-11-13,DII,1090.9,1829.1,-738.2
2014-11-13,FII/FPI,3933.0,3242.4,690.6
2014-11-14,DII,1418.2,1935.7,-517.5
2014-11-14,FII/FPI,4986.8,4340.9,645.9
2014-11-17,DII,1576.5,1824.3,-247.9
2014-11-17,FII/FPI,3693.8,3037.4,656.4
2014-11-18,DII,1586.1,1818.5,-232.4
2014-11-18,FII/FPI,3900.4,4002.4,-102.0
2014-11-19,DII,1170.4,1661.7,-491.3
2014-11-19,FII/FPI,4313.4,4241.6,71.8
2014-11-20,DII,1271.0,1169.4,101.6
2014-11-20,FII/FPI,3163.4,3640.5,-477.2
2014-11-21,DII,1662.1,1524.5,137.6
2014-11-21,FII/FPI,4134.9,4012.4,122.5
2014-11-24,DII,1606.3,1769.0,-162.8
2014-11-24,FII/FPI,4382.6,3975.2,407.4
2014-11-25,DII,2030.3,2762.4,-732.1
2014-11-25,FII/FPI,13086.8,11917.8,1168.9
2014-11-26,DII,1696.4,2011.0,-314.6
2014-11-26,FII/FPI,3517.5,3336.1,181.5
2014-11-27,DII,2669.1,2332.2,336.8
2014-11-27,FII/FPI,5443.0,5053.3,389.7
2014-11-28,DII,2561.4,3000.7,-439.3
2014-11-28,FII/FPI,5160.1,4224.2,935.9
2014-12-01,DII,1572.3,2127.5,-555.2
2014-12-01,FII/FPI,4336.7,4349.1,-12.4
2014-12-02,DII,1513.2,1553.6,-40.4
2014-12-02,FII/FPI,3570.7,3463.9,106.8
2014-12-03,DII,1976.4,2133.6,-157.2
2014-12-03,FII/FPI,4758.4,4367.3,391.1
2014-12-04,DII,1236.0,1822.0,-586.0
2014-12-04,FII/FPI,4043.2,3569.2,474.0
2014-12-05,DII,1537.3,1371.2,166.0
2014-12-05,FII/FPI,4071.2,4180.7,-109.4
2014-12-06,DII,1146.5,1888.71,-742.21
2014-12-06,FII/FPI,4192.31,3539.96,652.35
2014-12-08,DII,2458.7,1428.1,1030.6
2014-12-08,FII/FPI,8206.6,3222.0,4984.6
2014-12-09,DII,1478.0,1823.4,-345.4
2014-12-09,FII/FPI,3661.3,3882.8,-221.5
2014-12-11,DII,1668.1,1236.1,431.9
2014-12-11,FII/FPI,3726.8,4535.1,-808.3
2014-12-12,DII,1906.9,1583.5,323.4
2014-12-12,FII/FPI,3220.6,4085.6,-865.0
2014-12-15,DII,1702.0,1566.0,136.0
2014-12-15,FII/FPI,3296.8,3752.5,-455.7
2014-12-16,DII,2370.4,1835.8,534.6
2014-12-16,FII/FPI,4005.9,5253.1,-1247.2
2014-12-17,DII,3180.5,1756.6,1423.8
2014-12-17,FII/FPI,4459.0,6095.4,-1636.4
2014-12-18,DII,2126.2,1478.0,648.2
2014-12-18,FII/FPI,3593.3,4468.2,-874.9
2014-12-19,DII,1928.5,1305.7,622.8
2014-12-19,FII/FPI,5238.8,5907.6,-668.8
2014-12-22,DII,1542.8,1153.6,389.1
2014-12-22,FII/FPI,2540.9,2876.2,-335.2
2014-12-23,DII,1845.5,1329.2,516.3
2014-12-23,FII/FPI,2148.2,2593.1,-444.9
2014-12-24,DII,2910.2,2401.1,509.1
2014-12-24,FII/FPI,5113.0,7921.2,-2808.3
2014-12-26,DII,1060.0,642.7,417.3
2014-12-26,FII/FPI,560.6,520.6,40.0
2014-12-29,DII,1154.7,794.4,360.4
2014-12-29,FII/FPI,1419.1,1623.4,-204.2
2014-12-30,DII,971.7,810.9,160.9
2014-12-30,FII/FPI,1684.4,1406.5,277.9
2014-12-31,DII,1161.7,1192.2,-30.6
2014-12-31,FII/FPI,2348.9,1867.8,481.1
2015-01-01,DII,691.1,671.5,19.6
2015-01-01,FII/FPI,248.4,230.2,18.2
2015-01-02,DII,1527.3,1457.5,69.8
2015-01-02,FII/FPI,2083.0,1823.1,259.8
2015-01-04,DII,1558.08,1360.83,197.25
2015-01-04,FII/FPI,3928.44,3718.57,209.87
2015-01-05,DII,1098.3,1674.0,-575.7
2015-01-05,FII/FPI,2569.9,2097.9,472.0
2015-01-06,DII,2646.3,1456.6,1189.6
2015-01-06,FII/FPI,3138.1,4708.9,-1570.8
2015-01-07,DII,2265.7,1664.3,601.4
2015-01-07,FII/FPI,3290.6,4363.7,-1073.2
2015-01-08,DII,2174.4,1885.5,288.9
2015-01-08,FII/FPI,4685.6,5152.4,-466.8
2015-01-09,DII,1876.9,1577.4,299.5
2015-01-09,FII/FPI,4182.2,4480.2,-298.0
2015-01-10,DII,1870.86,1718.68,152.18
2015-01-10,FII/FPI,4111.22,4062.62,48.6
2015-01-12,DII,1097.1,1428.3,-331.2
2015-01-12,FII/FPI,3289.5,3044.6,245.0
2015-01-13,DII,1917.8,1871.8,46.1
2015-01-13,FII/FPI,5046.3,4811.2,235.1
2015-01-14,DII,1647.2,1871.2,-224.0
2015-01-14,FII/FPI,4248.3,4318.0,-69.7
2015-01-15,DII,2142.4,2669.6,-527.3
2015-01-15,FII/FPI,7405.4,5667.1,1738.2
2015-01-16,DII,1417.6,2134.5,-716.9
2015-01-16,FII/FPI,6718.2,5618.2,1099.9
2015-01-19,DII,1373.3,1611.0,-237.7
2015-01-19,FII/FPI,3695.7,3261.9,433.7
2015-01-20,DII,1517.7,2279.3,-761.6
2015-01-20,FII/FPI,4796.0,3520.4,1275.6
2015-01-22,DII,1781.4,2360.0,-578.5
2015-01-22,FII/FPI,5408.4,4815.6,592.8
2015-01-23,DII,1320.2,2620.1,-1300.0
2015-01-23,FII/FPI,7171.8,5151.8,2020.0
2015-01-27,DII,1449.1,2232.4,-783.3
2015-01-27,FII/FPI,7816.2,6862.7,953.5
2015-01-28,DII,1437.0,2729.7,-1292.7
2015-01-28,FII/FPI,7236.2,5513.0,1723.2
2015-01-29,DII,2122.3,3802.4,-1680.1
2015-01-29,FII/FPI,8753.6,7029.9,1723.8
2015-01-30,DII,2282.0,2319.6,-37.6
2015-01-30,FII/FPI,6145.7,6917.3,-771.6
2015-02-01,DII,1527.3,1457.52,69.78
2015-02-01,FII/FPI,2082.96,1823.14,259.82
2015-02-02,DII,1747.1,1971.2,-224.1
2015-02-02,FII/FPI,5639.2,6269.1,-630.0
2015-02-03,DII,1966.3,2103.6,-137.3
2015-02-03,FII/FPI,5723.8,5988.1,-264.4
2015-02-04,DII,1653.4,1725.8,-72.4
2015-02-04,FII/FPI,5057.2,5141.0,-83.8
2015-02-05,DII,2318.2,1992.6,325.6
2015-02-05,FII/FPI,4533.7,4561.1,-27.4
2015-02-06,DII,1339.0,1223.6,115.5
2015-02-06,FII/FPI,4126.5,4223.0,-96.4
2015-02-07,DII,1181.02,1400.04,-219.02
2015-02-07,FII/FPI,3952.13,3376.81,575.32
2015-02-09,DII,1651.0,1181.4,469.6
2015-02-09,FII/FPI,3163.4,3823.7,-660.3
2015-02-10,DII,2442.1,1590.8,851.3
2015-02-10,FII/FPI,4328.7,5589.9,-1261.2
2015-02-11,DII,1674.7,1527.2,147.5
2015-02-11,FII/FPI,3933.7,4304.9,-371.3
2015-02-12,DII,2143.6,1438.1,705.5
2015-02-12,FII/FPI,4296.4,4702.7,-406.3
2015-02-13,DII,2454.1,2358.3,95.8
2015-02-13,FII/FPI,4589.4,4199.1,390.3
2015-02-16,DII,1525.2,1244.4,280.8
2015-02-16,FII/FPI,3707.5,3890.3,-182.8
2015-02-18,DII,2181.2,1853.3,327.9
2015-02-18,FII/FPI,6540.8,4352.9,2188.0
2015-02-19,DII,1498.5,1694.2,-195.7
2015-02-19,FII/FPI,5018.5,3475.8,1542.7
2015-02-20,DII,1722.4,1517.5,204.8
2015-02-20,FII/FPI,3319.0,3408.4,-89.4
2015-02-23,DII,1521.9,1685.7,-163.8
2015-02-23,FII/FPI,4709.7,4107.8,601.9
2015-02-24,DII,1346.9,1493.9,-147.0
2015-02-24,FII/FPI,5482.3,4785.0,697.3
2015-02-25,DII,1737.4,1717.7,19.7
2015-02-25,FII/FPI,4764.4,4248.4,516.1
2015-02-26,DII,2908.3,2567.5,340.8
2015-02-26,FII/FPI,8397.3,6085.1,2312.2
2015-02-27,DII,3072.1,3564.1,-491.9
2015-02-27,FII/FPI,9894.8,7937.6,1957.1
2015-02-28,DII,1569.4,2310.1,-740.7
2015-02-28,FII/FPI,1398.5,784.5,614.0
2015-03-02,DII,2358.8,2178.5,180.4
2015-03-02,FII/FPI,6704.1,6279.3,424.8
2015-03-03,DII,1573.8,1877.7,-303.9
2015-03-03,FII/FPI,5732.6,4959.6,772.9
2015-03-04,DII,2638.9,2622.0,16.9
2015-03-04,FII/FPI,7641.7,4855.5,2786.2
2015-03-05,DII,1704.4,1897.9,-193.5
2015-03-05,FII/FPI,4895.4,4815.6,79.8
2015-03-06,DII,2109.42,1696.76,412.66
2015-03-06,FII/FPI,4868.93,5596.54,-727.61
2015-03-07,DII,951.38,1171.99,-220.61
2015-03-07,FII/FPI,2588.55,2232.26,356.29
2015-03-08,DII,1810.17,1843.53,-33.36
2015-03-08,FII/FPI,4495.44,4145.03,350.41
2015-03-09,DII,1486.2,1521.5,-35.3
2015-03-09,FII/FPI,5752.0,4913.6,838.3
2015-03-10,DII,1873.0,1582.5,290.5
2015-03-10,FII/FPI,4292.2,5040.4,-748.1
2015-03-11,DII,1697.3,2036.3,-339.0
2015-03-11,FII/FPI,4343.9,4788.6,-444.6
2015-03-12,DII,1643.9,2025.9,-381.9
2015-03-12,FII/FPI,5428.9,4695.8,733.1
2015-03-13,DII,1726.2,1797.8,-71.6
2015-03-13,FII/FPI,4841.3,4774.3,67.0
2015-03-16,DII,1469.3,1310.7,158.6
2015-03-16,FII/FPI,4582.9,5345.5,-762.6
2015-03-17,DII,1370.5,1614.2,-243.7
2015-03-17,FII/FPI,5123.1,4857.6,265.5
2015-03-18,DII,1504.1,2387.1,-883.0
2015-03-18,FII/FPI,3985.7,4443.2,-457.4
2015-03-19,DII,1658.1,1604.7,53.5
2015-03-19,FII/FPI,5954.6,4525.9,1428.7
2015-03-20,DII,1577.8,1797.0,-219.2
2015-03-20,FII/FPI,7550.8,7196.2,354.6
2015-03-23,DII,2004.0,1600.1,403.9
2015-03-23,FII/FPI,3074.4,2657.0,417.4
2015-03-24,DII,1858.1,2489.8,-631.7
2015-03-24,FII/FPI,4647.8,3909.9,737.9
2015-03-25,DII,2029.5,1932.9,96.5
2015-03-25,FII/FPI,6910.3,6097.1,813.2
2015-03-26,DII,4287.7,3600.6,687.1
2015-03-26,FII/FPI,7733.4,8254.6,-521.2
2015-03-27,DII,2500.2,1825.4,674.8
2015-03-27,FII/FPI,4924.1,5244.6,-320.5
2015-03-30,DII,1971.8,1320.2,651.7
2015-03-30,FII/FPI,3764.6,4004.9,-240.3
2015-03-31,DII,2256.1,1972.4,283.7
2015-03-31,FII/FPI,5347.9,4991.8,356.1
2015-04-01,DII,1558.1,1360.8,197.2
2015-04-01,FII/FPI,3928.4,3718.6,209.9
2015-04-02,DII,1653.42,1725.77,-72.35
2015-04-02,FII/FPI,5057.23,5141.03,-83.8
2015-04-03,DII,2638.94,2622.05,16.89
2015-04-03,FII/FPI,7641.74,4855.5,2786.24
2015-04-05,DII,1253.94,1107.14,146.8
2015-04-05,FII/FPI,5105.79,5045.26,60.53
2015-04-06,DII,1667.0,1837.0,-170.0
2015-04-06,FII/FPI,4438.0,3501.2,936.8
2015-04-07,DII,1260.0,1586.1,-326.1
2015-04-07,FII/FPI,3718.6,3574.7,144.0
2015-04-08,DII,1919.3,1536.8,382.5
2015-04-08,FII/FPI,4536.3,5015.5,-479.2
2015-04-09,DII,2167.0,1674.2,492.8
2015-04-09,FII/FPI,5589.4,5395.6,193.8
2015-04-10,DII,1671.4,1806.6,-135.2
2015-04-10,FII/FPI,4823.6,4460.9,362.8
2015-04-11,DII,1176.28,1251.18,-74.9
2015-04-11,FII/FPI,3531.96,3498.8,33.16
2015-04-12,DII,2344.24,1275.23,1069.01
2015-04-12,FII/FPI,3561.68,5307.41,-1745.73
2015-04-13,DII,1475.6,1429.2,46.4
2015-04-13,FII/FPI,3760.2,3343.2,417.0
2015-04-15,DII,1704.6,1764.8,-60.2
2015-04-15,FII/FPI,6592.1,6484.1,108.0
2015-04-16,DII,1872.0,1439.8,432.3
2015-04-16,FII/FPI,4354.7,4569.1,-214.4
2015-04-17,DII,1758.2,1685.6,72.5
2015-04-17,FII/FPI,4625.4,5301.1,-675.7
2015-04-20,DII,2328.2,1365.7,962.5
2015-04-20,FII/FPI,5954.5,7461.4,-1506.9
2015-04-21,DII,3348.0,1983.2,1364.8
2015-04-21,FII/FPI,22567.6,5078.9,17488.7
2015-04-22,DII,2228.0,2010.0,218.0
2015-04-22,FII/FPI,4919.6,5829.7,-910.2
2015-04-23,DII,1808.5,1248.9,559.6
2015-04-23,FII/FPI,4938.1,5215.0,-276.8
2015-04-24,DII,2666.6,1770.3,896.3
2015-04-24,FII/FPI,6282.9,7058.4,-775.5
2015-04-27,DII,3286.5,1619.0,1667.5
2015-04-27,FII/FPI,4933.6,6683.0,-1749.3
2015-04-28,DII,3322.5,1785.4,1537.1
2015-04-28,FII/FPI,4601.7,6134.5,-1532.8
2015-04-29,DII,1990.0,1077.5,912.5
2015-04-29,FII/FPI,4453.7,5172.0,-718.3
2015-04-30,DII,4676.6,2215.8,2460.8
2015-04-30,FII/FPI,7711.1,10868.7,-3157.6
2015-05-01,DII,1098.28,1674.02,-575.74
2015-05-01,FII/FPI,2569.89,2097.89,472.0
2015-05-02,DII,2318.25,1992.64,325.61
2015-05-02,FII/FPI,4533.69,4561.12,-27.43
2015-05-03,DII,1704.37,1897.91,-193.54
2015-05-03,FII/FPI,4895.44,4815.6,79.84
2015-05-04,DII,1253.9,1107.1,146.8
2015-05-04,FII/FPI,5105.8,5045.3,60.5
2015-05-05,DII,2182.0,1202.9,979.2
2015-05-05,FII/FPI,4408.3,5164.8,-756.5
2015-05-06,DII,3073.4,1618.4,1455.0
2015-05-06,FII/FPI,5422.2,7121.8,-1699.6
2015-05-07,DII,2732.1,1574.1,1158.0
2015-05-07,FII/FPI,3991.7,5352.4,-1360.7
2015-05-08,DII,2725.6,1611.2,1114.4
2015-05-08,FII/FPI,4236.8,4674.4,-437.6
2015-05-10,DII,2409.69,2043.92,365.77
2015-05-10,FII/FPI,5203.78,4553.88,649.9
2015-05-11,DII,1851.4,1522.8,328.6
2015-05-11,FII/FPI,4529.4,4359.4,170.0
2015-05-12,DII,2545.6,1213.6,1331.9
2015-05-12,FII/FPI,4856.8,6186.2,-1329.4
2015-05-13,DII,2050.6,1796.6,254.0
2015-05-13,FII/FPI,5205.9,5277.1,-71.2
2015-05-14,DII,1367.3,1064.8,302.6
2015-05-14,FII/FPI,4513.6,4587.4,-73.8
2015-05-15,DII,1799.8,1236.2,563.6
2015-05-15,FII/FPI,3595.5,3633.8,-38.3
2015-05-18,DII,2002.9,1384.3,618.5
2015-05-18,FII/FPI,4876.9,5079.0,-202.1
2015-05-19,DII,1693.9,1242.9,451.0
2015-05-19,FII/FPI,4901.8,4853.7,48.1
2015-05-20,DII,1617.2,1513.6,103.6
2015-05-20,FII/FPI,4303.2,4179.7,123.5
2015-05-21,DII,1721.8,1317.8,404.0
2015-05-21,FII/FPI,5938.5,6124.8,-186.3
2015-05-22,DII,1776.8,1539.2,237.6
2015-05-22,FII/FPI,6279.2,6067.8,211.4
2015-05-25,DII,1412.0,1411.8,0.2
2015-05-25,FII/FPI,2458.3,2384.2,74.1
2015-05-26,DII,1835.5,1711.6,123.8
2015-05-26,FII/FPI,4082.6,3967.8,114.8
2015-05-27,DII,2375.1,1781.0,594.0
2015-05-27,FII/FPI,5094.2,6029.2,-935.0
2015-05-28,DII,3145.5,2462.2,683.3
2015-05-28,FII/FPI,6851.8,7644.3,-792.5
2015-05-29,DII,3198.8,5466.7,-2267.9
2015-05-29,FII/FPI,24676.0,22391.7,2284.3
2015-06-01,DII,1589.6,1540.2,49.3
2015-06-01,FII/FPI,4078.4,3965.0,113.5
2015-06-02,DII,1760.0,1488.4,271.6
2015-06-02,FII/FPI,4255.5,4849.7,-594.1
2015-06-03,DII,2109.4,1696.8,412.7
2015-06-03,FII/FPI,4868.9,5596.5,-727.6
2015-06-04,DII,2089.8,1317.7,772.0
2015-06-04,FII/FPI,4968.1,4456.2,511.9
2015-06-05,DII,2190.0,1310.5,879.5
2015-06-05,FII/FPI,3663.8,4214.1,-550.3
2015-06-07,DII,983.3,1392.96,-409.66
2015-06-07,FII/FPI,2863.2,2713.83,149.37
2015-06-08,DII,1810.3,1280.5,529.8
2015-06-08,FII/FPI,2932.6,3681.8,-749.1
2015-06-09,DII,1767.9,1075.6,692.3
2015-06-09,FII/FPI,3152.9,3797.9,-645.0
2015-06-10,DII,1911.2,1123.1,788.1
2015-06-10,FII/FPI,3279.4,3761.6,-482.1
2015-06-11,DII,1875.5,1286.2,589.3
2015-06-11,FII/FPI,3752.8,4375.7,-622.9
2015-06-12,DII,1537.8,832.2,705.6
2015-06-12,FII/FPI,3119.2,3790.1,-671.0
2015-06-15,DII,1390.9,740.4,650.5
2015-06-15,FII/FPI,3028.0,3632.9,-604.9
2015-06-16,DII,1657.0,1012.2,644.8
2015-06-16,FII/FPI,3512.3,4033.9,-521.6
2015-06-17,DII,2728.3,1281.2,1447.1
2015-06-17,FII/FPI,4190.7,5131.6,-940.9
2015-06-18,DII,2297.5,1187.5,1110.0
2015-06-18,FII/FPI,4041.3,4826.0,-784.7
2015-06-19,DII,1555.0,1107.5,447.6
2015-06-19,FII/FPI,6463.4,6569.5,-106.1
2015-06-22,DII,1353.6,1447.7,-94.0
2015-06-22,FII/FPI,3526.3,2875.0,651.3
2015-06-23,DII,1595.9,1191.7,404.2
2015-06-23,FII/FPI,3139.2,3514.2,-375.0
2015-06-24,DII,1721.1,1707.6,13.5
2015-06-24,FII/FPI,4491.2,4398.6,92.6
2015-06-25,DII,2868.4,2876.9,-8.4
2015-06-25,FII/FPI,6954.0,6673.8,280.2
2015-06-26,DII,1775.7,1541.4,234.2
2015-06-26,FII/FPI,3326.7,3530.5,-203.7
2015-06-29,DII,2099.1,1192.7,906.4
2015-06-29,FII/FPI,2788.6,3500.5,-711.9
2015-06-30,DII,2167.8,1587.2,580.6
2015-06-30,FII/FPI,5153.9,5705.3,-551.4
2015-07-01,DII,1345.7,1293.6,52.1
2015-07-01,FII/FPI,4397.6,4322.6,75.0
2015-07-02,DII,1181.0,1400.0,-219.0
2015-07-02,FII/FPI,3952.1,3376.8,575.3
2015-07-03,DII,951.4,1172.0,-220.6
2015-07-03,FII/FPI,2588.6,2232.3,356.3
2015-07-04,DII,1260.02,1586.08,-326.06
2015-07-04,FII/FPI,3718.64,3574.66,143.98
2015-07-05,DII,2732.1,1574.08,1158.02
2015-07-05,FII/FPI,3991.69,5352.38,-1360.69
2015-07-06,DII,983.3,1393.0,-409.7
2015-07-06,FII/FPI,2863.2,2713.8,149.4
2015-07-07,DII,1379.0,1473.8,-94.7
2015-07-07,FII/FPI,3745.1,3721.6,23.5
2015-07-08,DII,1368.2,1714.9,-346.7
2015-07-08,FII/FPI,6943.1,7297.4,-354.3
2015-07-09,DII,1271.4,1192.3,79.1
2015-07-09,FII/FPI,3685.4,3939.5,-254.1
2015-07-10,DII,1785.7,1195.2,590.5
2015-07-10,FII/FPI,4991.6,5456.9,-465.3
2015-07-12,DII,1268.82,1323.72,-54.9
2015-07-12,FII/FPI,3686.75,3751.79,-65.04
2015-07-13,DII,1081.3,1252.8,-171.6
2015-07-13,FII/FPI,3478.0,2950.0,528.0
2015-07-14,DII,1227.3,1358.2,-130.9
2015-07-14,FII/FPI,3148.9,2879.0,269.9
2015-07-15,DII,1384.3,1434.7,-50.4
2015-07-15,FII/FPI,3292.9,2885.2,407.7
2015-07-16,DII,1632.7,1731.2,-98.5
2015-07-16,FII/FPI,3250.4,2504.6,745.8
2015-07-17,DII,1332.0,1507.1,-175.2
2015-07-17,FII/FPI,3347.8,2742.2,605.6
2015-07-20,DII,867.6,1716.4,-848.8
2015-07-20,FII/FPI,3273.2,2558.8,714.4
2015-07-21,DII,2195.4,2049.1,146.3
2015-07-21,FII/FPI,4366.8,4593.7,-226.9
2015-07-22,DII,1617.6,1969.4,-351.8
2015-07-22,FII/FPI,4001.6,3551.2,450.3
2015-07-23,DII,1507.4,1784.1,-276.7
2015-07-23,FII/FPI,3851.6,3666.2,185.4
2015-07-24,DII,2187.6,1991.3,196.4
2015-07-24,FII/FPI,3424.9,3418.3,6.6
2015-07-27,DII,1780.2,1541.5,238.7
2015-07-27,FII/FPI,3837.2,4697.2,-859.9
2015-07-29,DII,1934.8,1292.1,642.7
2015-07-29,FII/FPI,4333.8,4520.0,-186.2
2015-07-30,DII,3322.2,2822.6,499.6
2015-07-30,FII/FPI,5352.0,5522.7,-170.7
2015-07-31,DII,2827.5,1806.2,1021.3
2015-07-31,FII/FPI,5598.3,5876.0,-277.8
2015-08-01,DII,2174.4,1885.52,288.88
2015-08-01,FII/FPI,4685.59,5152.37,-466.78
2015-08-03,DII,1810.2,1843.5,-33.4
2015-08-03,FII/FPI,4495.4,4145.0,350.4
2015-08-04,DII,1842.7,1955.3,-112.6
2015-08-04,FII/FPI,5923.6,5804.8,118.7
2015-08-05,DII,2725.58,1611.2,1114.38
2015-08-05,FII/FPI,4236.79,4674.35,-437.56
2015-08-06,DII,1432.1,1543.8,-111.8
2015-08-06,FII/FPI,4000.7,3891.8,108.9
2015-08-07,DII,1792.2,1758.1,34.1
2015-08-07,FII/FPI,3641.3,3735.0,-93.7
2015-08-09,DII,1760.13,1312.72,447.41
2015-08-09,FII/FPI,2970.3,3629.97,-659.67
2015-08-10,DII,1323.2,1373.3,-50.0
2015-08-10,FII/FPI,3540.0,3554.4,-14.4
2015-08-11,DII,1510.9,1380.1,130.7
2015-08-11,FII/FPI,3488.9,4225.7,-736.8
2015-08-12,DII,2660.0,1436.2,1223.8
2015-08-12,FII/FPI,3785.7,5640.7,-1855.0
2015-08-13,DII,2056.5,1510.6,545.9
2015-08-13,FII/FPI,3854.3,4480.2,-625.9
2015-08-14,DII,1591.6,1412.4,179.2
2015-08-14,FII/FPI,4442.2,4038.5,403.8
2015-08-17,DII,1471.2,1287.4,183.7
2015-08-17,FII/FPI,3507.7,3365.4,142.3
2015-08-18,DII,1194.3,1066.8,127.5
2015-08-18,FII/FPI,3436.0,3691.4,-255.4
2015-08-19,DII,1743.9,1360.6,383.3
2015-08-19,FII/FPI,3132.8,3556.6,-423.7
2015-08-20,DII,2018.1,1450.2,567.9
2015-08-20,FII/FPI,4699.4,5706.6,-1007.3
2015-08-21,DII,3028.5,1504.4,1524.1
2015-08-21,FII/FPI,4583.5,6924.1,-2340.6
2015-08-24,DII,6071.3,1973.4,4097.8
2015-08-24,FII/FPI,4740.9,10016.3,-5275.4
2015-08-25,DII,4509.7,2546.6,1963.1
2015-08-25,FII/FPI,6665.2,8745.2,-2080.0
2015-08-26,DII,3358.3,1477.2,1881.1
2015-08-26,FII/FPI,5050.8,7396.6,-2345.8
2015-08-27,DII,5078.9,2501.8,2577.1
2015-08-27,FII/FPI,7474.4,10821.8,-3347.4
2015-08-28,DII,1832.9,985.5,847.4
2015-08-28,FII/FPI,5682.4,5626.0,56.4
2015-08-31,DII,1819.2,1340.6,478.6
2015-08-31,FII/FPI,9733.8,10285.0,-551.2
2015-09-01,DII,2396.9,1714.9,681.9
2015-09-01,FII/FPI,4308.6,4983.9,-675.3
2015-09-02,DII,2254.0,1373.7,880.3
2015-09-02,FII/FPI,4573.6,6147.0,-1573.4
2015-09-03,DII,2397.3,1556.9,840.4
2015-09-03,FII/FPI,3324.2,3718.6,-394.3
2015-09-04,DII,2760.0,1631.3,1128.7
2015-09-04,FII/FPI,3494.6,4781.7,-1287.1
2015-09-06,DII,1767.86,1075.57,692.29
2015-09-06,FII/FPI,3152.89,3797.91,-645.02
2015-09-07,DII,1522.3,1018.2,504.1
2015-09-07,FII/FPI,2328.8,3155.7,-826.9
2015-09-08,DII,1760.1,1312.7,447.4
2015-09-08,FII/FPI,2970.3,3630.0,-659.7
2015-09-09,DII,2312.8,1118.2,1194.6
2015-09-09,FII/FPI,4143.1,4595.2,-452.1
2015-09-10,DII,1321.6,1255.0,66.6
2015-09-10,FII/FPI,3536.3,3657.5,-121.2
2015-09-11,DII,1648.2,1236.8,411.4
2015-09-11,FII/FPI,2493.9,3248.2,-754.3
2015-09-12,DII,1938.11,1073.4,864.71
2015-09-12,FII/FPI,3096.25,3623.66,-527.41
2015-09-14,DII,1142.2,958.3,183.9
2015-09-14,FII/FPI,2621.2,2562.4,58.8
2015-09-15,DII,1524.7,1044.2,480.5
2015-09-15,FII/FPI,2842.8,3753.6,-910.8
2015-09-16,DII,1664.1,1240.3,423.8
2015-09-16,FII/FPI,3812.9,4150.1,-337.3
2015-09-18,DII,1918.4,1503.3,415.1
2015-09-18,FII/FPI,10656.6,10013.1,643.5
2015-09-21,DII,1135.7,1031.6,104.1
2015-09-21,FII/FPI,3569.4,3414.5,154.9
2015-09-22,DII,1910.7,1532.4,378.3
2015-09-22,FII/FPI,3938.7,4990.9,-1052.2
2015-09-23,DII,2008.0,1116.7,891.4
2015-09-23,FII/FPI,2987.5,4317.6,-1330.1
2015-09-24,DII,2624.1,2573.5,50.7
2015-09-24,FII/FPI,5760.2,5875.3,-115.1
2015-09-28,DII,1802.8,1297.2,505.6
2015-09-28,FII/FPI,3259.1,3909.1,-650.0
2015-09-29,DII,2638.2,1762.0,876.2
2015-09-29,FII/FPI,4120.3,5232.9,-1112.6
2015-09-30,DII,2349.5,2541.3,-191.8
2015-09-30,FII/FPI,7063.3,6947.2,116.1
2015-10-01,DII,1870.9,1718.7,152.2
2015-10-01,FII/FPI,4111.2,4062.6,48.6
2015-10-02,DII,2442.08,1590.76,851.32
2015-10-02,FII/FPI,4328.7,5589.89,-1261.19
2015-10-03,DII,1872.98,1582.5,290.48
2015-10-03,FII/FPI,4292.22,5040.35,-748.13
2015-10-04,DII,1671.41,1806.59,-135.18
2015-10-04,FII/FPI,4823.65,4460.86,362.79
2015-10-05,DII,2409.7,2043.9,365.8
2015-10-05,FII/FPI,5203.8,4553.9,649.9
2015-10-06,DII,2000.7,2425.3,-424.6
2015-10-06,FII/FPI,4402.6,3922.4,480.2
2015-10-07,DII,1427.2,1646.0,-218.8
2015-10-07,FII/FPI,4094.8,4145.4,-50.6
2015-10-08,DII,1382.7,1682.5,-299.8
2015-10-08,FII/FPI,4092.9,4141.8,-48.9
2015-10-09,DII,1583.2,1952.2,-369.0
2015-10-09,FII/FPI,3594.0,3110.2,483.9
2015-10-11,DII,2237.44,1579.11,658.33
2015-10-11,FII/FPI,3205.53,3867.48,-661.95
2015-10-12,DII,1036.6,1211.6,-175.1
2015-10-12,FII/FPI,2770.0,2452.5,317.6
2015-10-13,DII,974.8,1248.3,-273.5
2015-10-13,FII/FPI,3618.1,3345.5,272.6
2015-10-14,DII,1316.3,1524.0,-207.6
2015-10-14,FII/FPI,3574.1,3452.4,121.8
2015-10-16,DII,1603.2,1500.7,102.5
2015-10-16,FII/FPI,3527.3,3090.5,436.8
2015-10-19,DII,1330.0,1576.3,-246.3
2015-10-19,FII/FPI,3464.0,2565.7,898.2
2015-10-20,DII,1821.8,2176.7,-355.0
2015-10-20,FII/FPI,4496.8,3973.1,523.7
2015-10-21,DII,1469.1,1607.8,-138.7
2015-10-21,FII/FPI,2955.8,3004.1,-48.3
2015-10-23,DII,1305.3,1461.2,-155.9
2015-10-23,FII/FPI,4532.5,4303.3,229.2
2015-10-26,DII,1115.1,1645.9,-530.8
2015-10-26,FII/FPI,4111.6,3387.1,724.5
2015-10-27,DII,1487.8,1653.2,-165.4
2015-10-27,FII/FPI,5210.2,5200.7,9.5
2015-10-28,DII,2020.2,1860.0,160.2
2015-10-28,FII/FPI,4429.4,5160.6,-731.2
2015-10-29,DII,2713.8,3013.0,-299.2
2015-10-29,FII/FPI,5675.3,5501.2,174.1
2015-10-30,DII,3291.3,1731.2,1560.1
2015-10-30,FII/FPI,3385.7,4850.6,-1464.9
2015-11-02,DII,1335.6,1190.2,145.4
2015-11-02,FII/FPI,3258.0,3530.7,-272.7
2015-11-03,DII,1603.7,1253.4,350.3
2015-11-03,FII/FPI,3171.2,3621.1,-449.8
2015-11-04,DII,1176.3,1251.2,-74.9
2015-11-04,FII/FPI,3532.0,3498.8,33.2
2015-11-05,DII,1883.9,1247.7,636.2
2015-11-05,FII/FPI,3916.0,4907.8,-991.9
2015-11-06,DII,1900.6,1940.1,-39.4
2015-11-06,FII/FPI,3160.5,2941.3,219.2
2015-11-08,DII,1510.87,1380.13,130.74
2015-11-08,FII/FPI,3488.91,4225.72,-736.81
2015-11-09,DII,2320.2,1699.0,621.2
2015-11-09,FII/FPI,3816.9,4678.0,-861.1
2015-11-10,DII,2237.4,1579.1,658.3
2015-11-10,FII/FPI,3205.5,3867.5,-662.0
2015-11-11,DII,27.5,17.0,10.5
2015-11-11,FII/FPI,190.6,202.5,-11.9
2015-11-12,DII,1790.32,1497.44,292.88
2015-11-12,FII/FPI,3824.52,3570.79,253.73
2015-11-13,DII,1526.8,1455.9,70.9
2015-11-13,FII/FPI,5554.4,6301.1,-746.7
2015-11-16,DII,1664.5,1002.8,661.7
2015-11-16,FII/FPI,3345.6,4396.9,-1051.3
2015-11-17,DII,1697.5,914.5,783.0
2015-11-17,FII/FPI,3500.4,3992.8,-492.4
2015-11-18,DII,1598.4,839.1,759.3
2015-11-18,FII/FPI,2981.0,3749.4,-768.5
2015-11-19,DII,1355.8,1122.0,233.8
2015-11-19,FII/FPI,3486.8,3830.0,-343.2
2015-11-20,DII,1876.7,1266.6,610.2
2015-11-20,FII/FPI,3302.5,3396.6,-94.1
2015-11-23,DII,1361.8,1271.5,90.3
2015-11-23,FII/FPI,3143.4,3178.8,-35.4
2015-11-24,DII,1866.1,1334.0,532.1
2015-11-24,FII/FPI,3252.5,3792.6,-540.1
2015-11-26,DII,3343.2,2394.3,949.0
2015-11-26,FII/FPI,5980.1,6378.2,-398.1
2015-11-27,DII,2074.4,1174.0,900.5
2015-11-27,FII/FPI,2677.0,3196.2,-519.2
2015-11-30,DII,2977.8,2376.0,601.7
2015-11-30,FII/FPI,13538.8,14582.7,-1043.8
2015-12-01,DII,1337.7,1143.0,194.8
2015-12-01,FII/FPI,4097.8,4204.6,-106.8
2015-12-02,DII,1243.4,1321.7,-78.3
2015-12-02,FII/FPI,3712.3,3651.7,60.6
2015-12-03,DII,1613.0,1091.8,521.1
2015-12-03,FII/FPI,3192.7,3804.1,-611.4
2015-12-04,DII,2344.2,1275.2,1069.0
2015-12-04,FII/FPI,3561.7,5307.4,-1745.7
2015-12-05,DII,2545.56,1213.63,1331.93
2015-12-05,FII/FPI,4856.75,6186.18,-1329.43
2015-12-06,DII,1537.78,832.2,705.58
2015-12-06,FII/FPI,3119.17,3790.13,-670.96
2015-12-07,DII,1268.8,1323.7,-54.9
2015-12-07,FII/FPI,3686.8,3751.8,-65.0
2015-12-08,DII,1577.2,986.9,590.3
2015-12-08,FII/FPI,3109.4,3627.9,-518.5
2015-12-09,DII,1938.1,1073.4,864.7
2015-12-09,FII/FPI,3096.2,3623.7,-527.4
2015-12-10,DII,1741.9,1331.0,410.9
2015-12-10,FII/FPI,3226.7,3807.0,-580.3
2015-12-11,DII,1790.3,1497.4,292.9
2015-12-11,FII/FPI,3824.5,3570.8,253.7
2015-12-14,DII,1627.7,1241.3,386.5
2015-12-14,FII/FPI,2764.1,2921.2,-157.1
2015-12-15,DII,1663.8,1389.9,273.9
2015-12-15,FII/FPI,3277.5,3228.9,48.7
2015-12-16,DII,2289.0,1265.0,1024.0
2015-12-16,FII/FPI,2732.5,3235.7,-503.2
2015-12-17,DII,1950.3,2316.5,-366.2
2015-12-17,FII/FPI,4108.6,3470.6,638.0
2015-12-18,DII,1448.0,1853.0,-405.0
2015-12-18,FII/FPI,5642.4,5649.4,-7.0
2015-12-21,DII,1191.3,1128.6,62.7
2015-12-21,FII/FPI,2468.7,2431.3,37.4
2015-12-22,DII,1362.3,1123.9,238.4
2015-12-22,FII/FPI,2578.5,2409.7,168.7
2015-12-23,DII,1743.4,1110.7,632.6
2015-12-23,FII/FPI,2426.4,2040.6,385.8
2015-12-24,DII,842.0,834.0,8.0
2015-12-24,FII/FPI,1181.1,1293.2,-112.0
2015-12-28,DII,2446.5,1458.7,987.8
2015-12-28,FII/FPI,1900.6,2203.2,-302.6
2015-12-29,DII,1473.4,1467.0,6.4
2015-12-29,FII/FPI,2278.4,2269.9,8.5
2015-12-30,DII,1414.4,1488.8,-74.4
2015-12-30,FII/FPI,2088.1,1935.9,152.2
2015-12-31,DII,2781.2,3038.9,-257.7
2015-12-31,FII/FPI,4575.1,3451.7,1123.4
2016-01-01,DII,783.4,864.6,-81.2
2016-01-01,FII/FPI,540.8,312.7,228.1
2016-01-02,DII,1104.5,1640.2,-535.7
2016-01-02,FII/FPI,4211.32,3957.44,253.88
2016-01-03,DII,2203.55,3038.14,-834.59
2016-01-03,FII/FPI,7504.37,4591.78,2912.59
2016-01-04,DII,1371.5,1594.3,-222.8
2016-01-04,FII/FPI,2097.1,2764.2,-667.2
2016-01-05,DII,1631.3,1618.1,13.2
2016-01-05,FII/FPI,3361.4,3713.8,-352.4
2016-01-06,DII,2091.1,1514.6,576.6
2016-01-06,FII/FPI,4452.4,4694.9,-242.5
2016-01-07,DII,2237.5,2046.7,190.9
2016-01-07,FII/FPI,3610.1,4661.9,-1051.7
2016-01-08,DII,2200.6,1196.6,1004.0
2016-01-08,FII/FPI,3802.9,5039.8,-1237.0
2016-01-09,DII,2451.15,2142.99,308.16
2016-01-09,FII/FPI,3344.28,3645.79,-301.51
2016-01-11,DII,1848.5,947.5,901.0
2016-01-11,FII/FPI,3157.8,4477.1,-1319.2
2016-01-12,DII,1860.6,1719.4,141.2
2016-01-12,FII/FPI,3090.5,3631.5,-541.0
2016-01-13,DII,2503.2,1884.4,618.8
2016-01-13,FII/FPI,4316.6,4392.5,-75.9
2016-01-14,DII,3281.5,1755.3,1526.2
2016-01-14,FII/FPI,3096.7,4318.7,-1222.0
2016-01-15,DII,2320.2,1631.4,688.8
2016-01-15,FII/FPI,3172.7,4296.5,-1123.8
2016-01-18,DII,2667.9,1545.1,1122.8
2016-01-18,FII/FPI,3140.6,4344.4,-1203.8
2016-01-19,DII,2691.3,1304.4,1386.8
2016-01-19,FII/FPI,2696.0,3553.7,-857.7
2016-01-20,DII,2882.5,1499.4,1383.1
2016-01-20,FII/FPI,3854.9,5179.6,-1324.7
2016-01-21,DII,2544.1,1276.4,1267.7
2016-01-21,FII/FPI,4042.2,5789.4,-1747.2
2016-01-22,DII,2310.9,1395.3,915.6
2016-01-22,FII/FPI,3920.3,4690.1,-769.8
2016-01-25,DII,1272.5,964.6,307.9
2016-01-25,FII/FPI,3261.6,3352.8,-91.2
2016-01-27,DII,1583.5,1083.5,500.0
2016-01-27,FII/FPI,4355.0,4721.9,-366.9
2016-01-28,DII,2872.1,2477.8,394.2
2016-01-28,FII/FPI,5889.8,6851.6,-961.8
2016-01-29,DII,2121.6,1881.6,240.0
2016-01-29,FII/FPI,5632.7,5061.0,571.7
2016-02-01,DII,1104.5,1640.2,-535.7
2016-02-01,FII/FPI,4211.3,3957.4,253.9
2016-02-02,DII,1346.1,1669.3,-323.2
2016-02-02,FII/FPI,4102.6,4216.6,-114.0
2016-02-03,DII,1455.2,1600.0,-144.8
2016-02-03,FII/FPI,3160.5,3517.6,-357.1
2016-02-04,DII,2040.1,1563.6,476.4
2016-02-04,FII/FPI,3122.0,3317.9,-195.9
2016-02-05,DII,2518.0,1758.0,760.0
2016-02-05,FII/FPI,3051.0,3657.8,-606.8
2016-02-06,DII,1160.57,1737.43,-576.86
2016-02-06,FII/FPI,4472.29,3950.44,521.85
2016-02-08,DII,1531.2,1251.8,279.5
2016-02-08,FII/FPI,1853.3,1937.8,-84.6
2016-02-09,DII,1634.9,1809.1,-174.1
2016-02-09,FII/FPI,1990.0,2670.7,-680.7
2016-02-10,DII,2106.7,1909.8,196.9
2016-02-10,FII/FPI,3632.7,4384.0,-751.3
2016-02-11,DII,2954.0,1731.9,1222.1
2016-02-11,FII/FPI,2976.2,4088.9,-1112.7
2016-02-12,DII,2916.7,2371.7,545.1
2016-02-12,FII/FPI,4690.0,5088.4,-398.4
2016-02-15,DII,3223.7,1236.3,1987.4
2016-02-15,FII/FPI,3661.1,4972.7,-1311.6
2016-02-16,DII,1525.2,934.4,590.7
2016-02-16,FII/FPI,2898.1,3862.3,-964.2
2016-02-17,DII,1511.7,1127.2,384.5
2016-02-17,FII/FPI,3029.0,3589.0,-560.0
2016-02-18,DII,1663.2,951.1,712.1
2016-02-18,FII/FPI,4096.5,3677.8,418.6
2016-02-19,DII,881.3,864.7,16.5
2016-02-19,FII/FPI,2772.8,2964.6,-191.7
2016-02-22,DII,1377.8,780.0,597.9
2016-02-22,FII/FPI,2617.4,3274.3,-656.9
2016-02-23,DII,1385.3,1127.4,257.9
2016-02-23,FII/FPI,3356.1,3645.8,-289.7
2016-02-24,DII,1484.2,878.3,605.9
2016-02-24,FII/FPI,2953.8,3684.8,-731.0
2016-02-25,DII,2569.2,1762.2,807.0
2016-02-25,FII/FPI,4959.8,6425.5,-1465.7
2016-02-26,DII,2043.5,1259.3,784.1
2016-02-26,FII/FPI,2807.4,3502.8,-695.4
2016-02-29,DII,2856.4,1411.1,1445.2
2016-02-29,FII/FPI,8321.3,10339.4,-2018.0
2016-03-01,DII,2203.6,3038.1,-834.6
2016-03-01,FII/FPI,7504.4,4591.8,2912.6
2016-03-02,DII,2024.9,2618.6,-593.7
2016-03-02,FII/FPI,5877.6,4440.1,1437.5
2016-03-03,DII,1845.4,2310.1,-464.8
2016-03-03,FII/FPI,4363.8,3451.8,912.0
2016-03-04,DII,1393.4,1926.5,-533.1
2016-03-04,FII/FPI,4231.6,3560.0,671.6
2016-03-05,DII,1945.94,1461.3,484.64
2016-03-05,FII/FPI,3598.55,4353.83,-755.28
2016-03-06,DII,1439.25,1832.46,-393.21
2016-03-06,FII/FPI,5571.69,3986.68,1585.01
2016-03-08,DII,800.8,2142.3,-1341.5
2016-03-08,FII/FPI,7088.2,6313.1,775.1
2016-03-09,DII,1170.7,1994.3,-823.6
2016-03-09,FII/FPI,4868.2,4405.3,462.9
2016-03-10,DII,952.1,1550.1,-598.0
2016-03-10,FII/FPI,4727.4,3664.3,1063.1
2016-03-11,DII,1163.2,1596.0,-432.8
2016-03-11,FII/FPI,3499.0,3120.6,378.4
2016-03-14,DII,1076.7,1882.0,-805.3
2016-03-14,FII/FPI,5565.0,4529.3,1035.6
2016-03-15,DII,1512.3,1814.6,-302.3
2016-03-15,FII/FPI,3789.7,3843.7,-54.0
2016-03-16,DII,1031.9,1712.0,-680.2
2016-03-16,FII/FPI,3675.2,3049.6,625.6
2016-03-17,DII,1945.2,2113.6,-168.4
2016-03-17,FII/FPI,4998.0,4253.5,744.5
2016-03-18,DII,1570.8,1974.1,-403.4
2016-03-18,FII/FPI,7132.6,5420.0,1712.6
2016-03-21,DII,1497.7,2116.5,-618.8
2016-03-21,FII/FPI,4791.9,3395.6,1396.3
2016-03-22,DII,1167.8,2098.2,-930.4
2016-03-22,FII/FPI,4945.3,3849.8,1095.4
2016-03-23,DII,1596.5,2619.1,-1022.6
2016-03-23,FII/FPI,3924.0,2947.1,976.9
2016-03-28,DII,1408.8,3903.3,-2494.4
2016-03-28,FII/FPI,5346.5,3303.6,2042.9
2016-03-29,DII,1834.1,2390.8,-556.7
2016-03-29,FII/FPI,4577.6,4064.2,513.4
2016-03-30,DII,1907.3,2304.2,-396.9
2016-03-30,FII/FPI,5866.3,4423.8,1442.5
2016-03-31,DII,3473.1,6363.6,-2890.6
2016-03-31,FII/FPI,11230.7,7174.1,4056.6
2016-04-01,DII,1159.8,1679.7,-519.9
2016-04-01,FII/FPI,3725.5,3511.5,214.0
2016-04-02,DII,2040.07,1563.63,476.44
2016-04-02,FII/FPI,3121.98,3317.9,-195.92
2016-04-03,DII,1393.43,1926.53,-533.1
2016-04-03,FII/FPI,4231.6,3560.03,671.57
2016-04-04,DII,1311.6,1645.3,-333.7
2016-04-04,FII/FPI,2948.1,2711.3,236.8
2016-04-05,DII,1737.7,1681.9,55.8
2016-04-05,FII/FPI,3262.0,4062.8,-800.8
2016-04-06,DII,1727.3,1468.6,258.7
2016-04-06,FII/FPI,2600.1,3093.7,-493.6
2016-04-07,DII,1939.8,1562.35,377.45
2016-04-07,FII/FPI,2992.7,2810.42,182.28
2016-04-08,DII,1235.4,1394.4,-159.0
2016-04-08,FII/FPI,2609.1,2428.8,180.3
2016-04-10,DII,2315.48,2487.71,-172.23
2016-04-10,FII/FPI,4779.15,4435.02,344.13
2016-04-11,DII,5115.39,4025.53,1089.86
2016-04-11,FII/FPI,4277.18,4620.48,-343.3
2016-04-13,DII,2519.3,2249.4,269.9
2016-04-13,FII/FPI,4923.8,4279.5,644.3
2016-04-18,DII,1628.9,1942.1,-313.2
2016-04-18,FII/FPI,6118.6,5140.6,978.0
2016-04-20,DII,1363.4,1663.5,-300.1
2016-04-20,FII/FPI,6021.7,6101.8,-80.1
2016-04-21,DII,2168.3,2102.6,65.7
2016-04-21,FII/FPI,5625.7,4820.2,805.4
2016-04-22,DII,1500.3,1668.9,-168.6
2016-04-22,FII/FPI,3701.4,3510.4,191.1
2016-04-25,DII,1075.2,1823.1,-748.0
2016-04-25,FII/FPI,5698.6,5476.2,222.3
2016-04-26,DII,1488.4,1467.2,21.2
2016-04-26,FII/FPI,4855.7,4343.5,512.2
2016-04-27,DII,1656.5,1951.6,-295.1
2016-04-27,FII/FPI,4412.6,4001.6,411.0
2016-04-28,DII,2245.9,2662.1,-416.2
2016-04-28,FII/FPI,9061.0,8940.4,120.6
2016-04-29,DII,1649.2,1621.1,28.1
2016-04-29,FII/FPI,4399.7,4605.0,-205.3
2016-05-01,DII,1631.28,1618.09,13.19
2016-05-01,FII/FPI,3361.38,3713.8,-352.42
2016-05-02,DII,944.8,1054.4,-109.6
2016-05-02,FII/FPI,2977.7,2542.7,434.9
2016-05-03,DII,1945.9,1461.3,484.6
2016-05-03,FII/FPI,3598.6,4353.8,-755.3
2016-05-04,DII,1664.7,1743.5,-78.8
2016-05-04,FII/FPI,3706.0,3772.4,-66.4
2016-05-05,DII,1397.9,1146.1,251.8
2016-05-05,FII/FPI,3722.0,4110.5,-388.5
2016-05-06,DII,1154.4,974.6,179.8
2016-05-06,FII/FPI,2768.1,2740.4,27.7
2016-05-07,DII,1214.93,1662.41,-447.48
2016-05-07,FII/FPI,3237.69,2972.06,265.63
2016-05-08,DII,2163.06,1546.74,616.32
2016-05-08,FII/FPI,4264.48,3828.85,435.63
2016-05-09,DII,1787.2,1436.6,350.6
2016-05-09,FII/FPI,3900.4,3676.0,224.4
2016-05-10,DII,1647.0,1578.8,68.2
2016-05-10,FII/FPI,3858.4,3529.8,328.6
2016-05-11,DII,2166.2,1436.6,729.6
2016-05-11,FII/FPI,4131.7,4493.9,-362.2
2016-05-12,DII,1553.1,1294.8,258.4
2016-05-12,FII/FPI,3483.9,3459.7,24.1
2016-05-13,DII,2213.8,1546.7,667.0
2016-05-13,FII/FPI,5590.5,4096.6,1493.9
2016-05-16,DII,1480.4,1608.3,-127.9
2016-05-16,FII/FPI,3888.8,3968.7,-79.8
2016-05-18,DII,1620.0,1380.1,239.9
2016-05-18,FII/FPI,3809.5,4060.2,-250.7
2016-05-19,DII,2725.6,1242.0,1483.6
2016-05-19,FII/FPI,4205.4,4970.0,-764.6
2016-05-20,DII,1683.3,1085.8,597.5
2016-05-20,FII/FPI,2997.8,3741.6,-743.9
2016-05-23,DII,1646.4,1814.1,-167.8
2016-05-23,FII/FPI,3089.8,3155.4,-65.6
2016-05-24,DII,2130.2,1140.2,990.0
2016-05-24,FII/FPI,3561.8,4377.3,-815.5
2016-05-25,DII,1891.4,1554.2,337.2
2016-05-25,FII/FPI,3741.4,3246.3,495.1
2016-05-26,DII,3047.6,2362.2,685.4
2016-05-26,FII/FPI,6476.4,5895.1,581.3
2016-05-27,DII,2021.9,1952.6,69.3
2016-05-27,FII/FPI,4618.9,4139.0,479.9
2016-05-30,DII,1318.8,1529.9,-211.1
2016-05-30,FII/FPI,4100.6,3745.0,355.5
2016-05-31,DII,2836.7,2776.4,60.3
2016-05-31,FII/FPI,18888.6,19003.1,-114.5
2016-06-01,DII,1258.4,1418.9,-160.5
2016-06-01,FII/FPI,3986.3,3726.4,259.9
2016-06-02,DII,1160.6,1737.4,-576.9
2016-06-02,FII/FPI,4472.3,3950.4,521.8
2016-06-03,DII,1439.2,1832.5,-393.2
2016-06-03,FII/FPI,5571.7,3986.7,1585.0
2016-06-04,DII,1727.29,1468.61,258.68
2016-06-04,FII/FPI,2600.13,3093.69,-493.56
2016-06-05,DII,1154.35,974.55,179.8
2016-06-05,FII/FPI,2768.13,2740.42,27.71
2016-06-06,DII,1289.0,1519.6,-230.6
2016-06-06,FII/FPI,5016.4,4988.1,28.3
2016-06-07,DII,1657.6,1611.2,46.3
2016-06-07,FII/FPI,6012.0,5512.2,499.7
2016-06-08,DII,1263.7,1521.5,-257.8
2016-06-08,FII/FPI,4207.3,3678.1,529.2
2016-06-09,DII,1507.0,1824.8,-317.7
2016-06-09,FII/FPI,3552.0,3317.8,234.2
2016-06-10,DII,1399.4,1565.0,-165.6
2016-06-10,FII/FPI,3510.3,3309.0,201.3
2016-06-12,DII,1162.7,1327.38,-164.68
2016-06-12,FII/FPI,3109.03,2947.23,161.8
2016-06-13,DII,1089.2,1687.1,-597.8
2016-06-13,FII/FPI,3847.7,3635.5,212.2
2016-06-14,DII,1304.0,1336.2,-32.3
2016-06-14,FII/FPI,2886.7,3000.1,-113.4
2016-06-15,DII,1671.8,1437.8,234.1
2016-06-15,FII/FPI,3160.2,3268.5,-108.2
2016-06-16,DII,1802.7,1965.7,-163.0
2016-06-16,FII/FPI,3061.1,3217.9,-156.8
2016-06-17,DII,1538.5,1564.7,-26.2
2016-06-17,FII/FPI,4650.9,4618.9,32.0
2016-06-20,DII,2104.4,1380.3,724.1
2016-06-20,FII/FPI,3065.4,3602.9,-537.5
2016-06-21,DII,1270.1,1605.7,-335.5
2016-06-21,FII/FPI,3714.3,3229.6,484.7
2016-06-22,DII,1856.3,1495.0,361.3
2016-06-22,FII/FPI,2841.2,2882.3,-41.1
2016-06-23,DII,1656.0,1452.5,203.6
2016-06-23,FII/FPI,3185.9,3104.0,81.9
2016-06-24,DII,2968.9,2854.0,114.9
2016-06-24,FII/FPI,3865.6,4494.7,-629.1
2016-06-27,DII,1434.8,1581.9,-147.1
2016-06-27,FII/FPI,3420.3,3566.4,-146.1
2016-06-28,DII,1572.5,1815.2,-242.7
2016-06-28,FII/FPI,3665.2,3855.6,-190.4
2016-06-29,DII,1565.8,1586.0,-20.2
2016-06-29,FII/FPI,3567.3,3464.4,102.9
2016-06-30,DII,3117.9,3308.7,-190.8
2016-06-30,FII/FPI,8113.1,7005.6,1107.4
2016-07-01,DII,2747.5,1840.4,907.0
2016-07-01,FII/FPI,3086.3,3273.8,-187.5
2016-07-04,DII,1939.8,1562.4,377.4
2016-07-04,FII/FPI,2992.7,2810.4,182.3
2016-07-05,DII,1214.9,1662.4,-447.5
2016-07-05,FII/FPI,3237.7,2972.1,265.6
2016-07-06,DII,1657.55,1611.22,46.33
2016-07-06,FII/FPI,6011.96,5512.23,499.73
2016-07-07,DII,1390.8,1550.7,-160.0
2016-07-07,FII/FPI,4306.4,4606.0,-299.5
2016-07-08,DII,1217.5,1730.1,-512.7
2016-07-08,FII/FPI,4059.1,3728.5,330.6
2016-07-09,DII,2406.07,3174.62,-768.55
2016-07-09,FII/FPI,5606.66,4752.6,854.06
2016-07-10,DII,2566.65,1839.85,726.8
2016-07-10,FII/FPI,3298.23,3241.98,56.25
2016-07-11,DII,1519.6,2130.2,-610.6
2016-07-11,FII/FPI,4865.3,3809.5,1055.8
2016-07-12,DII,2151.0,2031.7,119.3
2016-07-12,FII/FPI,4115.9,3903.0,212.9
2016-07-13,DII,1912.9,2567.6,-654.7
2016-07-13,FII/FPI,5041.8,4751.3,290.5
2016-07-14,DII,1445.9,2320.0,-874.2
2016-07-14,FII/FPI,3861.3,2991.4,869.8
2016-07-15,DII,2439.6,3473.6,-1034.0
2016-07-15,FII/FPI,5823.5,4362.2,1461.3
2016-07-18,DII,1615.8,2054.9,-439.1
2016-07-18,FII/FPI,4126.5,3527.4,599.1
2016-07-19,DII,1737.7,2115.1,-377.4
2016-07-19,FII/FPI,4237.7,3688.8,548.9
2016-07-20,DII,2374.0,2419.4,-45.4
2016-07-20,FII/FPI,4669.7,4454.5,215.2
2016-07-21,DII,1865.3,2237.7,-372.4
2016-07-21,FII/FPI,4293.4,3873.2,420.2
2016-07-22,DII,1609.7,1975.4,-365.7
2016-07-22,FII/FPI,3865.1,3427.3,437.8
2016-07-25,DII,1823.3,1891.2,-67.9
2016-07-25,FII/FPI,5020.4,4129.4,891.0
2016-07-26,DII,1902.2,2320.5,-418.3
2016-07-26,FII/FPI,5488.5,4817.6,670.9
2016-07-27,DII,2554.7,2707.2,-152.5
2016-07-27,FII/FPI,4862.0,4457.3,404.7
2016-07-28,DII,2770.9,3845.4,-1074.5
2016-07-28,FII/FPI,8470.0,6703.0,1767.1
2016-07-29,DII,2407.0,2258.7,148.3
2016-07-29,FII/FPI,5566.3,5580.3,-14.0
2016-08-01,DII,2159.8,2573.6,-413.8
2016-08-01,FII/FPI,5928.2,5202.0,726.2
2016-08-02,DII,2234.3,2617.5,-383.2
2016-08-02,FII/FPI,4914.9,4378.6,536.3
2016-08-03,DII,1674.4,2475.2,-800.8
2016-08-03,FII/FPI,4698.8,4120.6,578.2
2016-08-04,DII,1682.1,2209.2,-527.1
2016-08-04,FII/FPI,4144.1,3584.6,559.5
2016-08-05,DII,2163.1,1546.7,616.3
2016-08-05,FII/FPI,4264.5,3828.8,435.6
2016-08-06,DII,1263.74,1521.5,-257.76
2016-08-06,FII/FPI,4207.27,3678.11,529.16
2016-08-07,DII,1217.46,1730.13,-512.67
2016-08-07,FII/FPI,4059.13,3728.51,330.62
2016-08-08,DII,1488.9,2365.2,-876.3
2016-08-08,FII/FPI,5196.5,4040.3,1156.2
2016-08-09,DII,2302.7,2912.8,-610.2
2016-08-09,FII/FPI,4819.7,4675.6,144.2
2016-08-10,DII,1811.9,2559.2,-747.3
2016-08-10,FII/FPI,4219.1,3806.5,412.6
2016-08-11,DII,1870.9,2492.6,-621.6
2016-08-11,FII/FPI,4981.5,4373.1,608.4
2016-08-12,DII,1908.4,2300.9,-392.5
2016-08-12,FII/FPI,5754.8,4551.0,1203.7
2016-08-16,DII,1715.0,1823.9,-109.0
2016-08-16,FII/FPI,7238.1,6553.3,684.7
2016-08-17,DII,1647.5,1736.8,-89.4
2016-08-17,FII/FPI,4033.1,4033.1,0.0
2016-08-18,DII,2261.3,2275.7,-14.4
2016-08-18,FII/FPI,4239.2,4077.0,162.2
2016-08-19,DII,2088.8,1982.6,106.2
2016-08-19,FII/FPI,4275.5,3865.5,409.9
2016-08-22,DII,1778.3,1725.8,52.5
2016-08-22,FII/FPI,3311.0,3611.4,-300.5
2016-08-23,DII,1730.0,2181.9,-451.9
2016-08-23,FII/FPI,3587.3,3587.5,-0.2
2016-08-24,DII,2186.7,2057.5,129.2
2016-08-24,FII/FPI,3092.4,3131.7,-39.3
2016-08-25,DII,2996.0,3353.0,-357.0
2016-08-25,FII/FPI,5619.4,5991.4,-372.1
2016-08-26,DII,1734.7,2001.1,-266.4
2016-08-26,FII/FPI,3110.8,2769.4,341.4
2016-08-29,DII,1695.1,1677.6,17.5
2016-08-29,FII/FPI,3193.0,2906.5,286.5
2016-08-30,DII,2443.5,1958.4,485.1
2016-08-30,FII/FPI,4118.1,3727.5,390.6
2016-08-31,DII,3600.7,2753.0,847.7
2016-08-31,FII/FPI,15455.4,14601.2,854.2
2016-09-01,DII,2451.2,2143.0,308.2
2016-09-01,FII/FPI,3344.3,3645.8,-301.5
2016-09-02,DII,2590.6,2455.7,134.9
2016-09-02,FII/FPI,3617.6,3386.4,231.2
2016-09-03,DII,1170.71,1994.27,-823.56
2016-09-03,FII/FPI,4868.19,4405.33,462.86
2016-09-05,DII,1787.25,1436.65,350.6
2016-09-05,FII/FPI,3900.44,3676.04,224.4
2016-09-06,DII,2146.3,2414.5,-268.2
2016-09-06,FII/FPI,5512.6,4073.8,1438.7
2016-09-07,DII,2406.1,3174.6,-768.6
2016-09-07,FII/FPI,5606.7,4752.6,854.1
2016-09-08,DII,2152.0,2739.5,-587.4
2016-09-08,FII/FPI,4671.1,4559.7,111.4
2016-09-09,DII,1899.9,2228.1,-328.3
2016-09-09,FII/FPI,4006.9,4322.1,-315.2
2016-09-11,DII,4753.76,3637.45,1116.31
2016-09-11,FII/FPI,5107.63,7202.63,-2095.0
2016-09-12,DII,2644.4,2657.3,-12.9
2016-09-12,FII/FPI,3565.8,4159.4,-593.6
2016-09-14,DII,2399.4,2407.9,-8.5
2016-09-14,FII/FPI,4569.1,5046.4,-477.3
2016-09-15,DII,1805.0,2261.9,-456.9
2016-09-15,FII/FPI,3406.7,3061.3,345.4
2016-09-16,DII,2589.6,2802.7,-213.1
2016-09-16,FII/FPI,11227.5,10566.9,660.6
2016-09-19,DII,2040.2,2292.5,-252.3
2016-09-19,FII/FPI,4070.9,3865.6,205.4
2016-09-20,DII,3119.0,2341.4,777.5
2016-09-20,FII/FPI,4118.6,5265.6,-1146.9
2016-09-21,DII,2140.4,2371.0,-230.6
2016-09-21,FII/FPI,4216.6,4032.8,183.8
2016-09-22,DII,2715.7,2405.3,310.4
2016-09-22,FII/FPI,4744.3,4407.4,336.9
2016-09-23,DII,2917.2,2421.1,496.1
2016-09-23,FII/FPI,5753.4,6053.4,-300.0
2016-09-26,DII,2396.3,2509.7,-113.4
2016-09-26,FII/FPI,4381.5,4587.9,-206.4
2016-09-27,DII,2225.4,2134.8,90.7
2016-09-27,FII/FPI,3650.9,3806.6,-155.8
2016-09-28,DII,2262.7,2332.3,-69.5
2016-09-28,FII/FPI,4766.2,4692.3,73.8
2016-09-29,DII,5373.0,3742.1,1630.9
2016-09-29,FII/FPI,11460.4,8047.0,3413.4
2016-09-30,DII,3165.9,1605.6,1560.3
2016-09-30,FII/FPI,4474.9,5503.2,-1028.3
2016-10-02,DII,2106.71,1909.79,196.92
2016-10-02,FII/FPI,3632.66,4383.99,-751.33
2016-10-03,DII,2479.6,2281.6,198.0
2016-10-03,FII/FPI,3745.1,3710.9,34.2
2016-10-04,DII,2315.5,2487.7,-172.2
2016-10-04,FII/FPI,4779.2,4435.0,344.1
2016-10-05,DII,2079.9,2429.8,-349.9
2016-10-05,FII/FPI,3449.1,3206.1,243.0
2016-10-06,DII,2285.2,2409.6,-124.4
2016-10-06,FII/FPI,3596.1,3242.3,353.8
2016-10-07,DII,2566.6,1839.8,726.8
2016-10-07,FII/FPI,3298.2,3242.0,56.2
2016-10-08,DII,1811.91,2559.18,-747.27
2016-10-08,FII/FPI,4219.07,3806.51,412.56
2016-10-10,DII,2058.5,1589.6,469.0
2016-10-10,FII/FPI,1742.6,2289.8,-547.3
2016-10-11,DII,2999.8,2360.61,639.19
2016-10-11,FII/FPI,5591.93,6325.42,-733.49
2016-10-13,DII,2933.9,2254.4,679.5
2016-10-13,FII/FPI,6244.0,7155.6,-911.5
2016-10-14,DII,2837.8,2280.9,556.9
2016-10-14,FII/FPI,3983.1,4929.5,-946.4
2016-10-17,DII,2404.5,2168.9,235.6
2016-10-17,FII/FPI,4487.2,4943.9,-456.6
2016-10-18,DII,2323.8,2150.5,173.4
2016-10-18,FII/FPI,5626.9,5281.8,345.0
2016-10-19,DII,2711.4,1986.8,724.6
2016-10-19,FII/FPI,4218.5,4501.2,-282.8
2016-10-20,DII,2480.7,1897.5,583.2
2016-10-20,FII/FPI,2751.6,2744.3,7.3
2016-10-21,DII,2517.6,2017.2,500.4
2016-10-21,FII/FPI,3501.4,3774.3,-272.9
2016-10-24,DII,2119.5,1786.2,333.3
2016-10-24,FII/FPI,3014.1,3339.2,-325.1
2016-10-25,DII,2104.8,1715.6,389.1
2016-10-25,FII/FPI,3471.8,4078.1,-606.3
2016-10-26,DII,2826.0,1836.5,989.5
2016-10-26,FII/FPI,3905.2,5355.8,-1450.6
2016-10-27,DII,3291.9,2435.4,856.5
2016-10-27,FII/FPI,6195.8,6665.7,-469.9
2016-10-28,DII,2926.4,1802.3,1124.1
2016-10-28,FII/FPI,4634.2,5411.8,-777.6
2016-10-30,DII,31.0,17.8,13.2
2016-10-30,FII/FPI,17.2,124.0,-106.8
2016-11-01,DII,2226.9,2034.8,192.1
2016-11-01,FII/FPI,4897.3,5021.3,-124.0
2016-11-02,DII,2376.1,1968.8,407.3
2016-11-02,FII/FPI,3625.4,4292.8,-667.4
2016-11-03,DII,2775.4,2240.4,535.0
2016-11-03,FII/FPI,3060.2,3767.0,-706.8
2016-11-04,DII,5115.4,4025.5,1089.9
2016-11-04,FII/FPI,4277.2,4620.5,-343.3
2016-11-05,DII,2166.17,1436.58,729.59
2016-11-05,FII/FPI,4131.71,4493.9,-362.19
2016-11-07,DII,3530.8,2750.9,779.9
2016-11-07,FII/FPI,4407.6,4096.5,311.2
2016-11-08,DII,2351.7,2057.6,294.1
2016-11-08,FII/FPI,3612.7,3526.1,86.7
2016-11-09,DII,4753.8,3637.4,1116.3
2016-11-09,FII/FPI,5107.6,7202.6,-2095.0
2016-11-10,DII,2999.8,2360.6,639.2
2016-11-10,FII/FPI,5591.9,6325.4,-733.5
2016-11-11,DII,2887.4,2822.7,64.7
2016-11-11,FII/FPI,5048.9,6542.1,-1493.3
2016-11-15,DII,4810.2,4915.0,-104.8
2016-11-15,FII/FPI,8958.0,11311.8,-2353.8
2016-11-16,DII,4887.7,2543.4,2344.3
2016-11-16,FII/FPI,7341.6,9298.6,-1957.0
2016-11-17,DII,2789.1,1645.0,1144.2
2016-11-17,FII/FPI,4577.7,5561.6,-983.9
2016-11-18,DII,2641.1,1497.7,1143.4
2016-11-18,FII/FPI,4112.4,5038.8,-926.3
2016-11-21,DII,2635.4,1424.4,1211.0
2016-11-21,FII/FPI,4323.6,5634.4,-1310.8
2016-11-22,DII,2727.9,1652.7,1075.2
2016-11-22,FII/FPI,4418.5,5111.3,-692.8
2016-11-23,DII,2695.6,1440.9,1254.7
2016-11-23,FII/FPI,4265.0,5288.2,-1023.1
2016-11-24,DII,3819.2,2170.9,1648.2
2016-11-24,FII/FPI,6175.7,8185.8,-2010.2
2016-11-25,DII,2695.8,1698.0,997.8
2016-11-25,FII/FPI,3849.3,4222.2,-372.9
2016-11-28,DII,2494.8,1261.1,1233.8
2016-11-28,FII/FPI,3960.5,5396.9,-1436.4
2016-11-29,DII,2168.6,1634.4,534.2
2016-11-29,FII/FPI,4684.1,5399.4,-715.3
2016-11-30,DII,2997.3,2320.6,676.7
2016-11-30,FII/FPI,14567.8,15002.3,-434.4
2016-12-01,DII,1879.5,1641.7,237.8
2016-12-01,FII/FPI,3499.6,3902.3,-402.6
2016-12-02,DII,1637.4,2055.9,-418.6
2016-12-02,FII/FPI,4041.4,4231.9,-190.5
2016-12-05,DII,1381.3,1217.7,163.6
2016-12-05,FII/FPI,3333.0,3650.8,-317.8
2016-12-06,DII,1162.7,1327.4,-164.7
2016-12-06,FII/FPI,3109.0,2947.2,161.8
2016-12-07,DII,1731.6,1787.9,-56.3
2016-12-07,FII/FPI,3941.0,3747.4,193.7
2016-12-08,DII,1606.1,1541.8,64.3
2016-12-08,FII/FPI,4322.7,3623.8,698.9
2016-12-09,DII,1608.4,1318.9,289.6
2016-12-09,FII/FPI,3662.7,3462.2,200.5
2016-12-12,DII,962.3,1228.5,-266.2
2016-12-12,FII/FPI,2551.0,2645.4,-94.4
2016-12-13,DII,1532.0,1353.1,178.9
2016-12-13,FII/FPI,3969.4,6150.4,-2181.0
2016-12-14,DII,1749.5,1538.6,210.9
2016-12-14,FII/FPI,4178.3,4810.6,-632.3
2016-12-15,DII,1989.2,2166.7,-177.5
2016-12-15,FII/FPI,3780.6,4392.6,-612.0
2016-12-16,DII,2184.4,2154.0,30.5
2016-12-16,FII/FPI,6835.0,6925.4,-90.4
2016-12-19,DII,1811.3,1255.0,556.4
2016-12-19,FII/FPI,3078.4,3614.2,-535.8
2016-12-20,DII,1798.5,1379.5,418.9
2016-12-20,FII/FPI,3278.4,3964.4,-685.9
2016-12-21,DII,2097.8,1039.8,1058.0
2016-12-21,FII/FPI,3610.7,4788.8,-1178.1
2016-12-22,DII,1891.3,1571.5,319.8
2016-12-22,FII/FPI,3652.2,4266.6,-614.4
2016-12-23,DII,2624.9,1009.9,1614.9
2016-12-23,FII/FPI,2073.8,3536.5,-1462.6
2016-12-26,DII,2106.7,1041.3,1065.4
2016-12-26,FII/FPI,987.6,2082.6,-1095.0
2016-12-27,DII,2558.6,1056.2,1502.4
2016-12-27,FII/FPI,1630.6,2342.8,-712.2
2016-12-28,DII,2206.6,1381.8,824.8
2016-12-28,FII/FPI,2294.9,2821.9,-527.1
2016-12-29,DII,3094.1,2136.3,957.8
2016-12-29,FII/FPI,4487.8,5150.1,-662.3
2016-12-30,DII,2858.9,2133.7,725.3
2016-12-30,FII/FPI,2227.2,2812.8,-585.6
2017-01-02,DII,1630.6,1609.9,20.7
2017-01-02,FII/FPI,959.1,1219.7,-260.6
2017-01-03,DII,2124.1,1561.8,562.3
2017-01-03,FII/FPI,1909.0,2409.5,-500.5
2017-01-04,DII,1887.5,1460.4,427.1
2017-01-04,FII/FPI,3428.2,4228.9,-800.7
2017-01-05,DII,2259.4,1810.3,449.1
2017-01-05,FII/FPI,4519.0,4605.8,-86.9
2017-01-06,DII,2563.3,2398.0,165.3
2017-01-06,FII/FPI,3502.2,3757.4,-255.2
2017-01-08,DII,4313.29,2922.64,1390.65
2017-01-08,FII/FPI,4515.64,5461.47,-945.83
2017-01-09,DII,1919.8,1823.0,96.8
2017-01-09,FII/FPI,2183.1,2508.2,-325.1
2017-01-10,DII,2458.3,2204.9,253.4
2017-01-10,FII/FPI,3569.0,3590.2,-21.2
2017-01-11,DII,3964.2,2848.1,1116.2
2017-01-11,FII/FPI,3906.7,4534.0,-627.3
2017-01-12,DII,2224.1,2334.2,-110.1
2017-01-12,FII/FPI,3395.8,3408.6,-12.8
2017-01-13,DII,2345.0,2818.5,-473.5
2017-01-13,FII/FPI,3227.6,3345.2,-117.6
2017-01-16,DII,2270.6,2067.2,203.4
2017-01-16,FII/FPI,2380.5,2727.8,-347.2
2017-01-17,DII,2096.3,2703.5,-607.2
2017-01-17,FII/FPI,3448.7,3306.4,142.2
2017-01-19,DII,2544.6,2165.0,379.6
2017-01-19,FII/FPI,4091.0,4223.3,-132.3
2017-01-20,DII,2364.1,2539.6,-175.5
2017-01-20,FII/FPI,4510.7,4537.0,-26.3
2017-01-23,DII,2765.2,2245.2,520.0
2017-01-23,FII/FPI,4301.9,4590.7,-288.8
2017-01-24,DII,2803.4,2270.0,533.5
2017-01-24,FII/FPI,5052.3,4958.3,94.0
2017-01-25,DII,3575.8,3192.8,383.0
2017-01-25,FII/FPI,8874.3,7495.5,1378.8
2017-01-27,DII,2807.6,2325.1,482.5
2017-01-27,FII/FPI,5829.0,5617.2,211.8
2017-01-30,DII,2525.4,2485.4,40.0
2017-01-30,FII/FPI,3212.8,2605.5,607.4
2017-01-31,DII,3726.3,3489.0,237.4
2017-01-31,FII/FPI,4608.8,5141.7,-532.9
2017-02-01,DII,3460.4,2326.6,1133.7
2017-02-01,FII/FPI,5530.4,5437.7,92.7
2017-02-02,DII,3083.7,3194.6,-110.9
2017-02-02,FII/FPI,5360.9,5252.3,108.6
2017-02-03,DII,2355.0,2397.5,-42.5
2017-02-03,FII/FPI,5123.6,4769.8,353.8
2017-02-05,DII,2530.28,1988.89,541.39
2017-02-05,FII/FPI,5494.72,6106.54,-611.82
2017-02-06,DII,2774.5,2325.0,449.5
2017-02-06,FII/FPI,4079.2,4482.8,-403.5
2017-02-07,DII,8952.7,7332.6,1620.0
2017-02-07,FII/FPI,4363.2,4162.0,201.1
2017-02-08,DII,1952.9,2119.8,-166.8
2017-02-08,FII/FPI,4524.6,4652.3,-127.7
2017-02-09,DII,1899.0,2278.6,-379.6
2017-02-09,FII/FPI,4782.6,4425.9,356.6
2017-02-10,DII,2493.6,2718.4,-224.8
2017-02-10,FII/FPI,4927.7,4423.2,504.5
2017-02-11,DII,4042.38,4498.89,-456.51
2017-02-11,FII/FPI,5441.78,4408.9,1032.88
2017-02-13,DII,1862.4,2034.1,-171.7
2017-02-13,FII/FPI,3863.4,3556.7,306.7
2017-02-14,DII,1763.1,1766.3,-3.2
2017-02-14,FII/FPI,4382.7,4389.1,-6.4
2017-02-15,DII,2360.9,2111.9,249.0
2017-02-15,FII/FPI,5548.0,5322.1,225.8
2017-02-16,DII,2876.6,2030.5,846.1
2017-02-16,FII/FPI,5043.1,5258.8,-215.7
2017-02-17,DII,3419.1,9051.1,-5632.0
2017-02-17,FII/FPI,13253.0,5209.9,8043.1
2017-02-20,DII,2689.5,1861.6,827.9
2017-02-20,FII/FPI,3008.5,3441.9,-433.4
2017-02-21,DII,2984.2,1448.8,1535.4
2017-02-21,FII/FPI,4031.4,5467.2,-1435.8
2017-02-22,DII,3705.5,2787.5,918.0
2017-02-22,FII/FPI,5860.9,6120.1,-259.2
2017-02-23,DII,4954.4,5399.4,-445.0
2017-02-23,FII/FPI,9571.3,9178.9,392.3
2017-02-27,DII,3684.9,3421.2,263.8
2017-02-27,FII/FPI,5176.4,5322.0,-145.6
2017-02-28,DII,3843.9,3575.6,268.3
2017-02-28,FII/FPI,9291.3,8145.1,1146.2
2017-03-01,DII,3061.4,2807.2,254.2
2017-03-01,FII/FPI,5205.4,5403.6,-198.3
2017-03-02,DII,3034.4,3117.6,-83.2
2017-03-02,FII/FPI,4985.1,4862.2,122.9
2017-03-03,DII,2282.0,3019.0,-737.0
2017-03-03,FII/FPI,5269.6,3740.1,1529.5
2017-03-04,DII,3161.51,3128.22,33.29
2017-03-04,FII/FPI,3570.72,3036.27,534.45
2017-03-05,DII,2603.01,2490.65,112.36
2017-03-05,FII/FPI,3968.93,4486.67,-517.74
2017-03-06,DII,2032.4,2514.4,-482.0
2017-03-06,FII/FPI,4329.0,3764.8,564.2
2017-03-07,DII,1842.8,2916.6,-1073.8
2017-03-07,FII/FPI,4820.0,3899.6,920.5
2017-03-08,DII,1678.6,3413.7,-1735.1
2017-03-08,FII/FPI,7540.7,3967.7,3573.0
2017-03-09,DII,2646.7,2635.7,11.0
2017-03-09,FII/FPI,4304.4,3816.8,487.6
2017-03-10,DII,2505.5,2519.4,-13.9
2017-03-10,FII/FPI,4622.0,4209.9,412.1
2017-03-11,DII,3877.08,3843.68,33.4
2017-03-11,FII/FPI,4660.27,14351.11,-9690.84
2017-03-14,DII,3208.0,4728.0,-1519.9
2017-03-14,FII/FPI,10204.7,6116.8,4087.9
2017-03-15,DII,3197.4,3070.6,126.8
2017-03-15,FII/FPI,5958.4,4817.3,1141.1
2017-03-16,DII,3187.2,3275.4,-88.2
2017-03-16,FII/FPI,5577.1,4217.0,1360.1
2017-03-17,DII,2930.0,3641.5,-711.5
2017-03-17,FII/FPI,11396.6,9864.3,1532.4
2017-03-20,DII,2173.1,2709.3,-536.2
2017-03-20,FII/FPI,4931.6,4875.0,56.7
2017-03-21,DII,2426.3,3224.8,-798.6
2017-03-21,FII/FPI,8539.1,6876.4,1662.7
2017-03-22,DII,2336.4,3116.3,-779.9
2017-03-22,FII/FPI,6557.7,6201.0,356.6
2017-03-23,DII,2449.7,3040.5,-590.8
2017-03-23,FII/FPI,5979.8,4885.3,1094.4
2017-03-24,DII,2903.0,2786.6,116.5
2017-03-24,FII/FPI,5351.9,4808.6,543.4
2017-03-27,DII,2616.1,3210.6,-594.5
2017-03-27,FII/FPI,9200.0,8622.1,577.9
2017-03-28,DII,2972.2,2616.0,356.2
2017-03-28,FII/FPI,11732.2,5316.8,6415.4
2017-03-29,DII,3914.8,2631.8,1283.0
2017-03-29,FII/FPI,9130.0,8669.0,461.0
2017-03-30,DII,6744.8,5043.0,1701.8
2017-03-30,FII/FPI,12106.1,12038.1,68.0
2017-03-31,DII,5392.5,3893.0,1499.4
2017-03-31,FII/FPI,5359.6,5655.5,-295.9
2017-04-01,DII,1887.48,1460.39,427.09
2017-04-01,FII/FPI,3428.23,4228.94,-800.71
2017-04-03,DII,3161.5,3128.2,33.3
2017-04-03,FII/FPI,3570.7,3036.3,534.4
2017-04-05,DII,3294.4,3488.4,-194.0
2017-04-05,FII/FPI,7797.9,7457.8,340.1
2017-04-06,DII,3106.2,3311.8,-205.6
2017-04-06,FII/FPI,5130.0,4987.3,142.7
2017-04-07,DII,3720.7,3305.7,414.9
2017-04-07,FII/FPI,5081.8,5344.2,-262.4
2017-04-08,DII,3948.95,2931.85,1017.1
2017-04-08,FII/FPI,4266.47,5120.27,-853.8
2017-04-09,DII,1883.01,1932.11,-49.1
2017-04-09,FII/FPI,2203.26,3077.17,-873.91
2017-04-10,DII,2856.6,2655.0,201.7
2017-04-10,FII/FPI,3747.2,4463.4,-716.2
2017-04-11,DII,3587.5,2760.8,826.7
2017-04-11,FII/FPI,4659.1,5409.6,-750.5
2017-04-12,DII,3342.4,2641.2,701.1
2017-04-12,FII/FPI,4150.0,4730.7,-580.7
2017-04-13,DII,2628.6,2563.2,65.4
2017-04-13,FII/FPI,3175.6,3583.5,-407.9
2017-04-17,DII,2471.4,2523.8,-52.4
2017-04-17,FII/FPI,1954.9,2205.4,-250.5
2017-04-18,DII,3337.4,2459.3,878.1
2017-04-18,FII/FPI,3464.0,4394.6,-930.7
2017-04-19,DII,2995.0,2469.5,525.5
2017-04-19,FII/FPI,3778.1,4451.5,-673.4
2017-04-20,DII,3340.9,3332.1,8.8
2017-04-20,FII/FPI,3959.3,4128.1,-168.8
2017-04-21,DII,3546.3,2413.9,1132.4
2017-04-21,FII/FPI,5235.0,6213.3,-978.3
2017-04-24,DII,3479.9,2495.8,984.2
2017-04-24,FII/FPI,4002.0,4281.5,-279.6
2017-04-25,DII,3952.6,2954.3,998.3
2017-04-25,FII/FPI,5634.2,5455.3,178.8
2017-04-26,DII,3813.4,2802.1,1011.4
2017-04-26,FII/FPI,5358.2,5850.8,-492.5
2017-04-27,DII,3862.7,3629.4,233.3
2017-04-27,FII/FPI,6340.0,6521.8,-181.7
2017-04-28,DII,3691.3,2006.9,1684.4
2017-04-28,FII/FPI,4556.7,5707.2,-1150.4
2017-05-01,DII,2259.39,1810.32,449.07
2017-05-01,FII/FPI,4518.96,4605.84,-86.88
2017-05-02,DII,2530.3,1988.9,541.4
2017-05-02,FII/FPI,5494.7,6106.5,-611.8
2017-05-03,DII,2603.0,2490.6,112.4
2017-05-03,FII/FPI,3968.9,4486.7,-517.7
2017-05-04,DII,3929.1,3003.0,926.1
2017-05-04,FII/FPI,5618.8,6219.9,-601.1
2017-05-05,DII,2967.2,2669.1,298.1
2017-05-05,FII/FPI,4839.1,5203.1,-364.0
2017-05-06,DII,1794.45,1780.83,13.62
2017-05-06,FII/FPI,4219.86,3743.22,476.64
2017-05-07,DII,2563.41,2488.05,75.36
2017-05-07,FII/FPI,3509.33,3281.76,227.57
2017-05-08,DII,2951.4,2288.0,663.3
2017-05-08,FII/FPI,3404.3,3946.7,-542.5
2017-05-09,DII,2367.7,2350.8,16.9
2017-05-09,FII/FPI,4955.7,4622.9,332.9
2017-05-10,DII,2359.8,2589.5,-229.7
2017-05-10,FII/FPI,4632.0,3738.6,893.4
2017-05-11,DII,2585.8,3623.0,-1037.2
2017-05-11,FII/FPI,5025.8,3719.1,1306.7
2017-05-12,DII,2484.0,3194.9,-710.8
2017-05-12,FII/FPI,4759.5,3917.7,841.8
2017-05-15,DII,2187.2,2253.0,-65.8
2017-05-15,FII/FPI,4613.6,4378.2,235.3
2017-05-16,DII,2644.8,3046.7,-401.9
2017-05-16,FII/FPI,5578.0,4719.7,858.3
2017-05-17,DII,3386.3,2771.8,614.5
2017-05-17,FII/FPI,6286.6,7018.0,-731.4
2017-05-18,DII,3714.4,2816.5,898.0
2017-05-18,FII/FPI,5819.8,6180.4,-360.6
2017-05-19,DII,3344.7,2995.5,349.2
2017-05-19,FII/FPI,4715.9,5704.6,-988.7
2017-05-22,DII,3653.1,2390.5,1262.6
2017-05-22,FII/FPI,4137.5,4458.8,-321.3
2017-05-23,DII,3415.7,3063.2,352.5
2017-05-23,FII/FPI,5724.6,6125.2,-400.5
2017-05-24,DII,3164.6,2967.3,197.3
2017-05-24,FII/FPI,5943.4,5861.6,81.9
2017-05-25,DII,4990.2,5226.7,-236.4
2017-05-25,FII/FPI,9071.9,8482.8,589.1
2017-05-26,DII,3727.2,2718.7,1008.6
2017-05-26,FII/FPI,4460.7,4734.8,-274.1
2017-05-29,DII,3431.8,3141.3,290.5
2017-05-29,FII/FPI,3898.9,4608.9,-710.0
2017-05-30,DII,2893.7,2526.7,367.0
2017-05-30,FII/FPI,3345.9,3563.0,-217.1
2017-05-31,DII,3785.2,4724.7,-939.5
2017-05-31,FII/FPI,16708.9,15659.9,1048.9
2017-06-01,DII,2444.6,2272.9,171.6
2017-06-01,FII/FPI,4498.5,5015.8,-517.3
2017-06-02,DII,2420.7,2198.4,222.3
2017-06-02,FII/FPI,4246.6,4305.8,-59.1
2017-06-03,DII,2032.43,2514.39,-481.96
2017-06-03,FII/FPI,4328.99,3764.84,564.15
2017-06-04,DII,3106.15,3311.79,-205.64
2017-06-04,FII/FPI,5130.01,4987.33,142.68
2017-06-05,DII,1794.4,1780.8,13.6
2017-06-05,FII/FPI,4219.9,3743.2,476.6
2017-06-06,DII,2305.8,2665.8,-360.0
2017-06-06,FII/FPI,4247.8,4186.6,61.2
2017-06-07,DII,2489.9,2323.6,166.2
2017-06-07,FII/FPI,5067.5,4993.7,73.8
2017-06-08,DII,3641.9,2903.1,738.8
2017-06-08,FII/FPI,5834.6,5743.9,90.8
2017-06-09,DII,2536.6,2211.8,324.7
2017-06-09,FII/FPI,4014.8,4115.8,-101.0
2017-06-10,DII,3978.12,2738.38,1239.74
2017-06-10,FII/FPI,3601.52,4641.92,-1040.4
2017-06-11,DII,3987.48,4251.32,-263.84
2017-06-11,FII/FPI,5164.32,4588.05,576.27
2017-06-12,DII,2395.2,2458.3,-63.1
2017-06-12,FII/FPI,3279.4,3448.7,-169.2
2017-06-13,DII,2480.6,2176.0,304.6
2017-06-13,FII/FPI,3941.6,4254.0,-312.4
2017-06-14,DII,2760.9,2689.2,71.6
2017-06-14,FII/FPI,6715.4,6876.5,-161.1
2017-06-15,DII,3015.3,2160.5,854.8
2017-06-15,FII/FPI,4998.8,5644.1,-645.4
2017-06-16,DII,3555.7,2664.8,890.9
2017-06-16,FII/FPI,7936.2,8700.7,-764.5
2017-06-19,DII,2539.6,2009.7,529.9
2017-06-19,FII/FPI,3843.2,4093.6,-250.4
2017-06-20,DII,2580.2,2103.1,477.1
2017-06-20,FII/FPI,4296.9,4609.7,-312.8
2017-06-21,DII,6554.0,6595.3,-41.4
2017-06-21,FII/FPI,4834.6,4987.5,-152.8
2017-06-22,DII,3449.7,2994.5,455.2
2017-06-22,FII/FPI,6372.4,6179.7,192.7
2017-06-23,DII,2537.1,2582.9,-45.8
2017-06-23,FII/FPI,4875.8,4605.9,270.0
2017-06-28,DII,2849.8,2680.9,169.0
2017-06-28,FII/FPI,5176.4,5645.5,-469.1
2017-06-29,DII,4728.7,4128.4,600.2
2017-06-29,FII/FPI,6833.6,7974.4,-1140.8
2017-06-30,DII,3250.3,2054.6,1195.7
2017-06-30,FII/FPI,4385.2,4545.7,-160.5
2017-07-02,DII,8952.68,7332.65,1620.03
2017-07-02,FII/FPI,4363.17,4162.04,201.13
2017-07-03,DII,3169.0,2214.7,954.3
2017-07-03,FII/FPI,3498.4,4303.1,-804.7
2017-07-04,DII,2778.2,2482.3,295.9
2017-07-04,FII/FPI,3749.6,4584.0,-834.4
2017-07-05,DII,2563.4,2488.0,75.4
2017-07-05,FII/FPI,3509.3,3281.8,227.6
2017-07-06,DII,2887.4,2571.4,316.0
2017-07-06,FII/FPI,4316.9,4332.2,-15.3
2017-07-07,DII,3084.1,2364.0,720.1
2017-07-07,FII/FPI,3685.5,4207.6,-522.1
2017-07-08,DII,2572.38,2264.23,308.15
2017-07-08,FII/FPI,3789.74,3988.95,-199.21
2017-07-09,DII,3065.64,2820.32,245.32
2017-07-09,FII/FPI,5168.73,5732.73,-564.0
2017-07-10,DII,2416.2,1521.6,894.6
2017-07-10,FII/FPI,2286.1,2183.8,102.3
2017-07-11,DII,3394.7,3058.9,335.8
2017-07-11,FII/FPI,5716.8,5534.8,182.0
2017-07-12,DII,2603.7,2934.3,-330.6
2017-07-12,FII/FPI,4562.9,4201.6,361.2
2017-07-13,DII,3269.5,2990.3,279.1
2017-07-13,FII/FPI,5330.8,5390.0,-59.2
2017-07-14,DII,2472.5,2608.7,-136.3
2017-07-14,FII/FPI,4265.6,3592.1,673.6
2017-07-17,DII,2374.8,2821.9,-447.1
2017-07-17,FII/FPI,4554.1,4225.5,328.6
2017-07-18,DII,3017.3,3992.3,-975.0
2017-07-18,FII/FPI,6676.2,6358.8,317.4
2017-07-19,DII,3503.0,3515.5,-12.5
2017-07-19,FII/FPI,6569.9,5523.2,1046.6
2017-07-20,DII,3220.9,3220.9,0.1
2017-07-20,FII/FPI,4299.1,4144.2,154.9
2017-07-21,DII,2719.6,2572.0,147.7
2017-07-21,FII/FPI,5313.0,5300.1,12.9
2017-07-24,DII,3149.5,2480.6,668.9
2017-07-24,FII/FPI,4789.4,5156.2,-366.8
2017-07-25,DII,3501.3,3710.8,-209.5
2017-07-25,FII/FPI,5603.9,5333.2,270.8
2017-07-26,DII,3545.0,2868.4,676.6
2017-07-26,FII/FPI,5423.4,5484.0,-60.6
2017-07-27,DII,5749.9,6409.9,-660.0
2017-07-27,FII/FPI,9719.9,7850.0,1869.9
2017-07-28,DII,3627.1,3202.4,424.7
2017-07-28,FII/FPI,5141.3,5364.4,-223.1
2017-07-31,DII,4864.7,3096.3,1768.4
2017-07-31,FII/FPI,5485.3,6682.3,-1196.9
2017-08-01,DII,4313.3,2922.6,1390.6
2017-08-01,FII/FPI,4515.6,5461.5,-945.8
2017-08-02,DII,2671.3,2904.2,-233.0
2017-08-02,FII/FPI,4062.0,3588.2,473.7
2017-08-03,DII,3068.6,3458.0,-389.3
2017-08-03,FII/FPI,5533.6,5509.6,24.1
2017-08-04,DII,3949.0,2931.8,1017.1
2017-08-04,FII/FPI,4266.5,5120.3,-853.8
2017-08-05,DII,2951.37,2288.04,663.33
2017-08-05,FII/FPI,3404.26,3946.73,-542.47
2017-08-06,DII,3641.87,2903.09,738.78
2017-08-06,FII/FPI,5834.64,5743.86,90.78
2017-08-07,DII,2572.4,2264.2,308.2
2017-08-07,FII/FPI,3789.7,3989.0,-199.2
2017-08-08,DII,3151.6,2353.0,798.6
2017-08-08,FII/FPI,6245.7,4705.8,1539.8
2017-08-09,DII,2886.5,2333.3,553.2
2017-08-09,FII/FPI,3238.4,4079.9,-841.4
2017-08-10,DII,4085.0,3263.3,821.7
2017-08-10,FII/FPI,4384.5,5555.7,-1171.2
2017-08-11,DII,5085.8,3069.0,2016.8
2017-08-11,FII/FPI,4119.5,6063.4,-1943.9
2017-08-12,DII,4426.73,3183.73,1243.0
2017-08-12,FII/FPI,6123.79,6798.95,-675.16
2017-08-14,DII,3652.6,2033.5,1619.2
2017-08-14,FII/FPI,3230.7,4869.6,-1638.8
2017-08-16,DII,3569.7,2232.8,1336.9
2017-08-16,FII/FPI,5399.9,6490.0,-1090.1
2017-08-17,DII,2765.0,1936.4,828.6
2017-08-17,FII/FPI,3453.3,4434.4,-981.0
2017-08-18,DII,3699.4,3114.8,584.6
2017-08-18,FII/FPI,4785.0,6967.1,-2182.1
2017-08-21,DII,2930.0,2455.3,474.7
2017-08-21,FII/FPI,4236.3,6219.7,-1983.4
2017-08-22,DII,2842.8,2407.7,435.0
2017-08-22,FII/FPI,3415.5,4244.2,-828.7
2017-08-23,DII,3112.8,2183.0,929.8
2017-08-23,FII/FPI,3926.0,5083.5,-1157.5
2017-08-24,DII,3686.4,2642.0,1044.4
2017-08-24,FII/FPI,4243.9,4940.8,-696.9
2017-08-28,DII,2546.4,2070.1,476.3
2017-08-28,FII/FPI,5926.9,6051.6,-124.7
2017-08-29,DII,2985.4,1594.1,1391.3
2017-08-29,FII/FPI,4264.1,5723.7,-1459.6
2017-08-30,DII,2239.0,1948.2,290.8
2017-08-30,FII/FPI,4169.5,4182.0,-12.5
2017-08-31,DII,4406.1,3896.4,509.7
2017-08-31,FII/FPI,8381.8,8304.2,77.6
2017-09-01,DII,2823.5,2091.8,731.7
2017-09-01,FII/FPI,3152.9,3985.7,-832.8
2017-09-02,DII,1898.95,2278.58,-379.63
2017-09-02,FII/FPI,4782.57,4425.94,356.63
2017-09-03,DII,2646.67,2635.69,10.98
2017-09-03,FII/FPI,4304.41,3816.8,487.61
2017-09-04,DII,1883.0,1932.1,-49.1
2017-09-04,FII/FPI,2203.3,3077.2,-873.9
2017-09-05,DII,2497.9,2023.5,474.4
2017-09-05,FII/FPI,2705.7,3084.9,-379.2
2017-09-06,DII,2502.0,2450.4,51.6
2017-09-06,FII/FPI,3017.6,4370.6,-1353.0
2017-09-07,DII,3065.6,2820.3,245.3
2017-09-07,FII/FPI,5168.7,5732.7,-564.0
2017-09-08,DII,2859.4,2371.5,488.0
2017-09-08,FII/FPI,3736.9,3993.3,-256.4
2017-09-10,DII,2585.48,2530.06,55.42
2017-09-10,FII/FPI,2882.87,3357.98,-475.11
2017-09-11,DII,3741.7,2864.3,877.4
2017-09-11,FII/FPI,3993.3,4385.8,-392.5
2017-09-12,DII,4012.2,2699.2,1313.1
2017-09-12,FII/FPI,3992.6,5223.4,-1230.7
2017-09-13,DII,3379.4,2653.5,725.9
2017-09-13,FII/FPI,3695.5,4522.3,-826.8
2017-09-14,DII,3604.2,2810.9,793.3
2017-09-14,FII/FPI,3693.0,5027.2,-1334.2
2017-09-15,DII,3049.3,2923.8,125.6
2017-09-15,FII/FPI,11764.5,11345.6,418.9
2017-09-18,DII,3443.4,2667.8,775.6
2017-09-18,FII/FPI,3383.1,3480.1,-96.9
2017-09-19,DII,3602.3,3680.0,-77.7
2017-09-19,FII/FPI,2984.4,4704.0,-1719.6
2017-09-20,DII,3088.3,2142.1,946.2
2017-09-20,FII/FPI,6115.2,7300.6,-1185.4
2017-09-21,DII,3754.6,2338.0,1416.6
2017-09-21,FII/FPI,4776.1,5981.1,-1205.0
2017-09-22,DII,4204.7,3683.5,521.2
2017-09-22,FII/FPI,4528.7,5770.4,-1241.7
2017-09-25,DII,4502.2,3492.2,1010.0
2017-09-25,FII/FPI,5502.7,6752.1,-1249.4
2017-09-26,DII,4433.8,2896.7,1537.1
2017-09-26,FII/FPI,3556.8,5472.3,-1915.5
2017-09-27,DII,4231.8,2373.5,1858.3
2017-09-27,FII/FPI,5383.4,6239.6,-856.3
2017-09-28,DII,9521.6,4325.0,5196.6
2017-09-28,FII/FPI,7171.4,12499.9,-5328.5
2017-09-29,DII,4959.5,2894.9,2064.6
2017-09-29,FII/FPI,4905.5,6452.4,-1546.9
2017-10-01,DII,2458.26,2204.9,253.36
2017-10-01,FII/FPI,3569.04,3590.24,-21.2
2017-10-02,DII,2493.61,2718.37,-224.76
2017-10-02,FII/FPI,4927.71,4423.2,504.51
2017-10-03,DII,3803.2,2250.8,1552.4
2017-10-03,FII/FPI,5770.2,6463.2,-693.0
2017-10-04,DII,2814.2,2229.3,584.9
2017-10-04,FII/FPI,3963.8,4595.9,-632.1
2017-10-05,DII,2946.0,2427.0,519.0
2017-10-05,FII/FPI,3201.5,3858.0,-656.5
2017-10-06,DII,3978.1,2738.4,1239.7
2017-10-06,FII/FPI,3601.5,4641.9,-1040.4
2017-10-07,DII,2416.15,1521.58,894.57
2017-10-07,FII/FPI,2286.09,2183.82,102.27
2017-10-08,DII,4085.04,3263.32,821.72
2017-10-08,FII/FPI,4384.52,5555.73,-1171.21
2017-10-09,DII,2585.5,2530.1,55.4
2017-10-09,FII/FPI,2882.9,3358.0,-475.1
2017-10-10,DII,3045.6,2643.5,402.2
2017-10-10,FII/FPI,3518.2,4023.0,-504.8
2017-10-11,DII,3469.5,3235.7,233.8
2017-10-11,FII/FPI,5489.3,5597.2,-108.0
2017-10-12,DII,3507.6,2635.0,872.5
2017-10-12,FII/FPI,4095.6,4763.8,-668.1
2017-10-13,DII,4722.6,3132.5,1590.1
2017-10-13,FII/FPI,5348.9,7047.4,-1698.5
2017-10-16,DII,3216.0,2943.3,272.7
2017-10-16,FII/FPI,5286.9,5316.8,-29.9
2017-10-17,DII,3386.7,2577.7,809.0
2017-10-17,FII/FPI,4373.7,4858.6,-484.9
2017-10-18,DII,4054.5,3150.2,904.3
2017-10-18,FII/FPI,4937.0,6188.1,-1251.2
2017-10-19,DII,44.2,3.4,40.8
2017-10-19,FII/FPI,15.4,59.1,-43.7
2017-10-23,DII,3080.5,2772.7,307.8
2017-10-23,FII/FPI,6646.5,6728.0,-81.5
2017-10-24,DII,3666.4,3074.2,592.3
2017-10-24,FII/FPI,4033.6,5340.4,-1306.8
2017-10-25,DII,7808.7,7964.4,-155.7
2017-10-25,FII/FPI,13402.2,9819.7,3582.5
2017-10-26,DII,6751.1,7274.6,-523.5
2017-10-26,FII/FPI,10216.4,10592.0,-375.6
2017-10-27,DII,4154.1,4097.5,56.6
2017-10-27,FII/FPI,6106.0,6746.9,-641.0
2017-10-30,DII,3773.9,3634.2,139.7
2017-10-30,FII/FPI,4946.4,5132.4,-186.0
2017-10-31,DII,3905.6,3308.7,596.9
2017-10-31,FII/FPI,5991.9,6523.8,-531.8
2017-11-01,DII,4520.0,5187.9,-667.9
2017-11-01,FII/FPI,6131.8,5093.5,1038.3
2017-11-02,DII,4042.4,4498.9,-456.5
2017-11-02,FII/FPI,5441.8,4408.9,1032.9
2017-11-03,DII,3877.1,3843.7,33.4
2017-11-03,FII/FPI,4660.3,14351.1,-9690.8
2017-11-04,DII,3587.51,2760.85,826.66
2017-11-04,FII/FPI,4659.06,5409.58,-750.52
2017-11-05,DII,2585.8,3622.98,-1037.18
2017-11-05,FII/FPI,5025.81,3719.1,1306.71
2017-11-06,DII,3987.5,4251.3,-263.8
2017-11-06,FII/FPI,5164.3,4588.0,576.3
2017-11-07,DII,4168.5,6214.6,-2046.1
2017-11-07,FII/FPI,5563.5,5102.0,461.5
2017-11-08,DII,6917.1,3879.0,3038.2
2017-11-08,FII/FPI,12418.4,16256.7,-3838.3
2017-11-09,DII,3444.2,3213.0,231.2
2017-11-09,FII/FPI,5653.6,6367.4,-713.8
2017-11-10,DII,5467.6,3546.7,1920.9
2017-11-10,FII/FPI,4690.1,5219.3,-529.2
2017-11-12,DII,3098.14,2989.2,108.94
2017-11-12,FII/FPI,4881.28,5066.88,-185.6
2017-11-13,DII,3659.0,3927.8,-268.8
2017-11-13,FII/FPI,4620.5,4854.1,-233.6
2017-11-14,DII,3211.8,3213.1,-1.3
2017-11-14,FII/FPI,8052.2,5475.3,2577.0
2017-11-15,DII,3895.0,3025.9,869.1
2017-11-15,FII/FPI,5294.7,5676.2,-381.4
2017-11-16,DII,3181.1,2333.6,847.4
2017-11-16,FII/FPI,4551.8,4999.2,-447.4
2017-11-17,DII,4377.7,2910.8,1466.9
2017-11-17,FII/FPI,6715.9,5439.3,1276.6
2017-11-20,DII,2858.3,2245.3,613.0
2017-11-20,FII/FPI,4698.8,5057.5,-358.7
2017-11-21,DII,4073.2,3247.7,825.5
2017-11-21,FII/FPI,5995.7,6722.7,-727.0
2017-11-22,DII,3438.8,2601.6,837.2
2017-11-22,FII/FPI,4717.8,5159.3,-441.5
2017-11-23,DII,3101.5,2879.2,222.2
2017-11-23,FII/FPI,4396.0,4322.8,73.2
2017-11-24,DII,3389.7,2962.1,427.6
2017-11-24,FII/FPI,4327.3,4743.6,-416.3
2017-11-27,DII,2902.5,2833.1,69.4
2017-11-27,FII/FPI,4087.8,4512.5,-424.8
2017-11-28,DII,3890.0,4318.2,-428.2
2017-11-28,FII/FPI,4438.8,4426.5,12.2
2017-11-29,DII,3805.5,3034.4,771.1
2017-11-29,FII/FPI,4660.2,5519.5,-859.3
2017-11-30,DII,7397.4,6194.8,1202.6
2017-11-30,FII/FPI,15964.3,17465.1,-1500.8
2017-12-01,DII,2335.3,2159.1,176.2
2017-12-01,FII/FPI,4564.7,4258.6,306.1
2017-12-04,DII,3207.0,2430.9,776.2
2017-12-04,FII/FPI,3988.6,4322.2,-333.6
2017-12-05,DII,3312.5,2238.1,1074.4
2017-12-05,FII/FPI,3728.3,5198.8,-1470.6
2017-12-06,DII,3416.4,2421.2,995.1
2017-12-06,FII/FPI,4819.3,6037.2,-1217.9
2017-12-07,DII,3850.2,2923.5,926.7
2017-12-07,FII/FPI,4483.3,5558.9,-1075.6
2017-12-08,DII,4426.7,3183.7,1243.0
2017-12-08,FII/FPI,6123.8,6799.0,-675.2
2017-12-09,DII,4012.24,2699.16,1313.08
2017-12-09,FII/FPI,3992.62,5223.36,-1230.74
2017-12-10,DII,3507.55,2635.01,872.54
2017-12-10,FII/FPI,4095.62,4763.75,-668.13
2017-12-11,DII,3098.1,2989.2,108.9
2017-12-11,FII/FPI,4881.3,5066.9,-185.6
2017-12-12,DII,2633.7,3487.4,-853.7
2017-12-12,FII/FPI,6889.0,6045.8,843.2
2017-12-13,DII,3493.6,3610.1,-116.5
2017-12-13,FII/FPI,5335.7,5914.4,-578.6
2017-12-14,DII,3535.2,3909.4,-374.2
2017-12-14,FII/FPI,4976.4,4744.2,232.2
2017-12-15,DII,4812.6,4177.2,635.4
2017-12-15,FII/FPI,9250.9,10171.9,-921.0
2017-12-18,DII,4099.7,3022.9,1076.8
2017-12-18,FII/FPI,4297.2,4729.0,-431.8
2017-12-19,DII,4298.4,3941.0,357.4
2017-12-19,FII/FPI,5638.4,6046.2,-407.8
2017-12-20,DII,4388.5,4242.3,146.2
2017-12-20,FII/FPI,4776.5,6281.6,-1505.0
2017-12-21,DII,4731.0,3156.7,1574.3
2017-12-21,FII/FPI,4753.4,5137.3,-384.0
2017-12-22,DII,3783.1,3411.6,371.5
2017-12-22,FII/FPI,3653.5,3545.6,107.9
2017-12-26,DII,4487.2,3942.7,544.5
2017-12-26,FII/FPI,2029.1,2073.2,-44.1
2017-12-27,DII,3060.4,3267.1,-206.7
2017-12-27,FII/FPI,2825.8,2653.5,172.3
2017-12-28,DII,5561.7,6335.8,-774.1
2017-12-28,FII/FPI,5485.9,4923.3,562.6
2017-12-29,DII,4282.7,3821.4,461.4
2017-12-29,FII/FPI,3586.7,2991.6,595.0
2018-01-01,DII,2499.4,3799.7,-1300.3
2018-01-01,FII/FPI,769.8,443.9,325.9
2018-01-02,DII,3230.3,3165.6,64.7
2018-01-02,FII/FPI,3162.4,2639.6,522.7
2018-01-03,DII,3081.1,3350.3,-269.2
2018-01-03,FII/FPI,4529.2,4432.9,96.3
2018-01-04,DII,3816.6,3491.3,325.2
2018-01-04,FII/FPI,4624.1,4412.0,212.0
2018-01-05,DII,3984.7,3741.6,243.1
2018-01-05,FII/FPI,5811.9,5230.5,581.4
2018-01-06,DII,3434.78,3096.81,337.97
2018-01-06,FII/FPI,4460.24,4663.04,-202.8
2018-01-08,DII,3709.8,3916.1,-206.3
2018-01-08,FII/FPI,5636.7,4943.8,692.8
2018-01-09,DII,4017.7,3494.8,522.9
2018-01-09,FII/FPI,4872.4,5176.4,-303.9
2018-01-10,DII,3943.4,3343.2,600.2
2018-01-10,FII/FPI,3796.9,4369.2,-572.3
2018-01-11,DII,3635.6,2865.6,770.0
2018-01-11,FII/FPI,4977.5,5601.2,-623.6
2018-01-12,DII,3264.5,2568.2,696.2
2018-01-12,FII/FPI,5857.1,6015.3,-158.2
2018-01-15,DII,3864.4,4037.7,-173.3
2018-01-15,FII/FPI,5147.0,5114.0,32.9
2018-01-16,DII,4002.6,4249.0,-246.4
2018-01-16,FII/FPI,8203.0,7509.9,693.2
2018-01-17,DII,4688.2,4519.6,168.6
2018-01-17,FII/FPI,7883.3,7258.2,625.1
2018-01-18,DII,4396.0,5053.5,-657.5
2018-01-18,FII/FPI,9015.0,7120.0,1895.0
2018-01-19,DII,3716.1,3506.2,209.9
2018-01-19,FII/FPI,6105.0,5116.7,988.2
2018-01-22,DII,3583.2,4045.0,-461.9
2018-01-22,FII/FPI,7002.3,5434.8,1567.5
2018-01-23,DII,6324.2,6155.2,169.0
2018-01-23,FII/FPI,8312.4,7083.1,1229.4
2018-01-24,DII,5436.0,5629.8,-193.9
2018-01-24,FII/FPI,7723.4,6947.0,776.4
2018-01-25,DII,6756.8,7722.5,-965.7
2018-01-25,FII/FPI,9091.9,8154.6,937.3
2018-01-29,DII,4620.1,4530.0,90.1
2018-01-29,FII/FPI,8487.5,8195.7,291.9
2018-01-30,DII,4636.1,4917.8,-281.6
2018-01-30,FII/FPI,6182.6,6288.2,-105.6
2018-01-31,DII,5822.7,4528.1,1294.7
2018-01-31,FII/FPI,7030.5,7167.1,-136.6
2018-02-01,DII,5001.8,5360.3,-358.5
2018-02-01,FII/FPI,7658.5,6558.7,1099.8
2018-02-02,DII,4945.3,5454.1,-508.8
2018-02-02,FII/FPI,7957.4,7007.4,950.0
2018-02-04,DII,2960.72,2547.56,413.16
2018-02-04,FII/FPI,4031.89,4721.64,-689.75
2018-02-05,DII,4889.8,3726.2,1163.6
2018-02-05,FII/FPI,5805.7,7069.2,-1263.6
2018-02-06,DII,5594.3,3894.6,1699.7
2018-02-06,FII/FPI,5873.6,8199.7,-2326.1
2018-02-07,DII,4011.3,3550.1,461.2
2018-02-07,FII/FPI,5874.5,6897.0,-1022.5
2018-02-08,DII,5670.6,3297.0,2373.6
2018-02-08,FII/FPI,4395.7,6692.8,-2297.1
2018-02-09,DII,3151.8,2563.4,588.4
2018-02-09,FII/FPI,3563.4,4915.1,-1351.7
2018-02-11,DII,5168.37,4315.38,852.99
2018-02-11,FII/FPI,9069.85,9266.75,-196.9
2018-02-12,DII,3941.6,2598.9,1342.7
2018-02-12,FII/FPI,4344.7,5158.8,-814.1
2018-02-14,DII,3545.6,3698.0,-152.4
2018-02-14,FII/FPI,6413.0,7141.7,-728.7
2018-02-15,DII,3024.5,2974.6,49.9
2018-02-15,FII/FPI,4272.0,4512.3,-240.3
2018-02-16,DII,3926.1,2798.3,1127.8
2018-02-16,FII/FPI,3104.6,4170.6,-1066.0
2018-02-19,DII,3120.9,2534.4,586.5
2018-02-19,FII/FPI,3368.5,4264.2,-895.8
2018-02-20,DII,4124.1,2686.8,1437.2
2018-02-20,FII/FPI,3053.0,3903.3,-850.4
2018-02-21,DII,4218.3,2842.8,1375.5
2018-02-21,FII/FPI,5860.2,7074.4,-1214.2
2018-02-22,DII,6510.4,5450.9,1059.4
2018-02-22,FII/FPI,7595.3,9930.7,-2335.3
2018-02-23,DII,4240.8,2726.8,1514.0
2018-02-23,FII/FPI,5344.5,5830.8,-486.3
2018-02-26,DII,3899.3,2489.8,1409.4
2018-02-26,FII/FPI,4274.0,5393.5,-1119.5
2018-02-27,DII,3609.2,2562.5,1046.7
2018-02-27,FII/FPI,4383.7,5290.6,-906.9
2018-02-28,DII,4791.0,3194.1,1596.9
2018-02-28,FII/FPI,8739.2,10489.8,-1750.5
2018-03-01,DII,3323.0,3326.3,-3.3
2018-03-01,FII/FPI,5514.4,5272.6,241.8
2018-03-04,DII,3329.77,2850.59,479.18
2018-03-04,FII/FPI,5463.44,5839.95,-376.51
2018-03-05,DII,3159.7,3313.9,-154.2
2018-03-05,FII/FPI,6115.0,6481.6,-366.6
2018-03-06,DII,3006.7,3741.0,-734.3
2018-03-06,FII/FPI,5931.8,5311.7,620.1
2018-03-07,DII,3950.3,3540.9,409.3
2018-03-07,FII/FPI,4879.6,5599.4,-719.8
2018-03-08,DII,3950.6,3275.4,675.3
2018-03-08,FII/FPI,5253.7,5618.5,-364.8
2018-03-09,DII,2865.9,2930.9,-65.0
2018-03-09,FII/FPI,4514.2,3963.8,550.4
2018-03-10,DII,4785.31,3382.84,1402.47
2018-03-10,FII/FPI,7488.54,9038.58,-1550.04
2018-03-12,DII,2917.6,3382.2,-464.6
2018-03-12,FII/FPI,5309.1,4934.4,374.6
2018-03-13,DII,5281.9,3668.5,1613.4
2018-03-13,FII/FPI,11366.3,4337.9,7028.4
2018-03-14,DII,2673.7,3105.7,-432.0
2018-03-14,FII/FPI,4093.6,4352.5,-259.0
2018-03-15,DII,3113.1,2856.7,256.4
2018-03-15,FII/FPI,4247.5,4952.9,-705.4
2018-03-16,DII,4485.7,5256.2,-770.5
2018-03-16,FII/FPI,14024.7,14175.1,-150.5
2018-03-19,DII,3966.6,4158.1,-191.5
2018-03-19,FII/FPI,4288.0,3995.8,292.2
2018-03-20,DII,3573.7,2842.5,731.2
2018-03-20,FII/FPI,4976.3,4632.2,344.2
2018-03-21,DII,3692.2,3494.4,197.8
2018-03-21,FII/FPI,5514.9,5416.5,98.4
2018-03-22,DII,3692.4,3282.5,409.9
2018-03-22,FII/FPI,5224.8,5063.6,161.1
2018-03-23,DII,4202.8,5138.2,-935.4
2018-03-23,FII/FPI,7245.5,5617.3,1628.2
2018-03-26,DII,6444.1,4426.1,2018.0
2018-03-26,FII/FPI,4134.5,4875.7,-741.2
2018-03-27,DII,5501.5,3328.6,2172.9
2018-03-27,FII/FPI,6108.8,5045.7,1063.1
2018-03-28,DII,9501.7,7541.0,1960.7
2018-03-28,FII/FPI,10134.2,11324.7,-1190.6
2018-04-01,DII,3816.57,3491.33,325.24
2018-04-01,FII/FPI,4624.1,4412.05,212.05
2018-04-02,DII,2960.7,2547.6,413.2
2018-04-02,FII/FPI,4031.9,4721.6,-689.8
2018-04-03,DII,3329.8,2850.6,479.2
2018-04-03,FII/FPI,5463.4,5840.0,-376.5
2018-04-05,DII,4560.8,3945.5,615.3
2018-04-05,FII/FPI,4460.6,4568.6,-108.0
2018-04-06,DII,3774.0,2468.5,1305.4
2018-04-06,FII/FPI,3926.6,4451.5,-524.8
2018-04-07,DII,3036.89,2425.88,611.01
2018-04-07,FII/FPI,3903.2,4187.78,-284.58
2018-04-09,DII,3523.4,3164.0,359.4
2018-04-09,FII/FPI,4447.1,5748.0,-1300.9
2018-04-10,DII,3633.2,2979.5,653.6
2018-04-10,FII/FPI,4186.0,4871.0,-685.0
2018-04-11,DII,3249.4,3137.6,111.8
2018-04-11,FII/FPI,4832.1,4469.8,362.3
2018-04-12,DII,3262.6,3878.4,-615.8
2018-04-12,FII/FPI,4713.7,4344.8,368.9
2018-04-13,DII,3564.7,3258.7,306.0
2018-04-13,FII/FPI,4338.0,4737.6,-399.6
2018-04-16,DII,2998.7,3027.6,-29.0
2018-04-16,FII/FPI,3924.0,4232.1,-308.1
2018-04-17,DII,3232.3,2508.5,723.8
2018-04-17,FII/FPI,4559.8,5511.2,-951.4
2018-04-18,DII,3379.1,2509.4,869.7
2018-04-18,FII/FPI,4064.6,4980.3,-915.7
2018-04-19,DII,3371.4,2922.8,448.6
2018-04-19,FII/FPI,4838.4,5463.4,-625.0
2018-04-20,DII,4063.0,3952.0,111.0
2018-04-20,FII/FPI,5297.5,5318.5,-21.0
2018-04-23,DII,3299.3,2912.0,387.3
2018-04-23,FII/FPI,4093.4,4352.4,-259.1
2018-04-24,DII,3383.4,2874.8,508.6
2018-04-24,FII/FPI,4356.2,5037.2,-681.0
2018-04-25,DII,3445.9,3010.0,436.0
2018-04-25,FII/FPI,4675.3,4980.1,-304.8
2018-04-26,DII,5736.5,5052.4,684.1
2018-04-26,FII/FPI,7339.3,8395.6,-1056.3
2018-04-27,DII,3757.3,3123.6,633.7
2018-04-27,FII/FPI,4721.9,5481.1,-759.2
2018-04-30,DII,2180.0,1918.1,262.0
2018-04-30,FII/FPI,3792.2,4177.7,-385.5
2018-05-01,DII,3984.73,3741.6,243.13
2018-05-01,FII/FPI,5811.9,5230.47,581.43
2018-05-02,DII,3152.9,2987.1,165.8
2018-05-02,FII/FPI,6921.8,7447.8,-525.9
2018-05-03,DII,2568.5,3147.4,-578.9
2018-05-03,FII/FPI,5677.5,5825.9,-148.4
2018-05-04,DII,3258.2,2174.1,1084.1
2018-05-04,FII/FPI,3398.5,5026.7,-1628.2
2018-05-06,DII,3221.39,2747.06,474.33
2018-05-06,FII/FPI,4739.58,4897.09,-157.51
2018-05-07,DII,3352.6,2315.4,1037.2
2018-05-07,FII/FPI,3841.8,4477.0,-635.2
2018-05-08,DII,4112.4,3189.1,923.2
2018-05-08,FII/FPI,6013.3,6110.5,-97.2
2018-05-09,DII,3544.2,2879.2,664.9
2018-05-09,FII/FPI,4044.4,4748.4,-704.0
2018-05-10,DII,3455.1,2554.4,900.7
2018-05-10,FII/FPI,4751.9,5116.8,-364.9
2018-05-11,DII,4487.0,3323.6,1163.4
2018-05-11,FII/FPI,3911.5,4236.9,-325.4
2018-05-12,DII,2303.99,3095.58,-791.59
2018-05-12,FII/FPI,5062.16,5419.98,-357.82
2018-05-14,DII,3667.7,2980.5,687.2
2018-05-14,FII/FPI,4734.7,4016.7,718.0
2018-05-15,DII,5263.7,4732.4,531.3
2018-05-15,FII/FPI,5308.1,5826.6,-518.5
2018-05-16,DII,3395.7,3166.7,229.1
2018-05-16,FII/FPI,4914.4,5613.7,-699.2
2018-05-17,DII,3847.3,3418.4,428.9
2018-05-17,FII/FPI,4825.3,5656.3,-830.9
2018-05-18,DII,3992.8,3843.2,149.6
2018-05-18,FII/FPI,5603.0,5769.1,-166.2
2018-05-21,DII,4411.6,3221.0,1190.6
2018-05-21,FII/FPI,4721.2,5217.2,-496.0
2018-05-22,DII,4351.0,2854.2,1496.8
2018-05-22,FII/FPI,3072.4,4724.0,-1651.6
2018-05-23,DII,4248.9,3459.2,789.8
2018-05-23,FII/FPI,4503.4,4814.5,-311.1
2018-05-24,DII,4265.3,2784.8,1480.5
2018-05-24,FII/FPI,4376.0,5078.0,-701.9
2018-05-25,DII,3512.5,2624.7,887.8
2018-05-25,FII/FPI,4614.3,5382.6,-768.3
2018-05-28,DII,3959.0,2941.3,1017.6
2018-05-28,FII/FPI,3678.9,4473.9,-795.1
2018-05-29,DII,3559.4,2981.1,578.4
2018-05-29,FII/FPI,3672.7,4080.0,-407.3
2018-05-30,DII,3518.6,3026.2,492.5
2018-05-30,FII/FPI,5274.0,6560.9,-1286.9
2018-05-31,DII,7178.6,7444.6,-266.0
2018-05-31,FII/FPI,23055.8,23071.1,-15.3
2018-06-01,DII,3434.8,3096.8,338.0
2018-06-01,FII/FPI,4460.2,4663.0,-202.8
2018-06-02,DII,5594.31,3894.57,1699.74
2018-06-02,FII/FPI,5873.56,8199.66,-2326.1
2018-06-03,DII,3006.68,3741.01,-734.33
2018-06-03,FII/FPI,5931.75,5311.67,620.08
2018-06-04,DII,3071.3,3783.7,-712.4
2018-06-04,FII/FPI,8939.9,6585.8,2354.0
2018-06-05,DII,3221.4,2747.1,474.3
2018-06-05,FII/FPI,4739.6,4897.1,-157.5
2018-06-06,DII,3650.7,2938.4,712.3
2018-06-06,FII/FPI,4024.3,4105.7,-81.4
2018-06-07,DII,4110.9,2913.0,1197.9
2018-06-07,FII/FPI,3619.6,4145.0,-525.4
2018-06-08,DII,3464.7,3005.2,459.4
2018-06-08,FII/FPI,4875.0,5097.5,-222.5
2018-06-09,DII,3428.89,2816.91,611.98
2018-06-09,FII/FPI,5663.96,6118.96,-455.0
2018-06-11,DII,4192.9,3130.1,1062.8
2018-06-11,FII/FPI,4017.2,5173.9,-1156.8
2018-06-12,DII,4286.0,2958.6,1327.4
2018-06-12,FII/FPI,4243.1,5412.0,-1168.9
2018-06-13,DII,4093.2,3606.4,486.8
2018-06-13,FII/FPI,4765.8,4836.5,-70.8
2018-06-14,DII,3132.6,2556.4,576.2
2018-06-14,FII/FPI,4320.1,5692.9,-1372.8
2018-06-15,DII,4396.0,3835.0,561.0
2018-06-15,FII/FPI,9785.2,11310.0,-1524.7
2018-06-18,DII,2970.2,2146.0,824.1
2018-06-18,FII/FPI,3216.9,3971.3,-754.4
2018-06-19,DII,3327.7,2674.0,653.7
2018-06-19,FII/FPI,4416.1,5741.0,-1324.9
2018-06-20,DII,3487.8,2014.2,1473.6
2018-06-20,FII/FPI,3899.0,6341.6,-2442.6
2018-06-21,DII,3398.8,2735.2,663.6
2018-06-21,FII/FPI,6385.4,5258.6,1126.8
2018-06-22,DII,3955.9,2850.1,1105.8
2018-06-22,FII/FPI,5105.2,6448.7,-1343.4
2018-06-25,DII,2867.4,2953.6,-86.2
2018-06-25,FII/FPI,4150.7,3952.0,198.7
2018-06-26,DII,3488.0,3249.9,238.0
2018-06-26,FII/FPI,4820.6,5359.0,-538.4
2018-06-27,DII,3572.3,3488.0,84.3
2018-06-27,FII/FPI,5646.6,5579.1,67.4
2018-06-28,DII,6089.2,5646.5,442.6
2018-06-28,FII/FPI,7373.6,8325.1,-951.5
2018-06-29,DII,4718.8,2456.0,2262.8
2018-06-29,FII/FPI,6539.0,6696.1,-157.2
2018-07-02,DII,4011.31,3550.12,461.19
2018-07-02,FII/FPI,5874.54,6897.04,-1022.5
2018-07-03,DII,2457.2,2178.4,278.8
2018-07-03,FII/FPI,2959.7,4003.0,-1043.3
2018-07-04,DII,3036.9,2425.9,611.0
2018-07-04,FII/FPI,3903.2,4187.8,-284.6
2018-07-05,DII,3387.0,3683.9,-297.0
2018-07-05,FII/FPI,3870.6,4030.0,-159.4
2018-07-06,DII,4003.4,2522.6,1480.8
2018-07-06,FII/FPI,4074.7,5042.9,-968.2
2018-07-08,DII,2720.97,3040.87,-319.9
2018-07-08,FII/FPI,3668.23,3353.4,314.83
2018-07-09,DII,2847.7,2107.3,740.4
2018-07-09,FII/FPI,4490.8,5060.7,-569.9
2018-07-10,DII,3496.6,3202.6,294.0
2018-07-10,FII/FPI,5302.8,5323.5,-20.7
2018-07-11,DII,3728.6,3713.3,15.3
2018-07-11,FII/FPI,4962.9,4326.6,636.3
2018-07-12,DII,3822.1,3455.7,366.4
2018-07-12,FII/FPI,4057.5,4800.1,-742.6
2018-07-13,DII,4010.9,3138.9,872.0
2018-07-13,FII/FPI,4662.0,5766.7,-1104.6
2018-07-16,DII,3167.4,3237.7,-70.3
2018-07-16,FII/FPI,3821.2,4446.9,-625.7
2018-07-17,DII,3410.6,2570.5,840.1
2018-07-17,FII/FPI,4113.5,4787.5,-674.0
2018-07-18,DII,3194.6,3083.6,111.0
2018-07-18,FII/FPI,4642.6,4546.9,95.7
2018-07-19,DII,2950.2,2480.2,470.0
2018-07-19,FII/FPI,3480.5,3796.2,-315.7
2018-07-20,DII,2853.6,2904.3,-50.7
2018-07-20,FII/FPI,4654.8,4344.5,310.3
2018-07-23,DII,3559.5,3434.7,124.8
2018-07-23,FII/FPI,4410.5,4151.2,259.4
2018-07-24,DII,4434.2,3920.4,513.8
2018-07-24,FII/FPI,5098.2,4993.8,104.3
2018-07-25,DII,3366.6,3268.9,97.6
2018-07-25,FII/FPI,4087.5,5283.2,-1195.8
2018-07-26,DII,4570.6,7286.6,-2716.0
2018-07-26,FII/FPI,9456.0,7002.4,2453.6
2018-07-27,DII,3903.4,3497.3,406.1
2018-07-27,FII/FPI,4873.0,4134.9,738.0
2018-07-30,DII,4320.9,4272.3,48.6
2018-07-30,FII/FPI,4812.8,5046.9,-234.0
2018-07-31,DII,4209.8,4500.7,-290.9
2018-07-31,FII/FPI,5749.0,5176.7,572.2
2018-08-01,DII,3603.4,4165.7,-562.3
2018-08-01,FII/FPI,4514.0,4609.9,-95.9
2018-08-02,DII,2617.2,2957.5,-340.3
2018-08-02,FII/FPI,4264.9,4904.8,-639.9
2018-08-03,DII,3292.0,3204.9,87.1
2018-08-03,FII/FPI,4737.3,4743.2,-5.9
2018-08-05,DII,4112.37,3189.12,923.25
2018-08-05,FII/FPI,6013.34,6110.49,-97.15
2018-08-06,DII,3312.9,3094.2,218.6
2018-08-06,FII/FPI,4120.3,3871.6,248.7
2018-08-07,DII,2721.0,3040.9,-319.9
2018-08-07,FII/FPI,3668.2,3353.4,314.8
2018-08-08,DII,3013.2,2982.9,30.2
2018-08-08,FII/FPI,3973.8,3405.1,568.6
2018-08-09,DII,3939.0,4024.4,-85.4
2018-08-09,FII/FPI,3874.8,3504.1,370.7
2018-08-10,DII,3424.6,2966.8,457.8
2018-08-10,FII/FPI,5411.8,5922.4,-510.7
2018-08-13,DII,3472.3,3256.0,216.3
2018-08-13,FII/FPI,3417.5,4389.4,-971.9
2018-08-14,DII,3497.1,3105.6,391.5
2018-08-14,FII/FPI,3867.4,4246.2,-378.8
2018-08-16,DII,3957.7,3824.0,133.8
2018-08-16,FII/FPI,6331.5,7156.6,-825.1
2018-08-17,DII,3014.8,2863.0,151.9
2018-08-17,FII/FPI,4769.1,4621.8,147.3
2018-08-20,DII,3598.4,3005.2,593.2
2018-08-20,FII/FPI,4067.3,4550.3,-483.0
2018-08-21,DII,3742.9,3545.0,197.9
2018-08-21,FII/FPI,5205.3,4951.1,254.2
2018-08-23,DII,4224.0,4082.0,142.0
2018-08-23,FII/FPI,6368.3,5935.1,433.2
2018-08-24,DII,3565.6,2660.9,904.8
2018-08-24,FII/FPI,4570.8,4646.5,-75.8
2018-08-27,DII,3953.9,2836.6,1117.2
2018-08-27,FII/FPI,4097.7,3845.2,252.5
2018-08-28,DII,2962.4,3161.7,-199.3
2018-08-28,FII/FPI,4082.3,4243.3,-161.0
2018-08-29,DII,4316.0,3201.6,1114.4
2018-08-29,FII/FPI,3589.2,5005.0,-1415.9
2018-08-30,DII,4704.3,6303.0,-1598.7
2018-08-30,FII/FPI,6910.3,5952.2,958.0
2018-08-31,DII,4851.8,4679.9,171.9
2018-08-31,FII/FPI,9332.0,9544.8,-212.8
2018-09-01,DII,4017.72,3494.82,522.9
2018-09-01,FII/FPI,4872.45,5176.39,-303.94
2018-09-02,DII,3151.85,2563.43,588.42
2018-09-02,FII/FPI,3563.44,4915.14,-1351.7
2018-09-03,DII,3716.8,4259.0,-542.1
2018-09-03,FII/FPI,4251.6,4272.7,-21.1
2018-09-04,DII,4889.4,4910.8,-21.4
2018-09-04,FII/FPI,4342.6,4310.0,32.6
2018-09-05,DII,5098.6,4921.6,177.0
2018-09-05,FII/FPI,5548.6,5932.2,-383.7
2018-09-06,DII,3428.9,2816.9,612.0
2018-09-06,FII/FPI,5664.0,6119.0,-455.0
2018-09-07,DII,4623.5,3681.0,942.4
2018-09-07,FII/FPI,4816.7,4779.1,37.6
2018-09-08,DII,3938.97,4024.36,-85.39
2018-09-08,FII/FPI,3874.77,3504.09,370.68
2018-09-10,DII,3521.5,3811.2,-289.7
2018-09-10,FII/FPI,5433.6,6275.3,-841.7
2018-09-11,DII,4006.2,3256.6,749.6
2018-09-11,FII/FPI,8015.5,9469.8,-1454.4
2018-09-12,DII,3379.8,2838.3,541.4
2018-09-12,FII/FPI,4219.6,5306.0,-1086.4
2018-09-14,DII,3084.4,2969.2,115.1
2018-09-14,FII/FPI,7369.4,6278.8,1090.6
2018-09-17,DII,2441.9,2622.3,-180.4
2018-09-17,FII/FPI,4006.0,4112.5,-106.5
2018-09-18,DII,3191.3,2926.6,264.7
2018-09-18,FII/FPI,4704.4,5848.2,-1143.7
2018-09-19,DII,3962.6,2761.2,1201.3
2018-09-19,FII/FPI,4265.4,6450.0,-2184.6
2018-09-21,DII,6336.1,5839.0,497.0
2018-09-21,FII/FPI,15442.5,14681.8,760.7
2018-09-24,DII,5471.0,3943.3,1527.7
2018-09-24,FII/FPI,7589.5,8113.4,-523.9
2018-09-25,DII,6271.9,3987.6,2284.3
2018-09-25,FII/FPI,6043.8,7275.5,-1231.7
2018-09-26,DII,4983.0,3427.5,1555.4
2018-09-26,FII/FPI,5867.5,6677.5,-810.0
2018-09-27,DII,6559.6,6746.3,-186.7
2018-09-27,FII/FPI,8870.7,8318.3,552.4
2018-09-28,DII,8022.8,4766.5,3256.3
2018-09-28,FII/FPI,7354.6,9054.6,-1699.9
2018-10-01,DII,4948.8,3143.9,1804.9
2018-10-01,FII/FPI,5687.7,7529.4,-1841.6
2018-10-03,DII,4785.3,3382.8,1402.5
2018-10-03,FII/FPI,7488.5,9038.6,-1550.0
2018-10-04,DII,6132.1,4308.5,1823.6
2018-10-04,FII/FPI,5387.5,8148.1,-2760.6
2018-10-05,DII,6434.7,4532.7,1902.1
2018-10-05,FII/FPI,4867.9,8238.0,-3370.1
2018-10-07,DII,3496.61,3202.65,293.96
2018-10-07,FII/FPI,5302.76,5323.49,-20.73
2018-10-08,DII,5153.6,3179.6,1974.0
2018-10-08,FII/FPI,5414.1,7219.2,-1805.1
2018-10-09,DII,3956.8,2430.8,1526.0
2018-10-09,FII/FPI,4610.6,5853.1,-1242.5
2018-10-10,DII,5347.2,3454.3,1892.9
2018-10-10,FII/FPI,5976.9,7072.9,-1096.0
2018-10-11,DII,5168.5,3280.3,1888.2
2018-10-11,FII/FPI,4936.4,7805.8,-2869.4
2018-10-12,DII,4564.8,3277.5,1287.3
2018-10-12,FII/FPI,4735.3,6057.4,-1322.1
2018-10-15,DII,2477.8,2183.0,294.8
2018-10-15,FII/FPI,3914.0,3846.1,67.9
2018-10-16,DII,3781.2,2721.7,1059.4
2018-10-16,FII/FPI,3941.2,5106.8,-1165.6
2018-10-17,DII,3547.7,3890.8,-343.1
2018-10-17,FII/FPI,4680.6,4540.6,140.0
2018-10-19,DII,4225.6,4227.7,-2.1
2018-10-19,FII/FPI,6916.0,7534.3,-618.3
2018-10-22,DII,3775.8,3472.5,303.2
2018-10-22,FII/FPI,4827.1,5339.0,-511.9
2018-10-23,DII,4907.5,4791.1,116.4
2018-10-23,FII/FPI,4996.8,5337.2,-340.4
2018-10-24,DII,5330.3,3456.8,1873.5
2018-10-24,FII/FPI,4544.5,6591.1,-2046.5
2018-10-25,DII,7810.6,7471.0,339.6
2018-10-25,FII/FPI,6666.8,8162.5,-1495.7
2018-10-26,DII,4220.6,2344.8,1875.9
2018-10-26,FII/FPI,4230.7,5587.4,-1356.7
2018-10-29,DII,5452.1,2925.2,2526.9
2018-10-29,FII/FPI,4411.8,6642.6,-2230.8
2018-10-30,DII,3794.2,2431.2,1363.0
2018-10-30,FII/FPI,3974.8,5566.8,-1592.0
2018-10-31,DII,5177.0,4052.1,1124.9
2018-10-31,FII/FPI,8828.4,9022.0,-193.6
2018-11-01,DII,3635.6,2865.58,770.02
2018-11-01,FII/FPI,4977.52,5601.15,-623.63
2018-11-02,DII,5168.4,4315.4,853.0
2018-11-02,FII/FPI,9069.8,9266.8,-196.9
2018-11-04,DII,3249.4,3137.58,111.82
2018-11-04,FII/FPI,4832.1,4469.8,362.3
2018-11-05,DII,2188.0,2809.9,-621.9
2018-11-05,FII/FPI,4458.1,4445.8,12.3
2018-11-06,DII,2749.8,2631.1,118.7
2018-11-06,FII/FPI,3753.5,4253.2,-499.7
2018-11-07,DII,31.0,3.8,27.1
2018-11-07,FII/FPI,66.4,35.4,31.0
2018-11-09,DII,3039.8,3377.1,-337.3
2018-11-09,FII/FPI,6395.0,5780.8,614.1
2018-11-10,DII,5168.47,3280.29,1888.18
2018-11-10,FII/FPI,4936.43,7805.84,-2869.41
2018-11-12,DII,2054.5,3128.3,-1073.8
2018-11-12,FII/FPI,4499.4,3667.2,832.2
2018-11-13,DII,2681.5,2345.7,335.8
2018-11-13,FII/FPI,3408.1,3903.1,-495.0
2018-11-14,DII,4795.2,5067.4,-272.2
2018-11-14,FII/FPI,5516.8,5239.4,277.4
2018-11-15,DII,3284.6,3449.9,-165.3
2018-11-15,FII/FPI,6077.9,4034.8,2043.1
2018-11-16,DII,3866.1,4238.3,-372.2
2018-11-16,FII/FPI,5637.9,4793.1,844.8
2018-11-19,DII,2894.6,3204.8,-310.3
2018-11-19,FII/FPI,4750.1,3646.7,1103.4
2018-11-20,DII,2791.0,2835.0,-44.1
2018-11-20,FII/FPI,3278.9,4032.1,-753.2
2018-11-21,DII,3683.0,3076.2,606.7
2018-11-21,FII/FPI,3237.6,4889.6,-1652.0
2018-11-22,DII,2295.0,2245.3,49.7
2018-11-22,FII/FPI,3402.4,2956.1,446.2
2018-11-26,DII,4277.0,3925.2,351.8
2018-11-26,FII/FPI,4756.1,4693.4,62.7
2018-11-27,DII,3370.1,3338.9,31.2
2018-11-27,FII/FPI,5654.3,4842.8,811.5
2018-11-28,DII,3692.8,4023.0,-330.3
2018-11-28,FII/FPI,6286.6,5325.4,961.3
2018-11-29,DII,7649.5,6676.2,973.3
2018-11-29,FII/FPI,8878.4,8054.9,823.5
2018-11-30,DII,5015.4,3525.7,1489.6
2018-11-30,FII/FPI,12172.1,12504.7,-332.6
2018-12-01,DII,3264.47,2568.22,696.25
2018-12-01,FII/FPI,5857.14,6015.3,-158.16
2018-12-02,DII,3941.56,2598.86,1342.7
2018-12-02,FII/FPI,4344.74,5158.85,-814.11
2018-12-03,DII,3488.0,4294.4,-806.4
2018-12-03,FII/FPI,5273.5,4980.4,293.1
2018-12-04,DII,2215.2,2736.6,-521.4
2018-12-04,FII/FPI,5229.0,5284.8,-55.9
2018-12-05,DII,2304.0,3095.6,-791.6
2018-12-05,FII/FPI,5062.2,5420.0,-357.8
2018-12-06,DII,2893.2,3283.0,-389.8
2018-12-06,FII/FPI,5529.9,5457.4,72.5
2018-12-07,DII,3045.7,2803.2,242.6
2018-12-07,FII/FPI,3651.4,4468.8,-817.4
2018-12-09,DII,3379.78,2838.34,541.44
2018-12-09,FII/FPI,4219.56,5305.95,-1086.39
2018-12-10,DII,3585.4,3731.2,-145.8
2018-12-10,FII/FPI,4041.4,3925.2,116.2
2018-12-11,DII,5183.3,2927.6,2255.7
2018-12-11,FII/FPI,3763.8,6184.8,-2421.1
2018-12-12,DII,4215.1,3093.8,1121.3
2018-12-12,FII/FPI,4177.0,5476.5,-1299.4
2018-12-13,DII,3131.6,3183.4,-51.9
2018-12-13,FII/FPI,4933.0,4257.8,675.1
2018-12-14,DII,2778.1,3080.7,-302.5
2018-12-14,FII/FPI,3722.2,2860.3,861.9
2018-12-17,DII,2421.0,2497.9,-76.8
2018-12-17,FII/FPI,3220.8,3281.7,-61.0
2018-12-18,DII,2618.0,2800.6,-182.6
2018-12-18,FII/FPI,4353.1,4208.4,144.8
2018-12-19,DII,3731.0,4212.4,-481.5
2018-12-19,FII/FPI,5900.7,4691.5,1209.2
2018-12-20,DII,2905.2,2817.2,88.0
2018-12-20,FII/FPI,3955.5,4341.9,-386.4
2018-12-21,DII,3984.8,4473.3,-488.6
2018-12-21,FII/FPI,6527.1,6393.0,134.1
2018-12-24,DII,2076.8,1890.6,186.1
2018-12-24,FII/FPI,1732.6,2309.7,-577.1
2018-12-26,DII,2872.4,3010.1,-137.6
2018-12-26,FII/FPI,1789.7,1709.5,80.3
2018-12-27,DII,5731.1,6394.1,-663.0
2018-12-27,FII/FPI,5535.8,3803.9,1731.9
2018-12-28,DII,3190.6,1991.2,1199.4
2018-12-28,FII/FPI,2531.8,2651.4,-119.6
2018-12-31,DII,2300.6,1978.6,322.0
2018-12-31,FII/FPI,1614.9,1941.8,-326.9
2019-01-01,DII,1591.3,1448.7,142.6
2019-01-01,FII/FPI,1665.4,1713.6,-48.2
2019-01-02,DII,3075.1,3301.2,-226.2
2019-01-02,FII/FPI,2573.6,3194.6,-621.1
2019-01-03,DII,2835.6,2801.1,34.5
2019-01-03,FII/FPI,3941.5,4914.3,-972.8
2019-01-04,DII,2843.6,2603.0,240.6
2019-01-04,FII/FPI,3130.6,3288.3,-157.7
2019-01-07,DII,2492.8,2634.8,-142.0
2019-01-07,FII/FPI,4252.2,3516.0,736.2
2019-01-08,DII,3343.6,2645.5,698.2
2019-01-08,FII/FPI,3437.4,3991.2,-553.8
2019-01-09,DII,3658.9,3219.2,439.7
2019-01-09,FII/FPI,4410.4,4134.3,276.1
2019-01-10,DII,3390.9,3379.9,11.0
2019-01-10,FII/FPI,4018.5,4363.1,-344.6
2019-01-11,DII,3810.2,3687.0,123.2
2019-01-11,FII/FPI,3195.1,3882.3,-687.2
2019-01-14,DII,3297.2,2769.7,527.5
2019-01-14,FII/FPI,3222.7,3955.2,-732.5
2019-01-15,DII,3712.9,3295.5,417.4
2019-01-15,FII/FPI,4248.7,4089.1,159.6
2019-01-16,DII,3035.0,2730.7,304.3
2019-01-16,FII/FPI,3864.3,3954.4,-90.1
2019-01-17,DII,2510.1,3237.6,-727.5
2019-01-17,FII/FPI,4295.5,3453.4,842.1
2019-01-18,DII,3281.8,3282.7,-1.0
2019-01-18,FII/FPI,3458.1,3583.0,-124.9
2019-01-21,DII,3316.7,2795.9,520.8
2019-01-21,FII/FPI,3646.7,3946.5,-299.8
2019-01-22,DII,3342.4,3426.6,-84.2
2019-01-22,FII/FPI,5308.2,5386.7,-78.5
2019-01-23,DII,3222.2,2638.4,583.8
2019-01-23,FII/FPI,3787.9,4563.7,-775.8
2019-01-24,DII,2812.6,2422.6,390.0
2019-01-24,FII/FPI,4121.3,4215.7,-94.4
2019-01-25,DII,3118.7,3266.0,-147.4
2019-01-25,FII/FPI,5042.4,4353.1,689.3
2019-01-28,DII,3717.3,3624.9,92.3
2019-01-28,FII/FPI,6678.5,6455.1,223.4
2019-01-29,DII,3740.8,3659.5,81.3
2019-01-29,FII/FPI,5958.4,6312.7,-354.4
2019-01-30,DII,4715.4,4213.1,502.3
2019-01-30,FII/FPI,6581.9,6451.6,130.2
2019-01-31,DII,5751.4,7385.7,-1634.3
2019-01-31,FII/FPI,10962.0,7955.6,3006.4
2019-02-01,DII,4025.0,4030.0,-5.1
2019-02-01,FII/FPI,7118.4,5802.5,1315.9
2019-02-04,DII,2644.4,2709.6,-65.2
2019-02-04,FII/FPI,3729.5,3841.6,-112.1
2019-02-05,DII,2947.2,2752.9,194.3
2019-02-05,FII/FPI,3061.6,2641.0,420.6
2019-02-06,DII,3509.3,2984.1,525.3
2019-02-06,FII/FPI,4040.5,3345.5,695.0
2019-02-07,DII,3019.6,2725.5,294.1
2019-02-07,FII/FPI,3330.6,2912.6,418.0
2019-02-08,DII,2865.2,3825.2,-960.0
2019-02-08,FII/FPI,4434.5,3590.8,843.7
2019-02-11,DII,3027.1,3259.6,-232.6
2019-02-11,FII/FPI,3981.9,4106.9,-125.0
2019-02-12,DII,2441.1,2563.8,-122.6
2019-02-12,FII/FPI,4020.2,4486.9,-466.8
2019-02-13,DII,3092.7,2379.6,713.1
2019-02-13,FII/FPI,4536.0,5212.7,-676.6
2019-02-14,DII,3416.1,2190.9,1225.2
2019-02-14,FII/FPI,5405.0,5655.2,-250.2
2019-02-15,DII,4220.2,3366.9,853.2
2019-02-15,FII/FPI,4947.3,5913.7,-966.4
2019-02-18,DII,4278.8,1942.0,2336.7
2019-02-18,FII/FPI,6304.0,7543.8,-1239.8
2019-02-19,DII,2902.0,1738.1,1163.8
2019-02-19,FII/FPI,3435.8,4249.6,-813.8
2019-02-20,DII,2561.6,2448.3,113.3
2019-02-20,FII/FPI,4701.5,3988.1,713.5
2019-02-21,DII,2465.2,2263.1,202.1
2019-02-21,FII/FPI,4872.2,4816.7,55.5
2019-02-22,DII,3717.9,2879.0,838.9
2019-02-22,FII/FPI,10438.0,4127.0,6311.0
2019-02-25,DII,3363.4,5109.8,-1746.4
2019-02-25,FII/FPI,7076.3,4941.9,2134.4
2019-02-26,DII,3525.2,4245.5,-720.3
2019-02-26,FII/FPI,6529.6,4855.4,1674.2
2019-02-27,DII,3795.6,3728.8,66.8
2019-02-27,FII/FPI,5053.9,4630.8,423.0
2019-02-28,DII,5375.0,10615.6,-5240.6
2019-02-28,FII/FPI,12892.9,9682.3,3210.6
2019-03-01,DII,3650.7,3533.6,117.0
2019-03-01,FII/FPI,9442.2,9243.9,198.4
2019-03-04,DII,3538.02,3618.85,-80.83
2019-03-04,FII/FPI,5387.33,6427.81,-1040.48
2019-03-05,DII,4916.2,4335.4,580.9
2019-03-05,FII/FPI,5496.1,4744.2,751.9
2019-03-06,DII,3503.6,4382.1,-878.4
2019-03-06,FII/FPI,6369.0,5238.2,1130.8
2019-03-07,DII,3111.7,4037.2,-925.5
2019-03-07,FII/FPI,5349.4,4211.5,1137.8
2019-03-08,DII,2944.9,3415.6,-470.7
2019-03-08,FII/FPI,5038.5,3943.5,1095.1
2019-03-09,DII,3472.6,2221.25,1251.35
2019-03-09,FII/FPI,3515.3,5531.5,-2016.2
2019-03-10,DII,3600.32,2737.78,862.54
2019-03-10,FII/FPI,4762.86,5573.58,-810.72
2019-03-11,DII,3317.7,5273.2,-1955.6
2019-03-11,FII/FPI,8163.2,4352.6,3810.6
2019-03-12,DII,4184.7,5175.2,-990.5
2019-03-12,FII/FPI,8613.9,6136.2,2477.7
2019-03-13,DII,3332.9,4841.0,-1508.1
2019-03-13,FII/FPI,8602.7,5880.4,2722.3
2019-03-14,DII,2805.8,3623.6,-817.8
2019-03-14,FII/FPI,5646.0,4163.0,1483.0
2019-03-15,DII,4013.3,6143.6,-2130.4
2019-03-15,FII/FPI,16119.5,11796.0,4323.5
2019-03-18,DII,2988.5,4257.4,-1268.9
2019-03-18,FII/FPI,5570.0,3747.0,1823.0
2019-03-19,DII,2957.2,4210.9,-1253.7
2019-03-19,FII/FPI,6162.0,4029.6,2132.4
2019-03-20,DII,3319.0,4642.2,-1323.2
2019-03-20,FII/FPI,7252.4,5480.8,1771.6
2019-03-22,DII,4456.3,5131.6,-675.4
2019-03-22,FII/FPI,8149.9,6775.4,1374.6
2019-03-25,DII,3207.2,3219.7,-12.5
2019-03-25,FII/FPI,6510.3,6359.9,150.4
2019-03-26,DII,3766.1,3962.8,-196.7
2019-03-26,FII/FPI,4916.7,3917.7,999.0
2019-03-27,DII,3987.8,3852.9,134.9
2019-03-27,FII/FPI,6961.1,5480.0,1481.1
2019-03-28,DII,7066.2,9146.4,-2080.2
2019-03-28,FII/FPI,10170.0,6575.4,3594.5
2019-03-29,DII,7108.4,5384.0,1724.4
2019-03-29,FII/FPI,9044.6,9130.8,-86.2
2019-04-01,DII,3653.6,4686.5,-1032.8
2019-04-01,FII/FPI,5775.4,4876.6,898.8
2019-04-02,DII,3319.8,3757.5,-437.7
2019-04-02,FII/FPI,5509.7,4966.3,543.4
2019-04-03,DII,3538.0,3618.8,-80.8
2019-04-03,FII/FPI,5387.3,6427.8,-1040.5
2019-04-04,DII,5014.0,3807.9,1206.2
2019-04-04,FII/FPI,5570.0,5796.2,-226.2
2019-04-05,DII,3131.2,3456.8,-325.6
2019-04-05,FII/FPI,4279.3,3481.4,797.9
2019-04-06,DII,2338.9,2694.32,-355.42
2019-04-06,FII/FPI,4921.33,5337.41,-416.08
2019-04-07,DII,2811.26,2752.67,58.59
2019-04-07,FII/FPI,3037.7,3066.65,-28.95
2019-04-08,DII,2452.9,3076.7,-623.8
2019-04-08,FII/FPI,5062.2,4732.6,329.6
2019-04-09,DII,2700.1,3388.7,-688.6
2019-04-09,FII/FPI,4784.3,3571.9,1212.4
2019-04-10,DII,3174.1,2712.8,461.3
2019-04-10,FII/FPI,6433.9,5004.0,1429.9
2019-04-11,DII,2879.5,2896.0,-16.6
2019-04-11,FII/FPI,4679.2,4202.6,476.5
2019-04-12,DII,3157.5,3173.5,-16.0
2019-04-12,FII/FPI,3985.7,3088.3,897.4
2019-04-15,DII,3938.0,3356.7,581.4
2019-04-15,FII/FPI,3913.5,3200.2,713.2
2019-04-16,DII,4563.8,4526.5,37.2
2019-04-16,FII/FPI,5284.3,4245.8,1038.6
2019-04-18,DII,2996.4,3333.9,-337.6
2019-04-18,FII/FPI,7699.7,6661.3,1038.5
2019-04-22,DII,2796.4,2864.6,-68.2
2019-04-22,FII/FPI,2606.4,2533.3,73.1
2019-04-23,DII,2933.6,2735.3,198.4
2019-04-23,FII/FPI,3508.9,3746.4,-237.5
2019-04-24,DII,3181.8,3838.8,-657.1
2019-04-24,FII/FPI,5235.2,4260.3,974.9
2019-04-25,DII,4542.1,8612.1,-4070.0
2019-04-25,FII/FPI,10239.4,6453.6,3785.7
2019-04-26,DII,4080.5,3159.6,920.9
2019-04-26,FII/FPI,4344.4,4415.1,-70.7
2019-04-30,DII,4241.3,3511.3,730.0
2019-04-30,FII/FPI,8263.8,8149.2,114.6
2019-05-02,DII,2784.1,3575.8,-791.7
2019-05-02,FII/FPI,5759.4,5161.9,597.5
2019-05-03,DII,3476.5,3419.5,57.1
2019-05-03,FII/FPI,4034.8,4435.5,-400.7
2019-05-04,DII,3131.21,3456.79,-325.58
2019-05-04,FII/FPI,4279.32,3481.42,797.9
2019-05-06,DII,3361.4,3271.5,89.9
2019-05-06,FII/FPI,3859.5,4808.5,-949.0
2019-05-07,DII,3113.4,2294.5,818.8
2019-05-07,FII/FPI,4854.6,5499.7,-645.1
2019-05-08,DII,3411.5,3178.6,233.0
2019-05-08,FII/FPI,5012.0,5713.1,-701.1
2019-05-09,DII,3159.9,2482.0,677.9
2019-05-09,FII/FPI,5088.0,5743.4,-655.4
2019-05-10,DII,3812.3,2754.9,1057.4
2019-05-10,FII/FPI,3449.3,4694.4,-1245.1
2019-05-11,DII,3163.93,4757.64,-1593.71
2019-05-11,FII/FPI,5551.26,5078.09,473.17
2019-05-12,DII,2846.29,3256.78,-410.49
2019-05-12,FII/FPI,4893.44,4240.08,653.36
2019-05-13,DII,3847.5,2789.6,1057.9
2019-05-13,FII/FPI,2972.2,4028.2,-1056.0
2019-05-14,DII,5086.6,2843.6,2242.9
2019-05-14,FII/FPI,4696.5,6708.3,-2011.8
2019-05-15,DII,3675.0,3003.2,671.8
2019-05-15,FII/FPI,4275.6,5418.1,-1142.4
2019-05-16,DII,3504.2,2556.2,948.0
2019-05-16,FII/FPI,3527.0,4480.2,-953.2
2019-05-17,DII,4699.6,2889.8,1809.8
2019-05-17,FII/FPI,4296.7,5354.6,-1057.8
2019-05-20,DII,5129.5,5672.2,-542.7
2019-05-20,FII/FPI,7610.7,5876.2,1734.4
2019-05-21,DII,3332.3,4422.6,-1090.3
2019-05-21,FII/FPI,6587.6,5402.2,1185.4
2019-05-22,DII,3579.3,3737.0,-157.8
2019-05-22,FII/FPI,4685.5,5650.6,-965.0
2019-05-23,DII,6775.6,7369.1,-593.5
2019-05-23,FII/FPI,8339.2,6987.0,1352.2
2019-05-24,DII,3839.7,4035.0,-195.4
2019-05-24,FII/FPI,8059.8,6033.4,2026.3
2019-05-27,DII,3740.3,4068.2,-327.9
2019-05-27,FII/FPI,4732.4,3517.0,1215.4
2019-05-28,DII,4088.1,3818.8,269.2
2019-05-28,FII/FPI,18471.2,18972.3,-501.1
2019-05-29,DII,2907.6,3097.1,-189.6
2019-05-29,FII/FPI,4520.7,4824.9,-304.3
2019-05-30,DII,4145.8,5268.4,-1122.6
2019-05-30,FII/FPI,7162.2,5497.4,1664.7
2019-05-31,DII,3815.2,3421.1,394.1
2019-05-31,FII/FPI,9474.1,8797.9,676.2
2019-06-02,DII,3509.34,2984.08,525.26
2019-06-02,FII/FPI,4040.48,3345.51,694.97
2019-06-03,DII,2587.6,3050.3,-462.7
2019-06-03,FII/FPI,7752.6,4683.7,3068.9
2019-06-04,DII,2338.9,2694.3,-355.4
2019-06-04,FII/FPI,4921.3,5337.4,-416.1
2019-06-05,DII,3361.38,3271.49,89.89
2019-06-05,FII/FPI,3859.48,4808.46,-948.98
2019-06-06,DII,4051.0,4701.8,-650.8
2019-06-06,FII/FPI,6977.4,8426.4,-1449.0
2019-06-07,DII,2489.8,2310.1,179.8
2019-06-07,FII/FPI,3031.7,3510.5,-478.8
2019-06-08,DII,5481.75,3192.7,2289.05
2019-06-08,FII/FPI,5109.85,7217.78,-2107.93
2019-06-09,DII,3300.64,2093.44,1207.2
2019-06-09,FII/FPI,3317.21,4274.26,-957.05
2019-06-10,DII,2245.4,2074.8,170.6
2019-06-10,FII/FPI,3738.6,3522.4,216.2
2019-06-11,DII,2224.1,2375.2,-151.0
2019-06-11,FII/FPI,4317.7,4221.9,95.8
2019-06-12,DII,2216.8,1945.7,271.2
2019-06-12,FII/FPI,3545.9,4596.4,-1050.4
2019-06-13,DII,2241.2,2686.0,-444.9
2019-06-13,FII/FPI,5023.5,4851.2,172.4
2019-06-14,DII,2169.5,1793.0,376.5
2019-06-14,FII/FPI,5163.6,5402.3,-238.6
2019-06-17,DII,4073.9,2816.0,1257.9
2019-06-17,FII/FPI,4718.8,5050.1,-331.3
2019-06-18,DII,2855.9,2674.9,181.0
2019-06-18,FII/FPI,4653.2,4621.5,31.7
2019-06-19,DII,2770.2,2875.1,-104.9
2019-06-19,FII/FPI,4603.6,4700.6,-97.0
2019-06-20,DII,3455.6,2214.3,1241.2
2019-06-20,FII/FPI,4463.9,4902.3,-438.4
2019-06-21,DII,3327.1,2881.3,445.8
2019-06-21,FII/FPI,11105.0,11835.6,-730.6
2019-06-24,DII,3141.5,2157.1,984.4
2019-06-24,FII/FPI,3385.4,3178.1,207.3
2019-06-25,DII,3154.5,2777.3,377.2
2019-06-25,FII/FPI,4896.2,3738.4,1157.9
2019-06-26,DII,3267.7,3319.2,-51.5
2019-06-26,FII/FPI,4267.3,4161.1,106.3
2019-06-27,DII,6974.8,6778.2,196.6
2019-06-27,FII/FPI,6970.7,6971.4,-0.7
2019-06-28,DII,3052.4,2870.0,182.4
2019-06-28,FII/FPI,5175.4,5689.3,-513.9
2019-07-01,DII,2328.0,2379.0,-51.0
2019-07-01,FII/FPI,3247.5,2821.0,426.5
2019-07-02,DII,1871.9,1730.8,141.1
2019-07-02,FII/FPI,4093.7,4605.7,-512.0
2019-07-03,DII,2777.4,2489.9,287.6
2019-07-03,FII/FPI,3330.9,3721.0,-390.2
2019-07-04,DII,2811.3,2752.7,58.6
2019-07-04,FII/FPI,3037.7,3066.6,-29.0
2019-07-05,DII,4178.9,3903.3,275.6
2019-07-05,FII/FPI,3628.4,3717.8,-89.4
2019-07-06,DII,2489.85,2310.06,179.79
2019-07-06,FII/FPI,3031.66,3510.5,-478.84
2019-07-08,DII,4054.9,3733.8,321.1
2019-07-08,FII/FPI,3625.5,4027.5,-402.0
2019-07-09,DII,4545.3,3834.4,710.9
2019-07-09,FII/FPI,4334.2,5008.4,-674.3
2019-07-10,DII,3499.6,2832.2,667.4
2019-07-10,FII/FPI,3853.7,4458.7,-604.9
2019-07-11,DII,3594.0,2874.2,719.7
2019-07-11,FII/FPI,3177.8,3494.7,-316.9
2019-07-12,DII,4066.9,3126.8,940.1
2019-07-12,FII/FPI,4810.5,5660.6,-850.1
2019-07-15,DII,3171.7,2580.0,591.7
2019-07-15,FII/FPI,3606.6,3823.0,-216.4
2019-07-16,DII,3520.8,2883.1,637.7
2019-07-16,FII/FPI,3709.4,4154.4,-445.0
2019-07-17,DII,3102.2,2893.4,208.9
2019-07-17,FII/FPI,3813.8,3830.8,-17.0
2019-07-18,DII,3546.9,3217.8,329.0
2019-07-18,FII/FPI,4104.1,5509.0,-1404.9
2019-07-19,DII,3906.1,3172.1,733.9
2019-07-19,FII/FPI,4791.1,5741.3,-950.2
2019-07-22,DII,4665.5,2835.6,1829.9
2019-07-22,FII/FPI,3415.7,5332.6,-1916.9
2019-07-23,DII,5611.4,2986.3,2625.1
2019-07-23,FII/FPI,4226.1,6834.1,-2608.0
2019-07-24,DII,5419.0,3278.7,2140.3
2019-07-24,FII/FPI,4130.6,5524.3,-1393.7
2019-07-25,DII,5579.1,5180.6,398.5
2019-07-25,FII/FPI,6135.5,6262.1,-126.6
2019-07-26,DII,3845.3,1927.8,1917.5
2019-07-26,FII/FPI,3275.8,4779.0,-1503.3
2019-07-29,DII,4644.0,3292.4,1351.6
2019-07-29,FII/FPI,3439.7,4144.2,-704.4
2019-07-30,DII,5423.7,4344.0,1079.7
2019-07-30,FII/FPI,4523.1,5167.7,-644.6
2019-07-31,DII,6486.1,4006.7,2479.4
2019-07-31,FII/FPI,5935.2,7432.3,-1497.1
2019-08-01,DII,4591.2,4029.9,561.3
2019-08-01,FII/FPI,5161.3,6217.8,-1056.6
2019-08-02,DII,5646.2,2833.5,2812.7
2019-08-02,FII/FPI,4792.8,7680.9,-2888.1
2019-08-03,DII,2944.86,3415.56,-470.7
2019-08-03,FII/FPI,5038.53,3943.47,1095.06
2019-08-04,DII,2452.9,3076.71,-623.81
2019-08-04,FII/FPI,5062.17,4732.57,329.6
2019-08-05,DII,4950.9,3079.7,1871.3
2019-08-05,FII/FPI,4778.5,6795.2,-2016.7
2019-08-06,DII,5481.8,3192.7,2289.0
2019-08-06,FII/FPI,5109.8,7217.8,-2107.9
2019-08-07,DII,3991.0,3459.4,531.6
2019-08-07,FII/FPI,5240.2,5623.9,-383.7
2019-08-08,DII,4192.6,3901.3,291.3
2019-08-08,FII/FPI,5428.6,5866.0,-437.4
2019-08-09,DII,4568.7,3961.8,606.9
2019-08-09,FII/FPI,4734.7,4531.0,203.7
2019-08-11,DII,3840.39,4424.87,-584.48
2019-08-11,FII/FPI,6432.37,5500.17,932.2
2019-08-13,DII,4796.2,4594.7,201.5
2019-08-13,FII/FPI,5741.9,6380.2,-638.3
2019-08-14,DII,4385.7,2765.9,1619.8
2019-08-14,FII/FPI,6859.7,5245.0,1614.6
2019-08-16,DII,3201.6,2143.3,1058.3
2019-08-16,FII/FPI,5789.8,7129.0,-1339.3
2019-08-19,DII,2336.2,1950.0,386.2
2019-08-19,FII/FPI,3227.6,3533.4,-305.7
2019-08-20,DII,2814.8,2518.4,296.4
2019-08-20,FII/FPI,5626.3,5253.0,373.2
2019-08-21,DII,3475.4,3121.4,354.0
2019-08-21,FII/FPI,3833.6,4604.5,-770.8
2019-08-22,DII,4967.2,3248.2,1719.1
2019-08-22,FII/FPI,5345.7,6248.7,-903.0
2019-08-23,DII,4150.6,2602.1,1548.5
2019-08-23,FII/FPI,4365.2,6102.4,-1737.2
2019-08-26,DII,4729.0,3456.7,1272.3
2019-08-26,FII/FPI,4084.8,4837.7,-752.9
2019-08-27,DII,5888.1,4725.4,1162.6
2019-08-27,FII/FPI,13433.3,14357.3,-923.9
2019-08-28,DII,3166.1,2806.8,359.3
2019-08-28,FII/FPI,3761.0,4696.3,-935.3
2019-08-29,DII,5291.3,4802.1,489.2
2019-08-29,FII/FPI,3870.9,4857.5,-986.6
2019-08-30,DII,4580.7,3078.5,1502.3
2019-08-30,FII/FPI,7343.9,6181.0,1163.0
2019-09-01,DII,3658.89,3219.22,439.67
2019-09-01,FII/FPI,4410.43,4134.29,276.14
2019-09-03,DII,3472.6,2221.2,1251.4
2019-09-03,FII/FPI,3515.3,5531.5,-2016.2
2019-09-04,DII,3623.6,2319.1,1304.6
2019-09-04,FII/FPI,3759.8,5498.3,-1738.5
2019-09-05,DII,3029.9,2330.6,699.3
2019-09-05,FII/FPI,3637.6,4198.8,-561.2
2019-09-06,DII,3300.6,2093.4,1207.2
2019-09-06,FII/FPI,3317.2,4274.3,-957.0
2019-09-07,DII,4545.33,3834.42,710.91
2019-09-07,FII/FPI,4334.19,5008.45,-674.26
2019-09-08,DII,4568.72,3961.8,606.92
2019-09-08,FII/FPI,4734.7,4530.97,203.73
2019-09-09,DII,3104.2,2417.7,686.5
2019-09-09,FII/FPI,2828.4,3016.4,-188.1
2019-09-10,DII,3771.36,2815.1,956.26
2019-09-10,FII/FPI,5513.36,5998.6,-485.24
2019-09-11,DII,4444.7,3312.3,1132.4
2019-09-11,FII/FPI,5406.0,5139.1,266.9
2019-09-12,DII,2787.0,2913.8,-126.8
2019-09-12,FII/FPI,4524.4,3740.8,783.6
2019-09-13,DII,2977.3,2767.8,209.6
2019-09-13,FII/FPI,3141.4,3546.9,-405.4
2019-09-16,DII,2502.0,2193.4,308.6
2019-09-16,FII/FPI,4067.6,4818.9,-751.3
2019-09-17,DII,3141.1,3055.4,85.8
2019-09-17,FII/FPI,4271.4,5079.7,-808.3
2019-09-18,DII,2879.2,2098.7,780.4
2019-09-18,FII/FPI,2814.1,3773.2,-959.1
2019-09-19,DII,3092.9,2447.2,645.7
2019-09-19,FII/FPI,2510.7,3403.2,-892.5
2019-09-20,DII,11174.9,8173.6,3001.3
2019-09-20,FII/FPI,17032.3,16996.5,35.8
2019-09-23,DII,10074.6,9782.6,292.0
2019-09-23,FII/FPI,11057.8,8373.7,2684.0
2019-09-24,DII,5150.4,4677.6,472.8
2019-09-24,FII/FPI,5340.8,6169.3,-828.5
2019-09-25,DII,3888.8,4651.3,-762.5
2019-09-25,FII/FPI,6997.3,7339.7,-342.4
2019-09-26,DII,7486.7,7147.4,339.3
2019-09-26,FII/FPI,9934.8,9197.6,737.2
2019-09-27,DII,3428.2,2969.5,458.7
2019-09-27,FII/FPI,3941.4,4155.0,-213.6
2019-09-30,DII,5315.0,4810.3,504.7
2019-09-30,FII/FPI,5662.3,6131.7,-469.4
2019-10-01,DII,5177.0,3674.0,1503.0
2019-10-01,FII/FPI,5462.4,6761.0,-1298.6
2019-10-03,DII,3600.3,2737.8,862.5
2019-10-03,FII/FPI,4762.9,5573.6,-810.7
2019-10-04,DII,3757.6,3151.4,606.3
2019-10-04,FII/FPI,4862.7,5545.6,-682.9
2019-10-05,DII,3812.31,2754.89,1057.42
2019-10-05,FII/FPI,3449.3,4694.44,-1245.14
2019-10-06,DII,2245.43,2074.81,170.62
2019-10-06,FII/FPI,3738.65,3522.45,216.2
2019-10-07,DII,4191.2,3286.4,904.8
2019-10-07,FII/FPI,3023.2,3517.4,-494.2
2019-10-09,DII,3771.4,2815.1,956.3
2019-10-09,FII/FPI,5513.4,5998.6,-485.2
2019-10-10,DII,4043.1,3540.5,502.7
2019-10-10,FII/FPI,4763.5,5026.6,-263.1
2019-10-11,DII,3607.4,4310.5,-703.0
2019-10-11,FII/FPI,5721.6,4971.9,749.7
2019-10-12,DII,2696.96,2358.56,338.4
2019-10-12,FII/FPI,4072.56,4439.35,-366.79
2019-10-14,DII,3562.1,3987.2,-425.2
2019-10-14,FII/FPI,4916.5,4020.8,895.6
2019-10-15,DII,4104.2,3174.8,929.4
2019-10-15,FII/FPI,6473.7,6037.7,436.0
2019-10-16,DII,5078.7,3473.3,1605.4
2019-10-16,FII/FPI,5765.1,5078.7,686.3
2019-10-17,DII,3702.4,4214.1,-511.8
2019-10-17,FII/FPI,5660.0,4501.4,1158.6
2019-10-18,DII,5071.2,4484.3,586.9
2019-10-18,FII/FPI,5423.7,5387.2,36.6
2019-10-22,DII,5136.5,6122.0,-985.5
2019-10-22,FII/FPI,7878.6,8436.1,-557.5
2019-10-23,DII,3961.0,4098.4,-137.4
2019-10-23,FII/FPI,5182.5,5395.7,-213.2
2019-10-24,DII,3837.3,4576.1,-738.8
2019-10-24,FII/FPI,5885.5,5958.4,-72.9
2019-10-25,DII,4351.1,3911.0,440.2
2019-10-25,FII/FPI,5370.3,5805.8,-435.4
2019-10-27,DII,60.9,6.5,54.4
2019-10-27,FII/FPI,31.7,25.1,6.6
2019-10-29,DII,4972.2,4827.5,144.8
2019-10-29,FII/FPI,8011.4,7134.8,876.6
2019-10-30,DII,4164.2,4350.0,-185.9
2019-10-30,FII/FPI,12523.1,5330.6,7192.4
2019-10-31,DII,4886.6,5537.4,-650.7
2019-10-31,FII/FPI,9004.6,7133.7,1870.9
2019-11-01,DII,3979.1,4115.6,-136.5
2019-11-01,FII/FPI,6069.3,5535.9,533.4
2019-11-02,DII,3027.08,3259.63,-232.55
2019-11-02,FII/FPI,3981.86,4106.91,-125.05
2019-11-03,DII,3317.7,5273.25,-1955.55
2019-11-03,FII/FPI,8163.17,4352.57,3810.6
2019-11-04,DII,3297.8,3798.0,-500.2
2019-11-04,FII/FPI,4626.0,4764.5,-138.5
2019-11-05,DII,3163.9,4757.6,-1593.7
2019-11-05,FII/FPI,5551.3,5078.1,473.2
2019-11-06,DII,3561.1,4678.3,-1117.2
2019-11-06,FII/FPI,5903.7,4892.2,1011.5
2019-11-07,DII,3818.1,4453.7,-635.6
2019-11-07,FII/FPI,6377.2,5450.6,926.6
2019-11-08,DII,3840.4,4424.9,-584.5
2019-11-08,FII/FPI,6432.4,5500.2,932.2
2019-11-09,DII,4444.73,3312.31,1132.42
2019-11-09,FII/FPI,5406.02,5139.13,266.89
2019-11-10,DII,3607.44,4310.46,-703.02
2019-11-10,FII/FPI,5721.61,4971.87,749.74
2019-11-11,DII,2890.9,3136.0,-245.1
2019-11-11,FII/FPI,4072.2,3408.0,664.2
2019-11-12,DII,3421.44,3181.57,239.87
2019-11-12,FII/FPI,5022.53,4417.12,605.41
2019-11-13,DII,3369.0,4259.0,-890.0
2019-11-13,FII/FPI,7160.2,6575.3,584.9
2019-11-14,DII,3863.5,3780.8,82.7
2019-11-14,FII/FPI,5100.9,5662.9,-562.0
2019-11-15,DII,4339.3,3801.6,537.7
2019-11-15,FII/FPI,5113.2,6121.6,-1008.4
2019-11-18,DII,3338.8,3029.4,309.4
2019-11-18,FII/FPI,4375.8,4646.5,-270.7
2019-11-19,DII,4310.9,4048.5,262.4
2019-11-19,FII/FPI,7785.1,8700.5,-915.4
2019-11-20,DII,4850.7,4667.2,183.4
2019-11-20,FII/FPI,5840.2,5273.7,566.5
2019-11-21,DII,3347.3,3595.1,-247.7
2019-11-21,FII/FPI,10556.7,5533.1,5023.5
2019-11-22,DII,2838.1,3015.5,-177.4
2019-11-22,FII/FPI,5138.9,4833.1,305.7
2019-11-25,DII,3378.9,3592.5,-213.7
2019-11-25,FII/FPI,5257.9,4297.0,960.9
2019-11-26,DII,5501.9,9744.0,-4242.0
2019-11-26,FII/FPI,39885.3,35207.5,4677.8
2019-11-27,DII,3999.3,3559.8,439.5
2019-11-27,FII/FPI,4526.4,4483.4,42.9
2019-11-28,DII,4132.0,4287.5,-155.5
2019-11-28,FII/FPI,5250.8,4242.0,1008.9
2019-11-29,DII,4407.0,3453.4,953.6
2019-11-29,FII/FPI,4769.2,6661.4,-1892.3
2019-12-02,DII,4038.3,3284.3,754.0
2019-12-02,FII/FPI,6559.4,8290.8,-1731.3
2019-12-03,DII,3788.7,2824.7,964.0
2019-12-03,FII/FPI,4838.7,5969.8,-1131.1
2019-12-04,DII,4326.9,3422.8,904.1
2019-12-04,FII/FPI,4828.7,5609.8,-781.1
2019-12-05,DII,2846.3,3256.8,-410.5
2019-12-05,FII/FPI,4893.4,4240.1,653.4
2019-12-06,DII,2965.4,2754.7,210.7
2019-12-06,FII/FPI,3673.3,4541.0,-867.7
2019-12-07,DII,4066.91,3126.79,940.12
2019-12-07,FII/FPI,4810.46,5660.57,-850.11
2019-12-09,DII,2296.1,2221.1,74.9
2019-12-09,FII/FPI,4185.9,3726.6,459.2
2019-12-10,DII,2697.0,2358.6,338.4
2019-12-10,FII/FPI,4072.6,4439.4,-366.8
2019-12-11,DII,3421.4,3181.6,239.9
2019-12-11,FII/FPI,5022.5,4417.1,605.4
2019-12-12,DII,3474.2,2664.0,810.2
2019-12-12,FII/FPI,4480.3,5164.1,-683.8
2019-12-13,DII,3954.8,3569.9,384.9
2019-12-13,FII/FPI,4632.4,4516.7,115.7
2019-12-16,DII,1988.4,2784.8,-796.4
2019-12-16,FII/FPI,5349.1,4621.0,728.1
2019-12-17,DII,3038.7,3946.9,-908.2
2019-12-17,FII/FPI,7896.3,6647.8,1248.5
2019-12-18,DII,3154.9,4422.5,-1267.6
2019-12-18,FII/FPI,7710.4,5873.6,1836.8
2019-12-19,DII,2535.4,3029.4,-494.0
2019-12-19,FII/FPI,5315.8,4576.4,739.4
2019-12-20,DII,4412.8,4698.3,-285.4
2019-12-20,FII/FPI,9729.1,9390.3,338.9
2019-12-23,DII,2421.5,4368.9,-1947.4
2019-12-23,FII/FPI,4673.5,3210.2,1463.3
2019-12-24,DII,1920.4,2265.6,-345.2
2019-12-24,FII/FPI,1935.5,2049.9,-114.4
2019-12-26,DII,3442.9,3322.4,120.5
2019-12-26,FII/FPI,1823.2,2327.3,-504.1
2019-12-27,DII,2587.5,2461.8,125.8
2019-12-27,FII/FPI,2762.8,2681.5,81.4
2019-12-30,DII,2734.0,2532.7,201.3
2019-12-30,FII/FPI,2592.1,2722.6,-130.5
2019-12-31,DII,3697.3,3112.2,585.1
2019-12-31,FII/FPI,2203.0,3468.1,-1265.1
2020-01-01,DII,1688.4,1479.9,208.5
2020-01-01,FII/FPI,340.2,399.1,-58.9
2020-01-02,DII,3490.2,3426.2,64.0
2020-01-02,FII/FPI,2670.8,1982.0,688.8
2020-01-03,DII,2750.9,3780.1,-1029.2
2020-01-03,FII/FPI,4514.4,3251.3,1263.0
2020-01-04,DII,2772.09,3222.45,-450.36
2020-01-04,FII/FPI,5581.89,6698.68,-1116.79
2020-01-06,DII,3778.8,3802.5,-23.7
2020-01-06,FII/FPI,3732.0,3835.8,-103.8
2020-01-07,DII,4205.2,3894.0,311.2
2020-01-07,FII/FPI,3911.2,4593.4,-682.2
2020-01-08,DII,5162.0,4413.6,748.4
2020-01-08,FII/FPI,4109.0,4624.9,-515.8
2020-01-09,DII,5020.5,4601.3,419.2
2020-01-09,FII/FPI,4716.4,5147.5,-431.1
2020-01-10,DII,4438.8,4690.5,-251.7
2020-01-10,FII/FPI,4679.7,4101.4,578.3
2020-01-12,DII,3644.5,4687.71,-1043.21
2020-01-12,FII/FPI,11337.25,8095.25,3242.0
2020-01-13,DII,595.5,1724.4,-1128.9
2020-01-13,FII/FPI,4881.9,4761.1,120.8
2020-01-14,DII,3934.4,4576.8,-642.5
2020-01-14,FII/FPI,4881.0,5086.5,-205.6
2020-01-15,DII,3897.9,4546.2,-648.3
2020-01-15,FII/FPI,6026.8,5747.3,279.5
2020-01-16,DII,3686.4,3871.1,-184.6
2020-01-16,FII/FPI,4758.3,5153.6,-395.2
2020-01-17,DII,3615.4,4115.6,-500.2
2020-01-17,FII/FPI,6609.6,6345.3,264.3
2020-01-20,DII,3332.3,4752.1,-1419.8
2020-01-20,FII/FPI,5050.2,5044.3,5.9
2020-01-21,DII,3255.1,3562.9,-307.8
2020-01-21,FII/FPI,6095.6,6145.6,-50.1
2020-01-22,DII,4286.2,4612.4,-326.2
2020-01-22,FII/FPI,5254.7,5431.1,-176.4
2020-01-23,DII,6729.6,7714.1,-984.6
2020-01-23,FII/FPI,7969.6,6617.4,1352.1
2020-01-24,DII,3748.8,3330.8,418.0
2020-01-24,FII/FPI,4884.5,4225.4,659.1
2020-01-27,DII,3451.6,3441.1,10.5
2020-01-27,FII/FPI,3025.7,3464.6,-438.8
2020-01-28,DII,4857.6,4145.9,711.7
2020-01-28,FII/FPI,4871.9,6229.4,-1357.6
2020-01-29,DII,4663.0,3142.1,1520.9
2020-01-29,FII/FPI,5012.4,6026.7,-1014.3
2020-01-30,DII,3748.4,3456.0,292.4
2020-01-30,FII/FPI,4674.2,5636.5,-962.3
2020-01-31,DII,7024.6,3208.2,3816.4
2020-01-31,FII/FPI,5142.7,9321.8,-4179.1
2020-02-01,DII,4513.0,4476.4,36.6
2020-02-01,FII/FPI,1049.2,2248.7,-1199.5
2020-02-03,DII,5825.2,4538.6,1286.6
2020-02-03,FII/FPI,5834.4,7034.6,-1200.3
2020-02-04,DII,4216.5,3614.7,601.9
2020-02-04,FII/FPI,7504.5,7138.3,366.2
2020-02-05,DII,5142.2,4879.5,262.8
2020-02-05,FII/FPI,7151.4,6902.5,248.9
2020-02-06,DII,4545.2,4241.2,304.0
2020-02-06,FII/FPI,6251.7,6812.0,-560.4
2020-02-07,DII,3936.4,4115.0,-178.6
2020-02-07,FII/FPI,5049.0,4887.0,161.9
2020-02-09,DII,3157.15,3814.63,-657.48
2020-02-09,FII/FPI,6640.39,5649.82,990.57
2020-02-10,DII,2866.8,3602.6,-735.8
2020-02-10,FII/FPI,4665.0,4849.6,-184.6
2020-02-11,DII,3819.5,3474.8,344.6
2020-02-11,FII/FPI,4705.5,4914.9,-209.4
2020-02-12,DII,3795.5,3456.3,339.2
2020-02-12,FII/FPI,5071.1,5022.3,48.8
2020-02-13,DII,2951.7,3912.2,-960.5
2020-02-13,FII/FPI,5501.6,4440.2,1061.4
2020-02-14,DII,4037.4,3817.9,219.5
2020-02-14,FII/FPI,4271.6,4976.5,-704.9
2020-02-17,DII,3294.4,3448.7,-154.2
2020-02-17,FII/FPI,3406.8,3780.8,-374.1
2020-02-18,DII,4360.8,4670.3,-309.4
2020-02-18,FII/FPI,5132.6,5207.0,-74.4
2020-02-19,DII,3123.6,2533.5,590.1
2020-02-19,FII/FPI,4806.7,4997.4,-190.7
2020-02-20,DII,3768.3,4467.9,-699.6
2020-02-20,FII/FPI,7632.1,6136.9,1495.2
2020-02-24,DII,4171.7,3655.5,516.2
2020-02-24,FII/FPI,5969.3,7130.2,-1160.9
2020-02-25,DII,4386.8,2821.5,1565.3
2020-02-25,FII/FPI,5356.9,7672.0,-2315.1
2020-02-26,DII,6635.5,3849.8,2785.7
2020-02-26,FII/FPI,5821.6,9158.2,-3336.6
2020-02-27,DII,6695.9,3198.4,3497.5
2020-02-27,FII/FPI,5548.3,8675.7,-3127.4
2020-02-28,DII,11757.1,4135.9,7621.2
2020-02-28,FII/FPI,14161.8,15590.6,-1428.7
2020-03-01,DII,2750.87,3780.07,-1029.2
2020-03-01,FII/FPI,4514.35,3251.3,1263.05
2020-03-02,DII,5097.5,3958.7,1138.7
2020-03-02,FII/FPI,6376.1,7730.8,-1354.7
2020-03-03,DII,6177.4,3042.1,3135.2
2020-03-03,FII/FPI,5679.1,8094.9,-2415.8
2020-03-04,DII,5859.6,5095.4,764.1
2020-03-04,FII/FPI,8228.7,9107.1,-878.4
2020-03-05,DII,5056.3,2545.4,2510.9
2020-03-05,FII/FPI,5980.1,8456.9,-2476.8
2020-03-06,DII,6861.4,4317.6,2543.8
2020-03-06,FII/FPI,6745.5,10340.4,-3594.8
2020-03-07,DII,3094.36,3426.32,-331.96
2020-03-07,FII/FPI,3325.35,2468.06,857.29
2020-03-08,DII,4719.84,4855.39,-135.55
2020-03-08,FII/FPI,13299.91,5481.42,7818.49
2020-03-09,DII,9971.2,4996.4,4974.8
2020-03-09,FII/FPI,6076.4,12672.0,-6595.6
2020-03-11,DII,7345.6,4510.1,2835.5
2020-03-11,FII/FPI,9721.3,13236.7,-3515.4
2020-03-12,DII,12340.1,8421.8,3918.2
2020-03-12,FII/FPI,9161.0,12636.3,-3475.3
2020-03-13,DII,13264.5,7396.6,5867.9
2020-03-13,FII/FPI,8336.4,14364.0,-6027.6
2020-03-16,DII,8198.2,5583.6,2614.5
2020-03-16,FII/FPI,6909.0,10718.9,-3809.9
2020-03-17,DII,7632.0,4209.9,3422.1
2020-03-17,FII/FPI,6655.5,10700.2,-4044.7
2020-03-18,DII,11245.2,7608.8,3636.4
2020-03-18,FII/FPI,6853.2,11938.5,-5085.4
2020-03-19,DII,8692.5,4325.1,4367.4
2020-03-19,FII/FPI,6766.4,11389.4,-4622.9
2020-03-20,DII,8229.4,5798.2,2431.2
2020-03-20,FII/FPI,9551.0,12896.9,-3346.0
2020-03-23,DII,6897.2,5815.0,1082.2
2020-03-23,FII/FPI,5701.6,8690.9,-2989.3
2020-03-24,DII,5860.4,4306.7,1553.7
2020-03-24,FII/FPI,7407.8,9561.1,-2153.4
2020-03-25,DII,5303.2,4565.2,738.0
2020-03-25,FII/FPI,9310.2,11203.6,-1893.4
2020-03-26,DII,4961.4,5731.4,-769.9
2020-03-26,FII/FPI,9423.2,9908.0,-484.8
2020-03-27,DII,5594.3,3890.6,1703.7
2020-03-27,FII/FPI,9000.0,8644.2,355.8
2020-03-30,DII,6314.2,2763.9,3550.3
2020-03-30,FII/FPI,4726.5,9090.1,-4363.6
2020-03-31,DII,6955.4,3379.2,3576.2
2020-03-31,FII/FPI,6295.4,9340.3,-3044.9
2020-04-01,DII,2772.1,3222.4,-450.4
2020-04-01,FII/FPI,5581.9,6698.7,-1116.8
2020-04-02,DII,4216.53,3614.67,601.86
2020-04-02,FII/FPI,7504.47,7138.26,366.21
2020-04-03,DII,3568.2,3341.7,226.6
2020-04-03,FII/FPI,7596.8,9557.8,-1961.0
2020-04-05,DII,3756.63,5418.24,-1661.61
2020-04-05,FII/FPI,5482.19,6856.17,-1373.98
2020-04-06,DII,3622.8,4470.11,-847.31
2020-04-06,FII/FPI,8506.04,5601.0,2905.04
2020-04-07,DII,5156.4,4733.9,422.5
2020-04-07,FII/FPI,10341.4,9599.7,741.8
2020-04-08,DII,3471.4,5229.2,-1757.8
2020-04-08,FII/FPI,8916.4,6973.0,1943.4
2020-04-09,DII,4135.3,4601.3,-466.0
2020-04-09,FII/FPI,7277.0,5539.4,1737.6
2020-04-11,DII,4428.91,4437.04,-8.13
2020-04-11,FII/FPI,6302.82,6156.6,146.22
2020-04-12,DII,4062.46,6034.06,-1971.6
2020-04-12,FII/FPI,9863.79,6894.2,2969.59
2020-04-13,DII,2986.4,4083.2,-1096.9
2020-04-13,FII/FPI,3908.2,5151.9,-1243.7
2020-04-15,DII,4672.0,5769.8,-1097.9
2020-04-15,FII/FPI,14199.3,12840.0,1359.3
2020-04-16,DII,4655.4,3334.0,1321.4
2020-04-16,FII/FPI,6779.2,9699.6,-2920.4
2020-04-17,DII,4146.0,3611.7,534.2
2020-04-17,FII/FPI,7494.6,8886.6,-1392.0
2020-04-20,DII,3448.5,4237.3,-788.9
2020-04-20,FII/FPI,5817.1,6083.0,-265.9
2020-04-21,DII,4285.5,4353.9,-68.5
2020-04-21,FII/FPI,3997.5,6092.8,-2095.2
2020-04-22,DII,4353.0,3489.1,863.8
2020-04-22,FII/FPI,5441.6,6767.7,-1326.1
2020-04-23,DII,3828.9,3490.6,338.3
2020-04-23,FII/FPI,6171.8,6286.4,-114.6
2020-04-24,DII,3903.7,4897.7,-994.0
2020-04-24,FII/FPI,5668.6,5875.9,-207.3
2020-04-27,DII,4502.8,3360.8,1142.0
2020-04-27,FII/FPI,3888.0,4804.4,-916.4
2020-04-28,DII,4249.7,3860.7,389.0
2020-04-28,FII/FPI,4877.7,4999.8,-122.2
2020-04-29,DII,5011.6,4225.2,786.4
2020-04-29,FII/FPI,5733.6,5011.6,722.1
2020-04-30,DII,5919.3,5340.2,579.0
2020-04-30,FII/FPI,8792.0,6823.2,1968.8
2020-05-02,DII,5142.23,4879.48,262.75
2020-05-02,FII/FPI,7151.42,6902.48,248.94
2020-05-03,DII,5056.28,2545.39,2510.89
2020-05-03,FII/FPI,5980.14,8456.89,-2476.75
2020-05-04,DII,3756.6,5418.2,-1661.6
2020-05-04,FII/FPI,5482.2,6856.2,-1374.0
2020-05-05,DII,936.4,994.6,-58.2
2020-05-05,FII/FPI,4813.9,5137.8,-323.9
2020-05-06,DII,3811.6,3489.1,322.5
2020-05-06,FII/FPI,4544.8,5038.5,-493.7
2020-05-07,DII,7050.9,3232.5,3818.4
2020-05-07,FII/FPI,23369.8,4313.3,19056.5
2020-05-08,DII,3416.6,4919.8,-1503.1
2020-05-08,FII/FPI,6092.0,4367.3,1724.7
2020-05-10,DII,2779.65,3251.21,-471.56
2020-05-10,FII/FPI,5685.56,5448.85,236.71
2020-05-11,DII,3799.2,4620.8,-821.6
2020-05-11,FII/FPI,5383.0,4848.1,534.9
2020-05-12,DII,5326.5,5690.5,-364.0
2020-05-12,FII/FPI,6231.7,7893.7,-1662.0
2020-05-13,DII,4847.2,4614.6,232.6
2020-05-13,FII/FPI,6192.1,6475.5,-283.4
2020-05-14,DII,4146.2,3343.8,802.4
2020-05-14,FII/FPI,4655.2,6807.7,-2152.5
2020-05-15,DII,3501.6,2276.0,1225.5
2020-05-15,FII/FPI,3905.7,6293.7,-2388.0
2020-05-18,DII,4381.6,4534.1,-152.4
2020-05-18,FII/FPI,4648.1,7160.9,-2512.8
2020-05-19,DII,4362.1,2702.4,1659.7
2020-05-19,FII/FPI,13613.7,14942.0,-1328.3
2020-05-20,DII,4855.1,2481.9,2373.2
2020-05-20,FII/FPI,4522.3,5988.8,-1466.5
2020-05-21,DII,3602.9,3201.1,401.8
2020-05-21,FII/FPI,6102.7,6361.4,-258.7
2020-05-22,DII,4164.0,4508.2,-344.2
2020-05-22,FII/FPI,4404.9,5758.8,-1353.9
2020-05-26,DII,6700.0,3858.9,2841.1
2020-05-26,FII/FPI,11850.0,7133.8,4716.1
2020-05-27,DII,5684.7,3275.8,2408.8
2020-05-27,FII/FPI,6191.5,6526.2,-334.7
2020-05-28,DII,5044.0,4899.2,144.8
2020-05-28,FII/FPI,8584.4,6230.3,2354.1
2020-05-29,DII,8144.4,7177.0,967.4
2020-05-29,FII/FPI,25389.4,23928.7,1460.7
2020-06-01,DII,4890.7,5349.9,-459.2
2020-06-01,FII/FPI,7015.3,5439.9,1575.5
2020-06-02,DII,5065.9,4624.8,441.0
2020-06-02,FII/FPI,12157.1,4658.8,7498.3
2020-06-03,DII,4633.1,5414.9,-781.8
2020-06-03,FII/FPI,9979.5,8128.4,1851.1
2020-06-04,DII,3622.8,4470.1,-847.3
2020-06-04,FII/FPI,8506.0,5601.0,2905.0
2020-06-05,DII,3539.0,3491.7,47.3
2020-06-05,FII/FPI,4585.8,4488.2,97.6
2020-06-07,DII,4205.92,3942.45,263.47
2020-06-07,FII/FPI,4111.43,3763.08,348.35
2020-06-08,DII,4212.3,5450.5,-1238.2
2020-06-08,FII/FPI,6082.0,5268.7,813.3
2020-06-09,DII,4043.5,4776.8,-733.3
2020-06-09,FII/FPI,6502.2,6011.4,490.8
2020-06-10,DII,3179.8,2679.1,500.7
2020-06-10,FII/FPI,4432.2,5351.5,-919.3
2020-06-11,DII,3027.3,3901.7,-874.4
2020-06-11,FII/FPI,3805.2,4610.3,-805.1
2020-06-12,DII,5251.7,3306.5,1945.2
2020-06-12,FII/FPI,3579.7,4891.2,-1311.5
2020-06-15,DII,3826.1,2749.7,1076.4
2020-06-15,FII/FPI,3247.6,6207.9,-2960.3
2020-06-16,DII,4742.5,3581.0,1161.5
2020-06-16,FII/FPI,4608.1,6086.6,-1478.5
2020-06-17,DII,3760.0,3591.9,168.0
2020-06-17,FII/FPI,4910.8,5397.4,-486.6
2020-06-18,DII,3671.4,2540.1,1131.3
2020-06-18,FII/FPI,4918.0,4551.4,366.6
2020-06-19,DII,6511.6,7392.2,-880.7
2020-06-19,FII/FPI,14764.3,13527.3,1237.0
2020-06-22,DII,4781.8,6069.4,-1287.7
2020-06-22,FII/FPI,5467.9,5043.7,424.2
2020-06-23,DII,4753.3,4298.8,454.5
2020-06-23,FII/FPI,23234.7,23065.8,169.0
2020-06-24,DII,4527.6,6052.5,-1524.9
2020-06-24,FII/FPI,8721.1,6954.2,1766.9
2020-06-25,DII,7786.2,8041.8,-255.6
2020-06-25,FII/FPI,5716.9,6767.5,-1050.6
2020-06-26,DII,4763.5,3459.3,1304.2
2020-06-26,FII/FPI,4220.4,4973.6,-753.2
2020-06-29,DII,4337.2,3301.0,1036.1
2020-06-29,FII/FPI,3964.6,5901.7,-1937.1
2020-06-30,DII,5247.1,3195.8,2051.3
2020-06-30,FII/FPI,4796.4,6796.5,-2000.1
2020-07-01,DII,3669.5,2292.4,1377.1
2020-07-01,FII/FPI,3629.8,5326.2,-1696.4
2020-07-02,DII,5134.6,4225.9,908.6
2020-07-02,FII/FPI,4054.3,4611.0,-556.7
2020-07-03,DII,3094.4,3426.3,-332.0
2020-07-03,FII/FPI,3325.4,2468.1,857.3
2020-07-04,DII,5156.45,4733.94,422.51
2020-07-04,FII/FPI,10341.45,9599.68,741.77
2020-07-05,DII,7050.9,3232.49,3818.41
2020-07-05,FII/FPI,23369.82,4313.33,19056.49
2020-07-06,DII,4205.9,3942.4,263.5
2020-07-06,FII/FPI,4111.4,3763.1,348.4
2020-07-07,DII,3512.2,4296.7,-784.5
2020-07-07,FII/FPI,6580.2,5750.2,829.9
2020-07-08,DII,3721.8,4575.2,-853.4
2020-07-08,FII/FPI,5473.2,6468.1,-994.9
2020-07-09,DII,2872.1,3675.5,-803.4
2020-07-09,FII/FPI,4516.6,4303.8,212.8
2020-07-10,DII,2777.6,3208.8,-431.2
2020-07-10,FII/FPI,2489.4,3520.4,-1031.0
2020-07-12,DII,4287.14,7054.23,-2767.09
2020-07-12,FII/FPI,8796.14,5004.08,3792.06
2020-07-13,DII,2803.9,4289.5,-1485.6
2020-07-13,FII/FPI,3730.7,3509.0,221.8
2020-07-14,DII,3536.4,4186.1,-649.7
2020-07-14,FII/FPI,3557.9,5123.5,-1565.6
2020-07-15,DII,4198.2,5097.5,-899.4
2020-07-15,FII/FPI,4579.6,4801.3,-221.7
2020-07-16,DII,5544.6,3884.7,1659.9
2020-07-16,FII/FPI,4489.2,5580.2,-1091.1
2020-07-17,DII,4072.5,4281.9,-209.4
2020-07-17,FII/FPI,5202.8,4505.7,697.1
2020-07-20,DII,3306.2,4828.2,-1522.0
2020-07-20,FII/FPI,4960.3,3250.3,1710.0
2020-07-21,DII,3465.5,4192.9,-727.4
2020-07-21,FII/FPI,8209.1,5943.2,2265.9
2020-07-22,DII,3694.5,4833.4,-1138.8
2020-07-22,FII/FPI,6908.6,5243.0,1665.6
2020-07-23,DII,3825.5,4757.4,-931.9
2020-07-23,FII/FPI,5509.4,3768.9,1740.5
2020-07-24,DII,4079.7,5082.6,-1003.0
2020-07-24,FII/FPI,5776.0,5366.1,409.9
2020-07-27,DII,3560.6,4538.5,-977.9
2020-07-27,FII/FPI,4091.0,4544.3,-453.3
2020-07-28,DII,3990.8,5008.2,-1017.4
2020-07-28,FII/FPI,5836.4,5590.4,246.0
2020-07-29,DII,4301.1,4806.7,-505.6
2020-07-29,FII/FPI,5725.0,6077.7,-352.6
2020-07-30,DII,5558.4,5945.6,-387.2
2020-07-30,FII/FPI,6462.0,6254.8,207.3
2020-07-31,DII,4447.9,4005.2,442.7
2020-07-31,FII/FPI,4283.3,5241.9,-958.6
2020-08-01,DII,5162.02,4413.62,748.4
2020-08-01,FII/FPI,4109.04,4624.89,-515.85
2020-08-03,DII,4719.8,4855.4,-135.6
2020-08-03,FII/FPI,13299.9,5481.4,7818.5
2020-08-04,DII,3650.1,4315.8,-665.7
2020-08-04,FII/FPI,5426.4,4722.7,703.7
2020-08-05,DII,3055.4,3481.3,-426.0
2020-08-05,FII/FPI,5976.6,6036.8,-60.2
2020-08-06,DII,3042.8,3510.8,-468.0
2020-08-06,FII/FPI,5578.7,4941.3,637.4
2020-08-07,DII,3443.0,3881.6,-438.6
2020-08-07,FII/FPI,6034.7,5637.4,397.3
2020-08-09,DII,4162.36,3542.07,620.29
2020-08-09,FII/FPI,3659.41,4715.93,-1056.52
2020-08-10,DII,3963.3,4468.2,-504.9
2020-08-10,FII/FPI,4892.7,4589.8,302.9
2020-08-11,DII,2759.0,4174.6,-1415.5
2020-08-11,FII/FPI,6227.7,5214.0,1013.7
2020-08-12,DII,3560.3,4500.0,-939.7
2020-08-12,FII/FPI,4939.0,4587.8,351.2
2020-08-13,DII,3693.9,4457.4,-763.5
2020-08-13,FII/FPI,4569.2,4152.9,416.3
2020-08-14,DII,3255.5,4052.6,-797.1
2020-08-14,FII/FPI,5184.0,5137.7,46.4
2020-08-17,DII,2766.3,3483.9,-717.6
2020-08-17,FII/FPI,3828.9,3496.0,332.9
2020-08-18,DII,2893.3,3272.7,-379.4
2020-08-18,FII/FPI,5409.5,4274.9,1134.6
2020-08-19,DII,3595.6,3692.7,-97.1
2020-08-19,FII/FPI,4934.9,4475.9,459.0
2020-08-20,DII,3438.2,4110.5,-672.2
2020-08-20,FII/FPI,4680.4,4948.8,-268.5
2020-08-21,DII,4277.4,4528.1,-250.6
2020-08-21,FII/FPI,3975.1,3565.0,410.2
2020-08-24,DII,3344.8,3680.4,-335.6
2020-08-24,FII/FPI,4444.1,4225.0,219.1
2020-08-25,DII,3913.0,4086.0,-173.0
2020-08-25,FII/FPI,5641.0,4159.8,1481.2
2020-08-26,DII,3785.6,4980.2,-1194.6
2020-08-26,FII/FPI,6857.5,5276.2,1581.3
2020-08-27,DII,3340.0,4149.2,-809.3
2020-08-27,FII/FPI,6625.4,5461.1,1164.3
2020-08-28,DII,5341.4,5885.0,-543.6
2020-08-28,FII/FPI,6618.9,5614.8,1004.1
2020-08-31,DII,5761.0,5080.1,680.9
2020-08-31,FII/FPI,16290.3,19685.8,-3395.5
2020-09-01,DII,3436.4,4211.6,-775.2
2020-09-01,FII/FPI,7444.6,6958.5,486.1
2020-09-02,DII,3157.2,3814.6,-657.5
2020-09-02,FII/FPI,6640.4,5649.8,990.6
2020-09-03,DII,3301.6,3181.5,120.1
2020-09-03,FII/FPI,5127.3,5119.6,7.7
2020-09-04,DII,3784.7,4241.6,-456.9
2020-09-04,FII/FPI,4931.7,6820.4,-1888.8
2020-09-06,DII,4043.52,4776.85,-733.33
2020-09-06,FII/FPI,6502.25,6011.44,490.81
2020-09-07,DII,2987.8,3803.6,-815.8
2020-09-07,FII/FPI,3496.3,3503.2,-6.9
2020-09-08,DII,4162.4,3542.1,620.3
2020-09-08,FII/FPI,3659.4,4715.9,-1056.5
2020-09-09,DII,3974.6,4238.5,-264.0
2020-09-09,FII/FPI,5079.8,6038.9,-959.1
2020-09-10,DII,3224.8,3542.1,-317.3
2020-09-10,FII/FPI,5897.9,5059.6,838.4
2020-09-11,DII,3004.6,3728.9,-724.3
2020-09-11,FII/FPI,5468.9,4293.1,1175.8
2020-09-12,DII,3834.91,6328.01,-2493.1
2020-09-12,FII/FPI,9574.48,6010.25,3564.23
2020-09-14,DII,5851.3,5971.6,-120.4
2020-09-14,FII/FPI,6172.1,5873.9,298.2
2020-09-15,DII,3922.1,4817.7,-895.6
2020-09-15,FII/FPI,5391.8,4220.9,1170.9
2020-09-16,DII,4259.7,4471.9,-212.2
2020-09-16,FII/FPI,4980.9,4716.2,264.7
2020-09-17,DII,3883.8,4951.7,-1067.8
2020-09-17,FII/FPI,4580.4,4830.3,-249.8
2020-09-18,DII,6248.9,6349.7,-100.8
2020-09-18,FII/FPI,19932.3,19727.2,205.2
2020-09-21,DII,4333.2,4851.2,-518.0
2020-09-21,FII/FPI,5230.5,5770.3,-539.8
2020-09-22,DII,4963.8,4084.9,878.9
2020-09-22,FII/FPI,3806.0,5878.7,-2072.8
2020-09-23,DII,5186.2,3557.0,1629.2
2020-09-23,FII/FPI,4190.1,8102.5,-3912.4
2020-09-24,DII,7839.0,7650.4,188.6
2020-09-24,FII/FPI,6301.6,8187.3,-1885.7
2020-09-25,DII,4210.8,2140.2,2070.6
2020-09-25,FII/FPI,4383.1,6463.3,-2080.2
2020-09-28,DII,3041.3,2498.9,542.3
2020-09-28,FII/FPI,4414.5,4441.5,-27.0
2020-09-29,DII,3244.8,2668.4,576.5
2020-09-29,FII/FPI,4346.7,5803.4,-1456.7
2020-09-30,DII,3010.5,2601.0,409.5
2020-09-30,FII/FPI,5725.3,6437.8,-712.5
2020-10-01,DII,3277.1,3017.7,259.5
2020-10-01,FII/FPI,4708.0,3075.8,1632.2
2020-10-02,DII,2866.79,3602.58,-735.79
2020-10-02,FII/FPI,4665.04,4849.62,-184.58
2020-10-05,DII,2779.6,3251.2,-471.6
2020-10-05,FII/FPI,5685.6,5448.8,236.7
2020-10-06,DII,3076.9,4011.7,-934.8
2020-10-06,FII/FPI,6073.0,4971.2,1101.8
2020-10-07,DII,2970.2,4099.6,-1129.5
2020-10-07,FII/FPI,6044.2,4950.4,1093.8
2020-10-08,DII,4992.6,4972.7,19.8
2020-10-08,FII/FPI,6586.2,5607.9,978.4
2020-10-09,DII,4154.2,4027.6,126.6
2020-10-09,FII/FPI,6284.3,6323.7,-39.4
2020-10-11,DII,6626.38,8935.57,-2309.19
2020-10-11,FII/FPI,14188.59,8561.27,5627.32
2020-10-12,DII,1960.3,2989.0,-1028.8
2020-10-12,FII/FPI,6100.2,5485.1,615.2
2020-10-13,DII,3029.2,4703.6,-1674.5
2020-10-13,FII/FPI,5797.3,4965.2,832.1
2020-10-14,DII,2962.7,4238.8,-1276.1
2020-10-14,FII/FPI,7151.5,6329.6,821.9
2020-10-15,DII,3251.1,4059.4,-808.3
2020-10-15,FII/FPI,6544.2,7148.2,-604.1
2020-10-16,DII,2545.9,2975.7,-429.8
2020-10-16,FII/FPI,4605.5,5085.1,-479.6
2020-10-19,DII,3278.5,4900.2,-1621.7
2020-10-19,FII/FPI,5994.2,4337.4,1656.8
2020-10-20,DII,2928.2,4561.4,-1633.2
2020-10-20,FII/FPI,6335.7,4750.7,1585.1
2020-10-21,DII,3951.5,5585.0,-1633.5
2020-10-21,FII/FPI,8448.1,6339.6,2108.5
2020-10-22,DII,3207.4,5227.2,-2019.9
2020-10-22,FII/FPI,8325.7,7207.3,1118.5
2020-10-23,DII,3705.8,4597.7,-891.9
2020-10-23,FII/FPI,6024.9,5118.0,906.9
2020-10-26,DII,3112.2,4091.3,-979.2
2020-10-26,FII/FPI,5323.2,5442.6,-119.4
2020-10-27,DII,4310.1,5880.9,-1570.8
2020-10-27,FII/FPI,11020.9,7506.0,3514.9
2020-10-28,DII,3843.2,3841.8,1.5
2020-10-28,FII/FPI,7833.4,8964.4,-1131.0
2020-10-29,DII,3326.0,3579.4,-253.4
2020-10-29,FII/FPI,5606.5,6027.5,-421.0
2020-10-30,DII,2694.1,2063.0,631.1
2020-10-30,FII/FPI,6329.4,7200.3,-870.9
2020-11-02,DII,3816.2,4350.2,-534.0
2020-11-02,FII/FPI,6824.8,6084.2,740.6
2020-11-03,DII,4316.5,5417.4,-1100.9
2020-11-03,FII/FPI,8481.6,6207.2,2274.4
2020-11-04,DII,4428.9,4437.0,-8.1
2020-11-04,FII/FPI,6302.8,6156.6,146.2
2020-11-05,DII,3588.7,5796.9,-2208.2
2020-11-05,FII/FPI,9962.7,4594.4,5368.3
2020-11-06,DII,2951.0,5889.6,-2938.7
2020-11-06,FII/FPI,9450.2,4580.4,4869.9
2020-11-08,DII,2759.01,4174.55,-1415.54
2020-11-08,FII/FPI,6227.7,5214.04,1013.66
2020-11-09,DII,3030.6,6067.0,-3036.3
2020-11-09,FII/FPI,9163.2,4614.8,4548.4
2020-11-10,DII,6626.4,8935.6,-2309.2
2020-11-10,FII/FPI,14188.6,8561.3,5627.3
2020-11-11,DII,4578.2,8042.0,-3463.9
2020-11-11,FII/FPI,14549.3,8342.1,6207.2
2020-11-12,DII,3810.0,6049.4,-2239.4
2020-11-12,FII/FPI,10143.1,8628.9,1514.1
2020-11-13,DII,2265.3,4727.7,-2462.4
2020-11-13,FII/FPI,9389.2,7453.3,1935.9
2020-11-17,DII,3076.2,6905.4,-3829.2
2020-11-17,FII/FPI,14689.9,9784.5,4905.4
2020-11-18,DII,3672.2,6462.0,-2789.8
2020-11-18,FII/FPI,10146.9,7075.0,3071.9
2020-11-19,DII,3162.1,6017.0,-2854.9
2020-11-19,FII/FPI,10852.0,9671.4,1180.6
2020-11-20,DII,2975.8,5844.5,-2868.7
2020-11-20,FII/FPI,11000.8,7140.0,3860.8
2020-11-23,DII,3909.3,6853.3,-2944.0
2020-11-23,FII/FPI,12443.0,7704.5,4738.4
2020-11-24,DII,3954.4,6476.5,-2522.1
2020-11-24,FII/FPI,12480.9,7917.7,4563.2
2020-11-25,DII,3724.5,5564.8,-1840.3
2020-11-25,FII/FPI,6931.7,6907.5,24.2
2020-11-26,DII,3016.1,6416.2,-3400.1
2020-11-26,FII/FPI,8036.9,6009.6,2027.3
2020-11-27,DII,4875.8,9844.7,-4968.9
2020-11-27,FII/FPI,74741.8,67028.9,7713.0
2020-12-01,DII,3644.5,4687.7,-1043.2
2020-12-01,FII/FPI,11337.2,8095.2,3242.0
2020-12-02,DII,3377.2,5013.2,-1636.0
2020-12-02,FII/FPI,9295.5,8938.1,357.4
2020-12-03,DII,4693.0,6132.8,-1439.7
2020-12-03,FII/FPI,14473.2,10835.7,3637.4
2020-12-04,DII,4062.5,6034.1,-1971.6
2020-12-04,FII/FPI,9863.8,6894.2,2969.6
2020-12-05,DII,5326.5,5690.5,-364.0
2020-12-05,FII/FPI,6231.71,7893.74,-1662.03
2020-12-06,DII,5251.66,3306.51,1945.15
2020-12-06,FII/FPI,3579.73,4891.22,-1311.49
2020-12-07,DII,4287.1,7054.2,-2767.1
2020-12-07,FII/FPI,8796.1,5004.1,3792.1
2020-12-08,DII,3912.4,6553.3,-2640.9
2020-12-08,FII/FPI,8473.3,5563.7,2909.6
2020-12-09,DII,3834.9,6328.0,-2493.1
2020-12-09,FII/FPI,9574.5,6010.2,3564.2
2020-12-10,DII,3390.7,5665.9,-2275.2
2020-12-10,FII/FPI,7663.5,5403.6,2260.0
2020-12-11,DII,3726.2,6085.2,-2359.0
2020-12-11,FII/FPI,10402.1,6206.7,4195.4
2020-12-14,DII,3814.0,5535.1,-1721.1
2020-12-14,FII/FPI,7589.9,5325.5,2264.4
2020-12-15,DII,3564.7,6231.5,-2666.8
2020-12-15,FII/FPI,8612.9,6128.8,2484.1
2020-12-16,DII,3748.6,5467.1,-1718.4
2020-12-16,FII/FPI,8209.3,6227.6,1981.8
2020-12-17,DII,3125.7,5620.1,-2494.4
2020-12-17,FII/FPI,8609.4,6254.1,2355.2
2020-12-18,DII,4224.6,6649.2,-2424.6
2020-12-18,FII/FPI,14649.7,11928.7,2721.0
2020-12-21,DII,5948.7,5462.5,486.1
2020-12-21,FII/FPI,6595.7,6919.3,-323.6
2020-12-22,DII,5205.2,5866.7,-661.5
2020-12-22,FII/FPI,6616.4,5463.4,1153.0
2020-12-23,DII,4040.7,5367.6,-1326.9
2020-12-23,FII/FPI,5365.7,4829.5,536.1
2020-12-24,DII,3456.2,5354.1,-1897.9
2020-12-24,FII/FPI,5316.2,4090.6,1225.7
2020-12-28,DII,2714.1,4100.6,-1386.6
2020-12-28,FII/FPI,3456.3,1867.3,1588.9
2020-12-29,DII,2386.8,4397.3,-2010.5
2020-12-29,FII/FPI,5426.8,3077.2,2349.5
2020-12-30,DII,3372.4,3959.9,-587.4
2020-12-30,FII/FPI,5345.6,3521.1,1824.5
2020-12-31,DII,4209.7,4467.4,-257.6
2020-12-31,FII/FPI,6855.3,5719.7,1135.6
2021-01-01,DII,2505.7,2436.3,69.4
2021-01-01,FII/FPI,1072.5,566.3,506.2
2021-01-02,DII,6603.46,6693.92,-90.46
2021-01-02,FII/FPI,10168.32,8674.09,1494.23
2021-01-03,DII,4262.45,4457.33,-194.88
2021-01-03,FII/FPI,6674.54,6549.39,125.15
2021-01-04,DII,4575.6,5290.8,-715.2
2021-01-04,FII/FPI,5331.2,3488.0,1843.2
2021-01-05,DII,5092.0,5582.0,-490.0
2021-01-05,FII/FPI,7039.4,6053.2,986.3
2021-01-06,DII,5686.0,6066.4,-380.4
2021-01-06,FII/FPI,6733.3,7216.9,-483.6
2021-01-07,DII,4815.7,5805.2,-989.5
2021-01-07,FII/FPI,8481.8,8099.5,382.3
2021-01-08,DII,4792.7,7165.2,-2372.5
2021-01-08,FII/FPI,13171.2,7141.4,6029.8
2021-01-09,DII,5498.07,6785.94,-1287.87
2021-01-09,FII/FPI,9384.32,8717.66,666.66
2021-01-10,DII,6093.82,6706.9,-613.08
2021-01-10,FII/FPI,7049.23,6917.84,131.39
2021-01-11,DII,4496.8,7107.0,-2610.1
2021-01-11,FII/FPI,9652.3,6513.4,3138.9
2021-01-12,DII,5556.6,6891.1,-1334.5
2021-01-12,FII/FPI,9354.8,8783.4,571.5
2021-01-13,DII,5777.2,8147.4,-2370.2
2021-01-13,FII/FPI,10263.6,8384.5,1879.1
2021-01-14,DII,5772.8,5960.9,-188.1
2021-01-14,FII/FPI,10175.5,9098.8,1076.6
2021-01-15,DII,4914.1,5856.1,-942.1
2021-01-15,FII/FPI,7240.8,6269.8,971.1
2021-01-18,DII,6371.1,6413.6,-42.5
2021-01-18,FII/FPI,7847.8,7197.2,650.6
2021-01-19,DII,5146.4,5345.7,-199.3
2021-01-19,FII/FPI,6715.9,6458.4,257.6
2021-01-20,DII,5084.7,5949.4,-864.6
2021-01-20,FII/FPI,7701.3,5412.2,2289.0
2021-01-21,DII,5053.6,6093.0,-1039.5
2021-01-21,FII/FPI,9104.2,7489.6,1614.7
2021-01-22,DII,4860.0,6150.3,-1290.4
2021-01-22,FII/FPI,8326.8,8962.5,-635.7
2021-01-25,DII,5090.2,5478.0,-387.8
2021-01-25,FII/FPI,8423.4,9188.7,-765.3
2021-01-27,DII,6222.8,6226.2,-3.4
2021-01-27,FII/FPI,11236.8,12925.0,-1688.2
2021-01-28,DII,6351.1,4614.2,1736.9
2021-01-28,FII/FPI,8493.9,12206.4,-3712.5
2021-01-29,DII,7582.4,5139.2,2443.2
2021-01-29,FII/FPI,11875.0,17805.7,-5930.7
2021-02-01,DII,6603.5,6693.9,-90.5
2021-02-01,FII/FPI,10168.3,8674.1,1494.2
2021-02-02,DII,7755.2,9790.4,-2035.2
2021-02-02,FII/FPI,13585.6,7404.0,6181.6
2021-02-03,DII,6427.5,6827.2,-399.7
2021-02-03,FII/FPI,11546.2,9025.3,2520.9
2021-02-04,DII,6314.2,7082.8,-768.6
2021-02-04,FII/FPI,11826.5,9889.8,1936.7
2021-02-05,DII,6202.6,7621.2,-1418.6
2021-02-05,FII/FPI,9402.2,7940.5,1461.7
2021-02-06,DII,4657.4,4415.64,241.76
2021-02-06,FII/FPI,11510.79,10589.69,921.1
2021-02-07,DII,4922.08,3991.69,930.39
2021-02-07,FII/FPI,4860.51,5843.31,-982.8
2021-02-08,DII,5356.5,5861.4,-504.9
2021-02-08,FII/FPI,8017.5,6140.9,1876.6
2021-02-09,DII,4649.8,6406.1,-1756.2
2021-02-09,FII/FPI,11599.6,10299.0,1300.6
2021-02-10,DII,4749.9,6825.6,-2075.7
2021-02-10,FII/FPI,9072.1,7285.1,1787.0
2021-02-11,DII,4271.1,4978.8,-707.7
2021-02-11,FII/FPI,5627.7,4683.4,944.4
2021-02-12,DII,3647.8,4245.4,-597.6
2021-02-12,FII/FPI,4252.2,4289.5,-37.3
2021-02-15,DII,4293.8,5342.4,-1048.6
2021-02-15,FII/FPI,5121.5,3887.4,1234.2
2021-02-16,DII,4632.1,6191.6,-1559.5
2021-02-16,FII/FPI,6825.9,5681.8,1144.1
2021-02-17,DII,4441.3,5724.6,-1283.4
2021-02-17,FII/FPI,8499.2,7491.0,1008.2
2021-02-18,DII,5281.7,6499.0,-1217.3
2021-02-18,FII/FPI,9725.8,8822.7,903.1
2021-02-19,DII,3542.4,4717.3,-1175.0
2021-02-19,FII/FPI,8611.1,8492.3,118.8
2021-02-22,DII,4804.0,5723.9,-919.9
2021-02-22,FII/FPI,9454.1,10347.4,-893.2
2021-02-23,DII,4918.5,4701.8,216.7
2021-02-23,FII/FPI,8112.3,9681.4,-1569.0
2021-02-24,DII,3573.6,3343.2,230.4
2021-02-24,FII/FPI,35295.6,6556.4,28739.2
2021-02-25,DII,5174.6,5921.2,-746.6
2021-02-25,FII/FPI,14123.8,13935.7,188.1
2021-02-26,DII,7535.0,6035.3,1499.7
2021-02-26,FII/FPI,22163.4,30458.6,-8295.2
2021-03-01,DII,4262.4,4457.3,-194.9
2021-03-01,FII/FPI,6674.5,6549.4,125.2
2021-03-02,DII,4315.3,5169.4,-854.0
2021-03-02,FII/FPI,8978.7,6755.6,2223.2
2021-03-03,DII,5414.4,5021.5,392.9
2021-03-03,FII/FPI,10945.0,8856.3,2088.7
2021-03-04,DII,4342.9,5131.1,-788.2
2021-03-04,FII/FPI,11734.0,11957.1,-223.1
2021-03-05,DII,3633.1,4824.2,-1191.2
2021-03-05,FII/FPI,9383.2,11397.3,-2014.2
2021-03-06,DII,4726.0,5004.97,-278.97
2021-03-06,FII/FPI,7323.5,6244.3,1079.2
2021-03-08,DII,3838.9,3355.3,483.6
2021-03-08,FII/FPI,5918.3,7412.8,-1494.5
2021-03-09,DII,6216.3,4966.1,1250.2
2021-03-09,FII/FPI,11281.2,8479.4,2801.9
2021-03-10,DII,4059.8,3612.1,447.7
2021-03-10,FII/FPI,6535.0,6550.7,-15.7
2021-03-11,DII,5554.9,5359.34,195.56
2021-03-11,FII/FPI,9011.72,9413.2,-401.48
2021-03-12,DII,4789.9,4953.8,-163.9
2021-03-12,FII/FPI,12080.6,13023.2,-942.6
2021-03-15,DII,4036.2,4785.9,-749.7
2021-03-15,FII/FPI,6658.8,7760.2,-1101.4
2021-03-16,DII,4518.8,5687.4,-1168.6
2021-03-16,FII/FPI,7819.9,6127.6,1692.3
2021-03-17,DII,5874.4,6436.6,-562.2
2021-03-17,FII/FPI,9973.2,7347.4,2625.8
2021-03-18,DII,4692.9,5809.1,-1116.2
2021-03-18,FII/FPI,7994.2,6735.8,1258.5
2021-03-19,DII,7503.7,6944.1,559.6
2021-03-19,FII/FPI,24193.7,22775.2,1418.4
2021-03-22,DII,4659.7,4117.0,542.7
2021-03-22,FII/FPI,6436.5,7223.4,-787.0
2021-03-23,DII,4882.5,5412.2,-529.7
2021-03-23,FII/FPI,7811.3,7919.6,-108.2
2021-03-24,DII,5581.3,4968.5,612.8
2021-03-24,FII/FPI,5577.5,7529.4,-1951.9
2021-03-25,DII,7823.4,5555.7,2267.7
2021-03-25,FII/FPI,6669.5,10053.1,-3383.6
2021-03-26,DII,5876.7,4173.6,1703.1
2021-03-26,FII/FPI,6317.0,6367.1,-50.1
2021-03-30,DII,11262.4,9081.4,2181.0
2021-03-30,FII/FPI,10119.5,9350.0,769.5
2021-03-31,DII,6160.8,4079.2,2081.5
2021-03-31,FII/FPI,7657.9,9343.8,-1685.9
2021-04-01,DII,3621.9,3918.7,-296.8
2021-04-01,FII/FPI,7279.3,7129.9,149.4
2021-04-02,DII,6314.21,7082.76,-768.55
2021-04-02,FII/FPI,11826.54,9889.8,1936.74
2021-04-03,DII,4342.9,5131.09,-788.19
2021-04-03,FII/FPI,11733.98,11957.09,-223.11
2021-04-05,DII,5097.5,5022.1,75.5
2021-04-05,FII/FPI,4443.8,5375.5,-931.7
2021-04-06,DII,4518.8,4102.2,416.6
2021-04-06,FII/FPI,4825.3,5918.0,-1092.8
2021-04-07,DII,4903.2,4522.1,381.1
2021-04-07,FII/FPI,7380.2,7152.7,227.4
2021-04-08,DII,4854.4,4301.6,552.8
2021-04-08,FII/FPI,8752.0,8641.2,110.8
2021-04-09,DII,5224.9,5496.1,-271.3
2021-04-09,FII/FPI,6307.9,6961.4,-653.5
2021-04-10,DII,6837.52,6609.46,228.06
2021-04-10,FII/FPI,14121.78,13261.28,860.5
2021-04-11,DII,55.67,17.42,38.25
2021-04-11,FII/FPI,42.52,370.63,-328.11
2021-04-12,DII,7165.0,6932.2,232.8
2021-04-12,FII/FPI,6519.9,8266.3,-1746.4
2021-04-13,DII,4557.8,4314.0,243.8
2021-04-13,FII/FPI,8556.4,9287.2,-730.8
2021-04-15,DII,4979.6,5506.2,-526.6
2021-04-15,FII/FPI,11711.5,10731.8,979.7
2021-04-16,DII,5523.6,4866.0,657.6
2021-04-16,FII/FPI,7512.3,7074.8,437.5
2021-04-19,DII,6843.1,4487.6,2355.6
2021-04-19,FII/FPI,6381.9,8015.6,-1633.7
2021-04-20,DII,5595.0,4272.0,1323.0
2021-04-20,FII/FPI,8722.7,9805.1,-1082.3
2021-04-22,DII,5737.1,4887.1,850.0
2021-04-22,FII/FPI,9619.5,10529.1,-909.6
2021-04-23,DII,5151.6,3456.0,1695.6
2021-04-23,FII/FPI,6729.5,8090.2,-1360.8
2021-04-26,DII,6518.0,5495.4,1022.6
2021-04-26,FII/FPI,7660.7,8772.6,-1111.9
2021-04-27,DII,6484.7,5021.2,1463.4
2021-04-27,FII/FPI,5527.8,6982.5,-1454.8
2021-04-28,DII,6349.2,5913.0,436.2
2021-04-28,FII/FPI,7822.6,7056.5,766.0
2021-04-29,DII,4222.3,5164.6,-942.4
2021-04-29,FII/FPI,6399.3,5590.0,809.4
2021-04-30,DII,5761.8,4342.5,1419.3
2021-04-30,FII/FPI,7951.0,11416.1,-3465.1
2021-05-01,DII,5092.0,5582.03,-490.03
2021-05-01,FII/FPI,7039.45,6053.15,986.3
2021-05-02,DII,6202.57,7621.22,-1418.65
2021-05-02,FII/FPI,9402.17,7940.46,1461.71
2021-05-03,DII,4366.3,3813.3,552.9
2021-05-03,FII/FPI,4273.2,6562.6,-2289.5
2021-05-04,DII,4952.6,3965.3,987.3
2021-05-04,FII/FPI,5849.0,7621.4,-1772.4
2021-05-05,DII,4255.5,4496.1,-240.6
2021-05-05,FII/FPI,4956.0,6066.5,-1110.5
2021-05-06,DII,4036.9,4669.4,-632.5
2021-05-06,FII/FPI,6326.6,5104.0,1222.6
2021-05-07,DII,6414.2,4946.1,1468.1
2021-05-07,FII/FPI,7160.0,8302.7,-1142.8
2021-05-08,DII,8541.88,7809.96,731.92
2021-05-08,FII/FPI,8746.6,9466.48,-719.88
2021-05-10,DII,5851.7,6328.0,-476.3
2021-05-10,FII/FPI,6861.0,6277.3,583.7
2021-05-11,DII,5172.2,5848.8,-676.7
2021-05-11,FII/FPI,6577.1,6913.1,-336.0
2021-05-12,DII,5372.3,6076.6,-704.4
2021-05-12,FII/FPI,5312.0,6572.6,-1260.6
2021-05-14,DII,5444.2,4830.9,613.3
2021-05-14,FII/FPI,5856.4,8464.2,-2607.8
2021-05-17,DII,7096.9,5148.4,1948.5
2021-05-17,FII/FPI,5797.5,8053.4,-2255.8
2021-05-18,DII,6301.0,5851.5,449.5
2021-05-18,FII/FPI,8433.4,7815.0,618.5
2021-05-19,DII,4723.0,5575.5,-852.5
2021-05-19,FII/FPI,7138.1,7835.9,-697.8
2021-05-20,DII,4723.3,5599.3,-876.1
2021-05-20,FII/FPI,8149.8,8078.8,71.0
2021-05-21,DII,6089.4,5440.3,649.1
2021-05-21,FII/FPI,7950.7,7440.5,510.2
2021-05-24,DII,5329.1,6036.8,-707.7
2021-05-24,FII/FPI,7830.6,7245.2,585.4
2021-05-25,DII,4299.6,4863.2,-563.6
2021-05-25,FII/FPI,7282.9,6323.1,959.8
2021-05-26,DII,3623.9,4062.5,-438.6
2021-05-26,FII/FPI,5114.1,4872.5,241.6
2021-05-27,DII,6139.4,6027.0,112.4
2021-05-27,FII/FPI,42734.2,43395.1,-660.9
2021-05-28,DII,6440.9,5165.7,1275.2
2021-05-28,FII/FPI,5917.7,5004.1,913.6
2021-05-31,DII,4912.1,4732.3,179.8
2021-05-31,FII/FPI,7456.5,5044.1,2412.4
2021-06-01,DII,4364.0,4133.5,230.5
2021-06-01,FII/FPI,4507.9,4957.8,-449.9
2021-06-02,DII,4657.4,4415.6,241.8
2021-06-02,FII/FPI,11510.8,10589.7,921.1
2021-06-03,DII,4726.0,5005.0,-279.0
2021-06-03,FII/FPI,7323.5,6244.3,1079.2
2021-06-04,DII,3883.3,5058.3,-1175.0
2021-06-04,FII/FPI,7683.6,6184.2,1499.4
2021-06-05,DII,4036.91,4669.42,-632.51
2021-06-05,FII/FPI,6326.62,5104.04,1222.58
2021-06-07,DII,5644.1,4660.1,984.0
2021-06-07,FII/FPI,6811.5,6998.0,-186.5
2021-06-08,DII,3936.2,5563.2,-1627.0
2021-06-08,FII/FPI,7646.9,6224.2,1422.7
2021-06-09,DII,5895.6,6167.2,-271.7
2021-06-09,FII/FPI,7088.5,7934.9,-846.4
2021-06-10,DII,4282.2,4857.4,-575.2
2021-06-10,FII/FPI,7448.0,6118.3,1329.7
2021-06-11,DII,5212.5,4546.1,666.4
2021-06-11,FII/FPI,5161.2,5142.5,18.6
2021-06-12,DII,4780.05,3078.49,1701.56
2021-06-12,FII/FPI,4130.25,7491.53,-3361.28
2021-06-14,DII,4801.1,4256.8,544.3
2021-06-14,FII/FPI,4339.3,4842.8,-503.5
2021-06-15,DII,3875.3,4524.6,-649.3
2021-06-15,FII/FPI,7621.2,6987.5,633.7
2021-06-16,DII,4027.5,4901.7,-874.2
2021-06-16,FII/FPI,5940.2,6810.5,-870.3
2021-06-17,DII,5107.5,5062.3,45.2
2021-06-17,FII/FPI,6727.6,7607.3,-879.7
2021-06-18,DII,7052.8,6606.6,446.2
2021-06-18,FII/FPI,20440.8,17760.3,2680.6
2021-06-21,DII,4028.3,3890.2,138.1
2021-06-21,FII/FPI,4675.5,5920.2,-1244.7
2021-06-22,DII,5099.0,4796.6,302.4
2021-06-22,FII/FPI,6488.1,7516.0,-1027.9
2021-06-23,DII,4982.6,3665.4,1317.2
2021-06-23,FII/FPI,13648.6,10492.1,3156.5
2021-06-24,DII,5377.8,4239.0,1138.8
2021-06-24,FII/FPI,7094.4,9985.3,-2890.9
2021-06-25,DII,6844.0,5011.2,1832.8
2021-06-25,FII/FPI,6766.3,7445.2,-678.8
2021-06-28,DII,5634.2,4357.1,1277.1
2021-06-28,FII/FPI,4275.7,5934.4,-1658.7
2021-06-29,DII,8687.3,6877.3,1810.0
2021-06-29,FII/FPI,10932.0,10815.4,116.6
2021-06-30,DII,6171.1,4651.0,1520.2
2021-06-30,FII/FPI,6057.5,7704.1,-1646.7
2021-07-01,DII,4721.5,3840.9,880.6
2021-07-01,FII/FPI,4395.8,5641.1,-1245.3
2021-07-02,DII,4922.1,3991.7,930.4
2021-07-02,FII/FPI,4860.5,5843.3,-982.8
2021-07-04,DII,4903.19,4522.11,381.08
2021-07-04,FII/FPI,7380.16,7152.74,227.42
2021-07-05,DII,4578.5,3932.9,645.6
2021-07-05,FII/FPI,3222.8,3561.2,-338.4
2021-07-06,DII,5867.4,5346.1,521.3
2021-07-06,FII/FPI,4221.8,4765.1,-543.3
2021-07-07,DII,4345.4,4577.2,-231.8
2021-07-07,FII/FPI,5963.6,5430.6,532.9
2021-07-08,DII,3864.2,4813.3,-949.2
2021-07-08,FII/FPI,5344.4,5899.3,-554.9
2021-07-09,DII,4360.2,4253.7,106.6
2021-07-09,FII/FPI,3852.2,4976.9,-1124.6
2021-07-10,DII,7892.67,5364.03,2528.64
2021-07-10,FII/FPI,6734.6,8498.85,-1764.25
2021-07-12,DII,4188.5,3741.1,447.4
2021-07-12,FII/FPI,8575.1,9321.0,-746.0
2021-07-13,DII,5589.7,5245.5,344.2
2021-07-13,FII/FPI,5215.7,5101.9,113.8
2021-07-14,DII,5085.1,3749.2,1335.9
2021-07-14,FII/FPI,5234.2,6538.2,-1304.0
2021-07-15,DII,5266.5,4827.1,439.4
2021-07-15,FII/FPI,5547.1,5811.9,-264.8
2021-07-16,DII,5619.3,4953.2,666.1
2021-07-16,FII/FPI,4988.3,5454.6,-466.3
2021-07-19,DII,5913.3,4865.6,1047.7
2021-07-19,FII/FPI,6366.8,8565.5,-2198.7
2021-07-20,DII,5675.9,4802.7,873.1
2021-07-20,FII/FPI,4276.7,7111.7,-2835.0
2021-07-22,DII,6386.5,5443.9,942.6
2021-07-22,FII/FPI,8329.3,8576.9,-247.6
2021-07-23,DII,7416.0,5228.2,2187.8
2021-07-23,FII/FPI,7663.5,7826.8,-163.3
2021-07-26,DII,5885.6,4334.4,1551.3
2021-07-26,FII/FPI,5495.6,7872.4,-2376.8
2021-07-27,DII,6332.5,5602.5,730.0
2021-07-27,FII/FPI,8522.4,9981.5,-1459.1
2021-07-28,DII,6663.1,5741.6,921.4
2021-07-28,FII/FPI,6941.2,9215.9,-2274.8
2021-07-29,DII,7181.6,5134.6,2047.0
2021-07-29,FII/FPI,8373.7,9240.0,-866.3
2021-07-30,DII,8047.4,5090.8,2956.7
2021-07-30,FII/FPI,8506.0,12354.4,-3848.3
2021-08-01,DII,4792.7,7165.24,-2372.54
2021-08-01,FII/FPI,13171.18,7141.35,6029.83
2021-08-02,DII,6478.2,4972.4,1505.8
2021-08-02,FII/FPI,6550.9,8090.8,-1539.9
2021-08-03,DII,6571.7,6870.2,-298.5
2021-08-03,FII/FPI,8993.6,6877.0,2116.6
2021-08-04,DII,7888.8,8300.1,-411.4
2021-08-04,FII/FPI,9850.3,7021.8,2828.6
2021-08-05,DII,8541.9,7810.0,731.9
2021-08-05,FII/FPI,8746.6,9466.5,-719.9
2021-08-06,DII,6439.1,7070.1,-631.0
2021-08-06,FII/FPI,6511.0,6580.4,-69.4
2021-08-07,DII,3864.15,4813.33,-949.18
2021-08-07,FII/FPI,5344.41,5899.33,-554.92
2021-08-09,DII,4657.9,5374.1,-716.2
2021-08-09,FII/FPI,6240.7,6028.8,211.9
2021-08-10,DII,6338.4,5649.4,689.0
2021-08-10,FII/FPI,6674.2,6852.7,-178.5
2021-08-11,DII,6592.6,6386.3,206.3
2021-08-11,FII/FPI,7301.3,7063.2,238.1
2021-08-12,DII,5590.5,5282.7,307.8
2021-08-12,FII/FPI,5690.2,5902.3,-212.1
2021-08-13,DII,6104.5,5955.0,149.5
2021-08-13,FII/FPI,8016.3,7196.6,819.8
2021-08-16,DII,5203.4,4697.2,506.2
2021-08-16,FII/FPI,4271.8,5360.2,-1088.3
2021-08-17,DII,5521.8,5255.4,266.4
2021-08-17,FII/FPI,9253.8,9597.5,-343.7
2021-08-18,DII,4726.4,5455.9,-729.5
2021-08-18,FII/FPI,9557.6,10153.0,-595.3
2021-08-20,DII,6526.9,6407.6,119.3
2021-08-20,FII/FPI,10276.6,12563.6,-2287.0
2021-08-23,DII,6437.6,4985.1,1452.5
2021-08-23,FII/FPI,7990.2,9353.6,-1363.4
2021-08-24,DII,7418.2,5038.2,2380.0
2021-08-24,FII/FPI,7371.7,9016.6,-1644.9
2021-08-25,DII,4877.6,5029.0,-151.4
2021-08-25,FII/FPI,6700.9,7772.8,-1071.8
2021-08-26,DII,6544.2,5489.0,1055.2
2021-08-26,FII/FPI,6663.4,8637.9,-1974.5
2021-08-27,DII,6055.1,4409.0,1646.2
2021-08-27,FII/FPI,7265.5,8044.3,-778.8
2021-08-30,DII,6678.6,5989.8,688.8
2021-08-30,FII/FPI,8408.6,7205.8,1202.8
2021-08-31,DII,5991.8,7864.2,-1872.4
2021-08-31,FII/FPI,22832.9,18951.8,3881.2
2021-09-01,DII,5498.1,6785.9,-1287.9
2021-09-01,FII/FPI,9384.3,8717.7,666.7
2021-09-02,DII,6368.3,5986.6,381.7
2021-09-02,FII/FPI,9113.3,8764.8,348.5
2021-09-03,DII,6397.8,5729.2,668.6
2021-09-03,FII/FPI,7492.5,6723.9,768.6
2021-09-06,DII,5825.0,5277.7,547.3
2021-09-06,FII/FPI,5389.5,5978.9,-589.4
2021-09-07,DII,5160.4,5297.0,-136.6
2021-09-07,FII/FPI,6640.5,6785.9,-145.4
2021-09-08,DII,5390.9,5390.3,0.6
2021-09-08,FII/FPI,8772.3,9574.8,-802.5
2021-09-09,DII,5229.6,4525.4,704.2
2021-09-09,FII/FPI,10253.0,9829.6,423.4
2021-09-11,DII,7108.59,5690.96,1417.63
2021-09-11,FII/FPI,7773.2,10218.45,-2445.25
2021-09-12,DII,5623.94,4841.1,782.84
2021-09-12,FII/FPI,6194.93,7780.48,-1585.55
2021-09-13,DII,4163.9,4723.5,-559.6
2021-09-13,FII/FPI,8682.1,7262.8,1419.3
2021-09-14,DII,5613.3,5923.6,-310.3
2021-09-14,FII/FPI,10755.8,9106.2,1649.6
2021-09-15,DII,7452.6,7285.0,167.7
2021-09-15,FII/FPI,11172.4,10939.6,232.8
2021-09-16,DII,6905.3,7700.4,-795.1
2021-09-16,FII/FPI,11766.9,10145.0,1621.9
2021-09-17,DII,8006.5,9405.1,-1398.6
2021-09-17,FII/FPI,26776.6,25224.0,1552.6
2021-09-20,DII,6026.5,7653.1,-1626.6
2021-09-20,FII/FPI,7779.5,7686.9,92.5
2021-09-21,DII,8010.6,5843.0,2167.6
2021-09-21,FII/FPI,8110.8,7068.9,1041.9
2021-09-22,DII,7454.0,5604.0,1850.0
2021-09-22,FII/FPI,7355.3,9298.6,-1943.3
2021-09-23,DII,7976.5,6803.4,1173.1
2021-09-23,FII/FPI,15839.8,15481.8,357.9
2021-09-24,DII,7087.1,7602.9,-515.8
2021-09-24,FII/FPI,11783.0,11340.5,442.5
2021-09-27,DII,6910.8,5513.1,1397.7
2021-09-27,FII/FPI,8019.8,8614.4,-594.6
2021-09-28,DII,7926.0,7764.6,161.4
2021-09-28,FII/FPI,8825.8,10783.6,-1957.7
2021-09-29,DII,13949.0,10686.8,3262.2
2021-09-29,FII/FPI,12949.4,14395.4,-1446.0
2021-09-30,DII,6795.1,6697.9,97.2
2021-09-30,FII/FPI,10773.6,12999.2,-2225.6
2021-10-01,DII,6093.8,6706.9,-613.1
2021-10-01,FII/FPI,7049.2,6917.8,131.4
2021-10-02,DII,4749.91,6825.59,-2075.68
2021-10-02,FII/FPI,9072.1,7285.13,1786.97
2021-10-03,DII,4059.79,3612.12,447.67
2021-10-03,FII/FPI,6534.99,6550.68,-15.69
2021-10-04,DII,6837.5,6609.5,228.1
2021-10-04,FII/FPI,14121.8,13261.3,860.5
2021-10-05,DII,8711.9,6843.6,1868.2
2021-10-05,FII/FPI,8732.1,10647.2,-1915.1
2021-10-06,DII,5826.2,6824.8,-998.7
2021-10-06,FII/FPI,7358.0,8160.8,-802.8
2021-10-07,DII,7892.7,5364.0,2528.6
2021-10-07,FII/FPI,6734.6,8498.8,-1764.2
2021-10-08,DII,5697.8,5866.0,-168.2
2021-10-08,FII/FPI,6583.4,6647.4,-64.0
2021-10-11,DII,6585.4,6958.7,-373.3
2021-10-11,FII/FPI,13318.2,14621.5,-1303.2
2021-10-12,DII,5976.2,6717.4,-741.2
2021-10-12,FII/FPI,7484.0,7762.3,-278.3
2021-10-13,DII,7681.3,8113.1,-431.7
2021-10-13,FII/FPI,8528.3,7591.0,937.3
2021-10-14,DII,7706.8,9457.4,-1750.6
2021-10-14,FII/FPI,10607.6,8926.0,1681.6
2021-10-18,DII,7720.5,9424.4,-1703.9
2021-10-18,FII/FPI,13343.7,12831.3,512.4
2021-10-19,DII,5456.9,8035.1,-2578.2
2021-10-19,FII/FPI,9298.0,9803.8,-505.8
2021-10-20,DII,7364.6,9045.3,-1680.7
2021-10-20,FII/FPI,15676.4,17519.5,-1843.1
2021-10-21,DII,8370.1,7941.7,428.4
2021-10-21,FII/FPI,11816.2,14635.1,-2818.9
2021-10-22,DII,8040.0,7010.1,1030.0
2021-10-22,FII/FPI,5926.8,8624.5,-2697.7
2021-10-25,DII,11137.2,8747.0,2390.2
2021-10-25,FII/FPI,6854.2,9313.3,-2459.1
2021-10-26,DII,8494.6,7109.2,1385.4
2021-10-26,FII/FPI,7292.0,9660.7,-2368.7
2021-10-27,DII,7986.5,7514.0,472.5
2021-10-27,FII/FPI,9323.8,11237.2,-1913.4
2021-10-28,DII,8311.6,7475.0,836.6
2021-10-28,FII/FPI,8215.0,12033.5,-3818.5
2021-10-29,DII,9716.1,5373.6,4342.5
2021-10-29,FII/FPI,7303.3,12446.0,-5142.6
2021-11-01,DII,5516.9,5400.9,116.0
2021-11-01,FII/FPI,8251.0,8453.2,-202.1
2021-11-02,DII,5772.0,5778.0,-6.0
2021-11-02,FII/FPI,7815.5,7570.7,244.9
2021-11-03,DII,5554.9,5359.3,195.6
2021-11-03,FII/FPI,9011.7,9413.2,-401.5
2021-11-04,DII,55.7,17.4,38.2
2021-11-04,FII/FPI,42.5,370.6,-328.1
2021-11-05,DII,5172.16,5848.83,-676.67
2021-11-05,FII/FPI,6577.06,6913.06,-336.0
2021-11-06,DII,5212.5,4546.14,666.36
2021-11-06,FII/FPI,5161.16,5142.52,18.64
2021-11-08,DII,6933.8,5022.1,1911.8
2021-11-08,FII/FPI,12747.5,13608.1,-860.6
2021-11-09,DII,7108.6,5691.0,1417.6
2021-11-09,FII/FPI,7773.2,10218.4,-2445.2
2021-11-10,DII,6903.2,6136.2,767.0
2021-11-10,FII/FPI,9113.0,9582.5,-469.5
2021-11-11,DII,5430.0,4984.2,445.8
2021-11-11,FII/FPI,7188.3,8825.7,-1637.5
2021-11-12,DII,6818.7,5967.3,851.4
2021-11-12,FII/FPI,10362.9,9851.8,511.1
2021-11-15,DII,6336.8,4812.1,1524.7
2021-11-15,FII/FPI,8557.0,8132.3,424.7
2021-11-16,DII,6404.6,5827.3,577.3
2021-11-16,FII/FPI,9633.7,10194.4,-560.7
2021-11-17,DII,5736.6,5797.7,-61.1
2021-11-17,FII/FPI,9321.9,9666.2,-344.4
2021-11-18,DII,6846.1,4960.4,1885.7
2021-11-18,FII/FPI,8781.8,12712.4,-3930.6
2021-11-22,DII,7927.9,5876.7,2051.2
2021-11-22,FII/FPI,11705.8,15144.5,-3438.8
2021-11-23,DII,9030.2,7618.2,1412.0
2021-11-23,FII/FPI,10101.1,14578.1,-4477.1
2021-11-24,DII,7537.6,3728.0,3809.6
2021-11-24,FII/FPI,9608.5,14731.1,-5122.6
2021-11-25,DII,6056.6,4688.8,1367.8
2021-11-25,FII/FPI,9017.4,11318.1,-2300.6
2021-11-26,DII,9352.3,7058.2,2294.1
2021-11-26,FII/FPI,6589.0,12374.8,-5785.8
2021-11-29,DII,9527.8,4916.4,4611.4
2021-11-29,FII/FPI,5625.1,8957.3,-3332.2
2021-11-30,DII,11199.3,5849.1,5350.2
2021-11-30,FII/FPI,42957.1,48402.4,-5445.2
2021-12-01,DII,6651.9,3184.9,3467.0
2021-12-01,FII/FPI,8588.5,11354.3,-2765.8
2021-12-02,DII,5828.0,4455.4,1372.6
2021-12-02,FII/FPI,9064.6,9974.4,-909.7
2021-12-03,DII,5896.5,4247.7,1648.8
2021-12-03,FII/FPI,7842.9,11199.1,-3356.2
2021-12-04,DII,7165.01,6932.25,232.76
2021-12-04,FII/FPI,6519.91,8266.34,-1746.43
2021-12-05,DII,5372.26,6076.62,-704.36
2021-12-05,FII/FPI,5312.0,6572.59,-1260.59
2021-12-06,DII,4780.0,3078.5,1701.6
2021-12-06,FII/FPI,4130.2,7491.5,-3361.3
2021-12-07,DII,6637.7,4031.9,2605.8
2021-12-07,FII/FPI,7625.0,10210.0,-2585.0
2021-12-08,DII,7182.8,5447.4,1735.5
2021-12-08,FII/FPI,8150.9,8730.1,-579.3
2021-12-09,DII,5623.9,4841.1,782.8
2021-12-09,FII/FPI,6194.9,7780.5,-1585.6
2021-12-10,DII,4477.5,4090.9,386.6
2021-12-10,FII/FPI,5595.1,6687.5,-1092.4
2021-12-11,DII,6818.71,5967.3,851.41
2021-12-11,FII/FPI,10362.94,9851.84,511.1
2021-12-13,DII,6301.9,4950.9,1351.0
2021-12-13,FII/FPI,7862.8,10606.2,-2743.4
2021-12-14,DII,5210.6,4785.2,425.4
2021-12-14,FII/FPI,9498.3,10261.5,-763.2
2021-12-15,DII,5721.3,4168.3,1553.0
2021-12-15,FII/FPI,5373.7,8780.7,-3407.0
2021-12-16,DII,5426.6,3893.4,1533.2
2021-12-16,FII/FPI,7439.8,8908.5,-1468.7
2021-12-17,DII,9500.0,8021.4,1478.5
2021-12-17,FII/FPI,13370.0,15440.0,-2069.9
2021-12-20,DII,8746.2,5982.2,2764.0
2021-12-20,FII/FPI,6744.4,10309.8,-3565.4
2021-12-21,DII,6138.6,4733.7,1404.9
2021-12-21,FII/FPI,5883.4,7093.2,-1209.8
2021-12-22,DII,5315.6,3722.2,1593.4
2021-12-22,FII/FPI,6162.3,6989.6,-827.3
2021-12-23,DII,5280.2,4083.7,1196.5
2021-12-23,FII/FPI,5415.4,5686.9,-271.6
2021-12-24,DII,3909.5,3952.7,-43.2
2021-12-24,FII/FPI,2360.0,3075.0,-715.0
2021-12-27,DII,4016.5,3060.8,955.8
2021-12-27,FII/FPI,1996.9,3035.2,-1038.2
2021-12-28,DII,4112.0,3544.5,567.5
2021-12-28,FII/FPI,4761.4,4554.1,207.3
2021-12-29,DII,5016.0,4009.1,1006.9
2021-12-29,FII/FPI,3417.8,4393.0,-975.2
2021-12-30,DII,9450.3,8872.6,577.7
2021-12-30,FII/FPI,4512.1,5498.4,-986.3
2021-12-31,DII,4853.8,3688.2,1165.6
2021-12-31,FII/FPI,4083.4,3508.0,575.4
2022-01-02,DII,7906.24,6308.54,1597.7
2022-01-02,FII/FPI,7145.99,7167.78,-21.79
2022-01-03,DII,4815.6,4012.5,803.1
2022-01-03,FII/FPI,4226.3,3323.7,902.6
2022-01-04,DII,5250.4,4717.4,533.0
2022-01-04,FII/FPI,5834.7,4560.9,1273.9
2022-01-05,DII,7001.1,5729.2,1272.0
2022-01-05,FII/FPI,7610.5,7273.7,336.8
2022-01-06,DII,6661.2,5860.3,800.9
2022-01-06,FII/FPI,6563.7,8490.5,-1926.8
2022-01-07,DII,5718.3,5834.0,-115.7
2022-01-07,FII/FPI,8183.8,7687.6,496.3
2022-01-08,DII,5331.92,6154.15,-822.23
2022-01-08,FII/FPI,16377.49,14056.88,2320.61
2022-01-10,DII,6150.8,5669.2,481.6
2022-01-10,FII/FPI,7981.6,8105.8,-124.2
2022-01-11,DII,5790.4,5411.6,378.7
2022-01-11,FII/FPI,7759.5,7647.6,111.9
2022-01-12,DII,7458.2,6126.2,1332.0
2022-01-12,FII/FPI,6981.3,7982.8,-1001.6
2022-01-13,DII,7051.0,5985.7,1065.3
2022-01-13,FII/FPI,7418.4,8809.2,-1390.8
2022-01-14,DII,5560.5,5189.1,371.4
2022-01-14,FII/FPI,6144.0,7742.2,-1598.2
2022-01-17,DII,5605.5,5720.8,-115.3
2022-01-17,FII/FPI,5792.8,6648.2,-855.5
2022-01-18,DII,5794.8,6015.0,-220.2
2022-01-18,FII/FPI,5409.3,6664.3,-1255.0
2022-01-19,DII,7241.4,7436.5,-195.1
2022-01-19,FII/FPI,7690.7,10395.5,-2704.8
2022-01-20,DII,6385.8,5616.5,769.3
2022-01-20,FII/FPI,7974.4,12654.2,-4679.8
2022-01-21,DII,6930.4,6661.1,269.4
2022-01-21,FII/FPI,7564.4,10713.0,-3148.6
2022-01-24,DII,8243.1,8168.2,74.9
2022-01-24,FII/FPI,5030.5,8782.1,-3751.6
2022-01-25,DII,10764.4,6229.9,4534.5
2022-01-25,FII/FPI,7357.3,14451.8,-7094.5
2022-01-27,DII,10727.5,7846.2,2881.3
2022-01-27,FII/FPI,11417.4,17684.1,-6266.8
2022-01-28,DII,9617.4,6258.8,3358.7
2022-01-28,FII/FPI,8222.9,13268.3,-5045.3
2022-01-31,DII,9167.1,5518.4,3648.6
2022-01-31,FII/FPI,6014.1,9638.6,-3624.5
2022-02-01,DII,7906.2,6308.5,1597.7
2022-02-01,FII/FPI,7146.0,7167.8,-21.8
2022-02-02,DII,7713.4,7287.5,426.0
2022-02-02,FII/FPI,6001.4,6185.0,-183.6
2022-02-03,DII,6090.0,6460.5,-370.6
2022-02-03,FII/FPI,4630.5,6228.1,-1597.5
2022-02-04,DII,6196.3,5574.3,622.0
2022-02-04,FII/FPI,5377.4,7645.3,-2267.9
2022-02-05,DII,6621.75,4670.65,1951.1
2022-02-05,FII/FPI,5041.77,6895.23,-1853.46
2022-02-06,DII,4677.17,4546.54,130.63
2022-02-06,FII/FPI,7131.8,7583.62,-451.82
2022-02-07,DII,4644.5,6021.0,-1376.5
2022-02-07,FII/FPI,6281.5,7438.8,-1157.2
2022-02-08,DII,6674.2,5559.2,1115.0
2022-02-08,FII/FPI,7225.1,9193.0,-1967.9
2022-02-09,DII,7021.4,5228.0,1793.4
2022-02-09,FII/FPI,6152.4,7045.0,-892.6
2022-02-10,DII,7853.2,5125.9,2727.2
2022-02-10,FII/FPI,8660.6,10393.2,-1732.6
2022-02-11,DII,5537.2,6234.1,-696.9
2022-02-11,FII/FPI,9754.9,9646.3,108.5
2022-02-14,DII,7698.0,5527.8,2170.3
2022-02-14,FII/FPI,5457.8,9711.4,-4253.7
2022-02-15,DII,8739.2,4327.6,4411.6
2022-02-15,FII/FPI,6353.6,8652.4,-2298.8
2022-02-16,DII,5334.3,4154.2,1180.1
2022-02-16,FII/FPI,5879.0,7770.0,-1891.0
2022-02-17,DII,4617.3,3716.2,901.1
2022-02-17,FII/FPI,6078.4,7320.5,-1242.1
2022-02-18,DII,4992.7,3063.6,1929.1
2022-02-18,FII/FPI,4314.5,6844.4,-2530.0
2022-02-21,DII,6187.3,3794.4,2392.8
2022-02-21,FII/FPI,4160.4,6422.3,-2261.9
2022-02-22,DII,8143.7,4035.1,4108.6
2022-02-22,FII/FPI,8614.4,11859.9,-3245.5
2022-02-23,DII,6892.4,3868.0,3024.4
2022-02-23,FII/FPI,4623.6,8040.8,-3417.2
2022-02-24,DII,14452.4,6784.7,7667.8
2022-02-24,FII/FPI,9231.8,15680.0,-6448.2
2022-02-25,DII,9655.3,5337.1,4318.2
2022-02-25,FII/FPI,5690.9,10161.6,-4470.7
2022-02-28,DII,9128.6,4985.8,4142.8
2022-02-28,FII/FPI,14629.7,18578.1,-3948.5
2022-03-01,DII,4815.58,4012.47,803.11
2022-03-01,FII/FPI,4226.3,3323.66,902.64
2022-03-02,DII,10264.6,7202.9,3061.7
2022-03-02,FII/FPI,12971.7,17310.6,-4338.9
2022-03-03,DII,11803.4,7004.1,4799.2
2022-03-03,FII/FPI,7153.4,13798.1,-6644.6
2022-03-04,DII,11668.7,6929.7,4739.0
2022-03-04,FII/FPI,5996.2,13627.3,-7631.0
2022-03-06,DII,6890.49,4529.98,2360.51
2022-03-06,FII/FPI,5804.83,9575.34,-3770.51
2022-03-07,DII,13168.0,7837.0,5331.0
2022-03-07,FII/FPI,7443.1,14925.2,-7482.1
2022-03-08,DII,12923.5,6433.9,6489.6
2022-03-08,FII/FPI,8283.1,16425.7,-8142.6
2022-03-09,DII,11078.1,7802.1,3275.9
2022-03-09,FII/FPI,9370.8,14189.5,-4818.7
2022-03-10,DII,9273.6,8327.8,945.7
2022-03-10,FII/FPI,10686.1,12667.2,-1981.2
2022-03-11,DII,6786.3,5099.5,1686.8
2022-03-11,FII/FPI,6250.9,8514.8,-2263.9
2022-03-14,DII,6385.7,5287.0,1098.6
2022-03-14,FII/FPI,8151.6,8328.1,-176.5
2022-03-15,DII,6957.1,6858.8,98.2
2022-03-15,FII/FPI,10225.3,11475.0,-1249.7
2022-03-16,DII,5206.8,4434.3,772.6
2022-03-16,FII/FPI,9098.1,8786.1,312.0
2022-03-17,DII,7756.0,8434.5,-678.4
2022-03-17,FII/FPI,25393.2,22593.0,2800.1
2022-03-21,DII,4611.3,4358.4,252.9
2022-03-21,FII/FPI,6838.7,9800.8,-2962.1
2022-03-22,DII,4499.9,5102.0,-602.0
2022-03-22,FII/FPI,9859.0,9474.5,384.5
2022-03-23,DII,4653.2,4947.4,-294.2
2022-03-23,FII/FPI,10224.0,9742.6,481.3
2022-03-24,DII,6980.9,4889.8,2091.1
2022-03-24,FII/FPI,13101.1,14841.8,-1740.7
2022-03-25,DII,5969.6,4596.6,1373.0
2022-03-25,FII/FPI,6543.1,8050.4,-1507.4
2022-03-28,DII,5323.7,4162.0,1161.7
2022-03-28,FII/FPI,6114.5,6915.9,-801.4
2022-03-29,DII,5860.5,4147.2,1713.3
2022-03-29,FII/FPI,7360.9,7325.4,35.5
2022-03-30,DII,12848.1,11632.1,1216.0
2022-03-30,FII/FPI,10271.4,8913.9,1357.5
2022-03-31,DII,7944.5,6799.2,1145.3
2022-03-31,FII/FPI,12274.8,9186.1,3088.7
2022-04-01,DII,5148.5,5332.3,-183.8
2022-04-01,FII/FPI,8279.8,6370.0,1909.8
2022-04-02,DII,6196.26,5574.28,621.98
2022-04-02,FII/FPI,5377.41,7645.27,-2267.86
2022-04-03,DII,11668.66,6929.67,4738.99
2022-04-03,FII/FPI,5996.25,13627.27,-7631.02
2022-04-04,DII,9883.2,8208.2,1675.0
2022-04-04,FII/FPI,7532.6,6380.4,1152.2
2022-04-05,DII,6384.2,6278.8,105.4
2022-04-05,FII/FPI,7096.6,6721.7,374.9
2022-04-06,DII,6961.9,6339.0,622.9
2022-04-06,FII/FPI,6324.8,8604.7,-2280.0
2022-04-07,DII,7676.3,5901.6,1774.7
2022-04-07,FII/FPI,9346.3,14355.9,-5009.6
2022-04-08,DII,8191.3,8207.8,-16.5
2022-04-08,FII/FPI,9819.0,10394.0,-575.0
2022-04-11,DII,6360.2,5873.7,486.5
2022-04-11,FII/FPI,5921.1,7066.3,-1145.2
2022-04-12,DII,6629.3,5759.3,870.0
2022-04-12,FII/FPI,7047.3,10175.7,-3128.4
2022-04-13,DII,6426.4,5015.5,1410.8
2022-04-13,FII/FPI,5028.0,7089.0,-2061.0
2022-04-18,DII,9637.2,6295.2,3342.0
2022-04-18,FII/FPI,7589.1,13976.6,-6387.4
2022-04-19,DII,10920.8,6940.0,3980.8
2022-04-19,FII/FPI,9638.9,15510.6,-5871.7
2022-04-20,DII,7915.3,5269.5,2645.8
2022-04-20,FII/FPI,6339.4,9348.7,-3009.3
2022-04-21,DII,8635.1,5811.6,2823.4
2022-04-21,FII/FPI,9320.2,10033.9,-713.7
2022-04-22,DII,6377.0,4774.7,1602.4
2022-04-22,FII/FPI,7939.3,10401.0,-2461.7
2022-04-25,DII,6432.1,4561.6,1870.4
2022-04-25,FII/FPI,4932.3,8235.1,-3302.8
2022-04-26,DII,6818.1,5174.3,1643.8
2022-04-26,FII/FPI,7340.5,8514.5,-1174.0
2022-04-27,DII,7425.5,5508.0,1917.5
2022-04-27,FII/FPI,6385.6,10450.1,-4064.5
2022-04-28,DII,5746.0,4965.1,780.9
2022-04-28,FII/FPI,12333.9,11590.6,743.2
2022-04-29,DII,8426.3,4936.0,3490.3
2022-04-29,FII/FPI,9263.8,12912.1,-3648.3
2022-05-01,DII,7001.1,5729.15,1271.95
2022-05-01,FII/FPI,7610.53,7273.7,336.83
2022-05-02,DII,6621.8,4670.6,1951.1
2022-05-02,FII/FPI,5041.8,6895.2,-1853.5
2022-05-04,DII,6399.5,5061.5,1338.0
2022-05-04,FII/FPI,17062.9,20351.1,-3288.2
2022-05-05,DII,7111.9,4882.6,2229.3
2022-05-05,FII/FPI,5293.4,7368.1,-2074.7
2022-05-06,DII,8522.0,5507.2,3014.8
2022-05-06,FII/FPI,4525.9,10043.0,-5517.1
2022-05-07,DII,5191.05,5448.64,-257.59
2022-05-07,FII/FPI,6675.59,5379.75,1295.84
2022-05-08,DII,7260.62,7756.56,-495.94
2022-05-08,FII/FPI,8348.69,6742.88,1605.81
2022-05-09,DII,7729.8,4652.5,3077.2
2022-05-09,FII/FPI,5342.4,8704.2,-3361.8
2022-05-10,DII,7570.9,4612.5,2958.4
2022-05-10,FII/FPI,6100.1,10060.7,-3960.6
2022-05-11,DII,8400.9,4219.7,4181.2
2022-05-11,FII/FPI,5988.4,9597.7,-3609.4
2022-05-12,DII,9487.4,4671.8,4815.6
2022-05-12,FII/FPI,6018.0,11273.8,-5255.8
2022-05-13,DII,7960.6,4791.0,3169.6
2022-05-13,FII/FPI,7660.7,11440.8,-3780.1
2022-05-16,DII,4738.0,3309.6,1428.4
2022-05-16,FII/FPI,4205.9,5994.8,-1788.9
2022-05-17,DII,7315.1,5020.7,2294.4
2022-05-17,FII/FPI,6128.1,8320.6,-2192.4
2022-05-18,DII,5562.4,5186.8,375.6
2022-05-18,FII/FPI,8919.0,10173.6,-1254.6
2022-05-19,DII,7414.2,4188.7,3225.5
2022-05-19,FII/FPI,6389.9,11289.8,-4899.9
2022-05-20,DII,5724.3,3575.4,2149.0
2022-05-20,FII/FPI,8550.1,9815.6,-1265.4
2022-05-23,DII,6281.5,4836.1,1445.4
2022-05-23,FII/FPI,7039.5,8990.7,-1951.2
2022-05-24,DII,6171.8,4223.4,1948.5
2022-05-24,FII/FPI,7947.0,10340.5,-2393.4
2022-05-25,DII,7025.7,4795.9,2229.8
2022-05-25,FII/FPI,6371.2,8174.3,-1803.1
2022-05-26,DII,7535.2,4628.8,2906.5
2022-05-26,FII/FPI,8248.3,9846.1,-1597.8
2022-05-27,DII,6397.2,3669.7,2727.5
2022-05-27,FII/FPI,4954.3,6897.4,-1943.1
2022-05-30,DII,5979.1,4454.6,1524.5
2022-05-30,FII/FPI,6854.0,6351.9,502.1
2022-05-31,DII,8620.5,6775.3,1845.2
2022-05-31,FII/FPI,45738.0,46741.5,-1003.6
2022-06-01,DII,5457.1,4473.0,984.1
2022-06-01,FII/FPI,6446.0,8376.2,-1930.2
2022-06-02,DII,4677.2,4546.5,130.6
2022-06-02,FII/FPI,7131.8,7583.6,-451.8
2022-06-03,DII,6890.5,4530.0,2360.5
2022-06-03,FII/FPI,5804.8,9575.3,-3770.5
2022-06-04,DII,6961.91,6338.99,622.92
2022-06-04,FII/FPI,6324.77,8604.74,-2279.97
2022-06-05,DII,8522.04,5507.19,3014.85
2022-06-05,FII/FPI,4525.89,10042.97,-5517.08
2022-06-06,DII,5593.2,3653.2,1940.0
2022-06-06,FII/FPI,4546.5,6944.2,-2397.6
2022-06-07,DII,5062.4,3751.3,1311.1
2022-06-07,FII/FPI,5637.3,7931.3,-2294.0
2022-06-08,DII,5508.6,3604.2,1904.3
2022-06-08,FII/FPI,5468.8,7953.1,-2484.2
2022-06-09,DII,5297.5,3672.6,1624.9
2022-06-09,FII/FPI,6196.6,7709.2,-1512.6
2022-06-10,DII,6105.6,3274.5,2831.1
2022-06-10,FII/FPI,4287.9,8261.9,-3974.0
2022-06-13,DII,6970.0,4155.5,2814.5
2022-06-13,FII/FPI,3927.4,8091.4,-4164.0
2022-06-14,DII,7035.3,3227.7,3807.6
2022-06-14,FII/FPI,4423.5,8925.8,-4502.2
2022-06-15,DII,5417.2,2829.2,2588.0
2022-06-15,FII/FPI,3943.4,7474.6,-3531.2
2022-06-16,DII,6604.6,4675.4,1929.1
2022-06-16,FII/FPI,4574.0,7831.6,-3257.6
2022-06-17,DII,9889.7,3802.8,6086.9
2022-06-17,FII/FPI,10292.6,18111.2,-7818.6
2022-06-20,DII,6099.5,4006.1,2093.4
2022-06-20,FII/FPI,4355.0,5572.1,-1217.1
2022-06-21,DII,6527.2,3460.8,3066.4
2022-06-21,FII/FPI,4617.8,7319.0,-2701.2
2022-06-22,DII,4861.6,3002.5,1859.1
2022-06-22,FII/FPI,4516.0,7436.6,-2920.6
2022-06-23,DII,5620.1,3181.8,2438.3
2022-06-23,FII/FPI,4603.7,6922.7,-2319.1
2022-06-24,DII,5651.6,3438.2,2213.4
2022-06-24,FII/FPI,4658.8,7012.6,-2353.8
2022-06-27,DII,5101.3,3916.8,1184.5
2022-06-27,FII/FPI,4539.2,5817.7,-1278.4
2022-06-28,DII,5177.2,3971.6,1205.6
2022-06-28,FII/FPI,5348.8,6593.3,-1244.4
2022-06-29,DII,8308.3,7460.8,847.5
2022-06-29,FII/FPI,5946.8,6797.9,-851.1
2022-06-30,DII,6231.0,4852.8,1378.2
2022-06-30,FII/FPI,9684.5,10822.6,-1138.0
2022-07-01,DII,6588.5,5277.8,1310.7
2022-07-01,FII/FPI,4979.6,7304.3,-2324.7
2022-07-02,DII,4644.47,6020.96,-1376.49
2022-07-02,FII/FPI,6281.52,7438.75,-1157.23
2022-07-03,DII,13168.04,7837.01,5331.03
2022-07-03,FII/FPI,7443.11,14925.19,-7482.08
2022-07-04,DII,6461.1,4772.8,1688.4
2022-07-04,FII/FPI,3981.3,6130.8,-2149.6
2022-07-05,DII,5191.0,5448.6,-257.6
2022-07-05,FII/FPI,6675.6,5379.8,1295.8
2022-07-06,DII,7751.4,6287.1,1464.3
2022-07-06,FII/FPI,7355.8,7685.9,-330.1
2022-07-07,DII,6974.1,5993.5,980.6
2022-07-07,FII/FPI,5847.9,6773.1,-925.2
2022-07-08,DII,5321.6,5287.0,34.6
2022-07-08,FII/FPI,6319.9,6429.2,-109.3
2022-07-11,DII,4558.1,4855.1,-297.0
2022-07-11,FII/FPI,5294.5,5465.0,-170.5
2022-07-12,DII,3493.9,3353.2,140.7
2022-07-12,FII/FPI,4650.7,6216.3,-1565.7
2022-07-13,DII,6217.6,4418.4,1799.2
2022-07-13,FII/FPI,5093.2,7932.7,-2839.5
2022-07-14,DII,4224.3,4780.7,-556.4
2022-07-14,FII/FPI,7139.0,6830.0,309.1
2022-07-15,DII,5278.7,4219.2,1059.5
2022-07-15,FII/FPI,5300.7,6950.0,-1649.4
2022-07-18,DII,6273.8,5429.4,844.3
2022-07-18,FII/FPI,15055.0,14898.9,156.1
2022-07-19,DII,5085.7,5186.5,-100.7
2022-07-19,FII/FPI,6177.6,5201.2,976.4
2022-07-20,DII,6032.7,6263.0,-230.2
2022-07-20,FII/FPI,7606.0,5825.1,1780.9
2022-07-21,DII,5071.6,5383.9,-312.3
2022-07-21,FII/FPI,8279.4,6480.1,1799.3
2022-07-22,DII,5072.0,4332.6,739.4
2022-07-22,FII/FPI,5335.2,6010.6,-675.4
2022-07-25,DII,5270.6,5342.8,-72.3
2022-07-25,FII/FPI,13602.0,14446.8,-844.8
2022-07-26,DII,6428.3,5428.9,999.4
2022-07-26,FII/FPI,4031.8,5580.0,-1548.3
2022-07-27,DII,5448.7,4736.7,712.0
2022-07-27,FII/FPI,4940.8,5377.6,-436.8
2022-07-28,DII,6941.2,6340.9,600.3
2022-07-28,FII/FPI,7300.2,5662.5,1637.7
2022-07-29,DII,6720.4,6721.3,-0.9
2022-07-29,FII/FPI,8531.2,7484.8,1046.3
2022-08-01,DII,5331.9,6154.2,-822.2
2022-08-01,FII/FPI,16377.5,14056.9,2320.6
2022-08-02,DII,6208.9,6091.1,117.8
2022-08-02,FII/FPI,7526.3,6701.2,825.2
2022-08-03,DII,5865.4,6383.8,-518.4
2022-08-03,FII/FPI,10148.6,9383.4,765.2
2022-08-04,DII,5255.3,5302.0,-46.8
2022-08-04,FII/FPI,8705.2,7230.4,1474.8
2022-08-05,DII,7260.6,7756.6,-495.9
2022-08-05,FII/FPI,8348.7,6742.9,1605.8
2022-08-06,DII,5508.57,3604.24,1904.33
2022-08-06,FII/FPI,5468.82,7953.07,-2484.25
2022-08-07,DII,5321.64,5287.03,34.61
2022-08-07,FII/FPI,6319.87,6429.18,-109.31
2022-08-08,DII,5126.3,5267.0,-140.7
2022-08-08,FII/FPI,15834.7,14385.0,1449.7
2022-08-10,DII,5466.4,6234.8,-768.4
2022-08-10,FII/FPI,9357.9,8296.1,1061.9
2022-08-11,DII,5758.1,6487.7,-729.6
2022-08-11,FII/FPI,9030.9,6732.8,2298.1
2022-08-12,DII,5752.4,6591.9,-839.4
2022-08-12,FII/FPI,8260.1,5219.7,3040.5
2022-08-16,DII,5260.4,5396.6,-136.2
2022-08-16,FII/FPI,19799.1,18422.3,1376.8
2022-08-17,DII,5729.8,6240.1,-510.2
2022-08-17,FII/FPI,8665.9,6318.7,2347.2
2022-08-18,DII,7491.6,7020.8,470.8
2022-08-18,FII/FPI,8396.7,10102.7,-1706.0
2022-08-19,DII,5683.4,7316.6,-1633.2
2022-08-19,FII/FPI,7018.5,5907.6,1110.9
2022-08-22,DII,6533.6,6618.6,-85.1
2022-08-22,FII/FPI,6625.4,7079.2,-453.8
2022-08-23,DII,5575.9,5791.1,-215.2
2022-08-23,FII/FPI,7652.4,7089.4,563.0
2022-08-24,DII,4986.1,5308.4,-322.3
2022-08-24,FII/FPI,7251.0,7227.8,23.2
2022-08-25,DII,5678.3,6012.6,-334.3
2022-08-25,FII/FPI,6813.8,6444.7,369.1
2022-08-26,DII,5408.6,4955.0,453.6
2022-08-26,FII/FPI,6125.9,6177.0,-51.1
2022-08-29,DII,6370.8,6226.8,144.1
2022-08-29,FII/FPI,5253.3,5814.5,-561.2
2022-08-30,DII,6519.5,7176.3,-656.7
2022-08-30,FII/FPI,16145.2,11979.4,4165.9
2022-09-01,DII,6742.9,5791.7,951.1
2022-09-01,FII/FPI,11907.3,14197.6,-2290.3
2022-09-02,DII,5646.1,6314.8,-668.7
2022-09-02,FII/FPI,6332.1,6340.9,-8.8
2022-09-03,DII,11078.08,7802.14,3275.94
2022-09-03,FII/FPI,9370.8,14189.51,-4818.71
2022-09-05,DII,6409.7,5875.9,533.8
2022-09-05,FII/FPI,4849.3,5661.0,-811.8
2022-09-06,DII,7709.4,7076.4,633.0
2022-09-06,FII/FPI,6467.5,5322.9,1144.5
2022-09-07,DII,5878.6,6017.2,-138.7
2022-09-07,FII/FPI,6645.5,5887.1,758.4
2022-09-08,DII,6303.8,6516.4,-212.6
2022-09-08,FII/FPI,8592.2,5679.1,2913.1
2022-09-09,DII,5606.2,6773.7,-1167.6
2022-09-09,FII/FPI,6853.4,4721.0,2132.4
2022-09-12,DII,6631.3,7521.8,-890.5
2022-09-12,FII/FPI,6565.9,4516.2,2049.6
2022-09-13,DII,6258.5,7526.9,-1268.4
2022-09-13,FII/FPI,10873.0,8916.0,1957.0
2022-09-14,DII,8468.4,8280.8,187.6
2022-09-14,FII/FPI,7917.1,9314.6,-1397.5
2022-09-15,DII,5951.0,6879.9,-928.9
2022-09-15,FII/FPI,7763.5,9034.2,-1270.7
2022-09-16,DII,9504.3,9540.8,-36.6
2022-09-16,FII/FPI,21364.9,24625.0,-3260.0
2022-09-19,DII,5738.3,5833.0,-94.7
2022-09-19,FII/FPI,18217.9,17905.6,312.3
2022-09-20,DII,5858.8,5726.8,131.9
2022-09-20,FII/FPI,8396.6,7200.4,1196.2
2022-09-21,DII,5802.0,5263.5,538.5
2022-09-21,FII/FPI,6975.9,7436.9,-461.0
2022-09-22,DII,6435.0,6171.9,263.1
2022-09-22,FII/FPI,5939.6,8449.2,-2509.6
2022-09-23,DII,6436.1,6137.0,299.1
2022-09-23,FII/FPI,6265.2,9164.9,-2899.7
2022-09-26,DII,10680.1,7147.9,3532.2
2022-09-26,FII/FPI,6232.0,11333.3,-5101.3
2022-09-27,DII,8829.2,5324.5,3504.8
2022-09-27,FII/FPI,7421.6,10245.5,-2824.0
2022-09-28,DII,7678.0,5133.8,2544.2
2022-09-28,FII/FPI,7729.9,10502.4,-2772.5
2022-09-29,DII,15193.2,12031.4,3161.7
2022-09-29,FII/FPI,8328.7,11928.1,-3599.4
2022-09-30,DII,7997.3,4751.8,3245.4
2022-09-30,FII/FPI,9507.6,11072.9,-1565.3
2022-10-01,DII,6150.78,5669.23,481.55
2022-10-01,FII/FPI,7981.58,8105.81,-124.23
2022-10-02,DII,7853.15,5125.92,2727.23
2022-10-02,FII/FPI,8660.61,10393.19,-1732.58
2022-10-03,DII,5716.2,6139.4,-423.2
2022-10-03,FII/FPI,18735.4,18144.8,590.6
2022-10-04,DII,6092.4,5146.5,945.9
2022-10-04,FII/FPI,6646.7,5302.1,1344.6
2022-10-05,DII,7570.91,4612.51,2958.4
2022-10-05,FII/FPI,6100.07,10060.66,-3960.59
2022-10-06,DII,6159.3,6203.2,-43.9
2022-10-06,FII/FPI,9444.2,9165.2,279.0
2022-10-07,DII,6121.3,5576.0,545.2
2022-10-07,FII/FPI,5052.7,7303.4,-2250.8
2022-10-08,DII,5466.36,6234.81,-768.45
2022-10-08,FII/FPI,9357.94,8296.06,1061.88
2022-10-10,DII,6281.5,4144.1,2137.5
2022-10-10,FII/FPI,3758.3,5897.3,-2139.0
2022-10-11,DII,7108.2,4677.4,2430.8
2022-10-11,FII/FPI,18683.6,23296.3,-4612.7
2022-10-12,DII,5048.2,4962.9,85.3
2022-10-12,FII/FPI,6304.5,6846.9,-542.4
2022-10-13,DII,5282.3,4529.0,753.3
2022-10-13,FII/FPI,4958.1,6594.5,-1636.4
2022-10-14,DII,5705.0,4080.9,1624.1
2022-10-14,FII/FPI,4833.4,5844.7,-1011.2
2022-10-17,DII,5491.7,3909.4,1582.2
2022-10-17,FII/FPI,18250.9,18622.9,-372.0
2022-10-18,DII,6576.8,4492.0,2084.7
2022-10-18,FII/FPI,8985.9,9139.3,-153.4
2022-10-19,DII,5541.7,4633.3,908.4
2022-10-19,FII/FPI,5630.0,6084.0,-453.9
2022-10-20,DII,4102.2,4989.0,-886.8
2022-10-20,FII/FPI,9164.2,7299.4,1864.8
2022-10-21,DII,5159.3,5278.4,-119.1
2022-10-21,FII/FPI,9057.2,8618.3,438.9
2022-10-24,DII,103.4,23.3,80.1
2022-10-24,FII/FPI,168.8,322.7,-153.9
2022-10-25,DII,5258.7,4385.8,872.9
2022-10-25,FII/FPI,18470.9,18717.9,-247.0
2022-10-27,DII,4797.3,6377.4,-1580.1
2022-10-27,FII/FPI,13489.2,10670.8,2818.4
2022-10-28,DII,5092.5,5705.9,-613.4
2022-10-28,FII/FPI,7177.7,5608.9,1568.8
2022-10-31,DII,5544.0,6651.1,-1107.1
2022-10-31,FII/FPI,9458.7,5280.1,4178.6
2022-11-01,DII,6269.0,6999.2,-730.1
2022-11-01,FII/FPI,12542.9,9933.0,2609.9
2022-11-02,DII,5634.1,7012.2,-1378.1
2022-11-02,FII/FPI,7623.8,6187.6,1436.3
2022-11-03,DII,5015.9,5748.0,-732.1
2022-11-03,FII/FPI,18495.1,17817.5,677.6
2022-11-04,DII,5706.3,6254.9,-548.6
2022-11-04,FII/FPI,7418.8,5982.5,1436.2
2022-11-05,DII,8400.88,4219.68,4181.2
2022-11-05,FII/FPI,5988.39,9597.74,-3609.35
2022-11-07,DII,5814.0,6658.2,-844.2
2022-11-07,FII/FPI,9085.7,7137.2,1948.5
2022-11-08,DII,5758.11,6487.67,-729.56
2022-11-08,FII/FPI,9030.9,6732.82,2298.08
2022-11-09,DII,6545.4,7605.6,-1060.1
2022-11-09,FII/FPI,9279.1,8892.2,386.8
2022-11-10,DII,5976.8,6944.0,-967.1
2022-11-10,FII/FPI,7069.0,7032.9,36.1
2022-11-11,DII,9849.1,9233.6,615.5
2022-11-11,FII/FPI,12534.0,8575.8,3958.2
2022-11-14,DII,5841.2,5794.0,47.2
2022-11-14,FII/FPI,21769.0,20679.6,1089.4
2022-11-15,DII,4851.1,5400.4,-549.3
2022-11-15,FII/FPI,7660.1,7881.5,-221.3
2022-11-16,DII,6836.7,5399.3,1437.4
2022-11-16,FII/FPI,7929.8,8315.8,-386.1
2022-11-17,DII,5433.9,4984.7,449.2
2022-11-17,FII/FPI,7595.7,6977.3,618.4
2022-11-18,DII,6098.4,5208.0,890.4
2022-11-18,FII/FPI,7197.0,7948.2,-751.2
2022-11-21,DII,5991.7,4728.8,1262.9
2022-11-21,FII/FPI,4890.7,6484.6,-1593.8
2022-11-22,DII,5334.4,4698.0,636.4
2022-11-22,FII/FPI,7288.5,7986.4,-697.8
2022-11-23,DII,6124.0,5710.2,413.8
2022-11-23,FII/FPI,7231.1,8021.0,-789.9
2022-11-24,DII,5850.7,6086.4,-235.7
2022-11-24,FII/FPI,6471.9,5240.0,1232.0
2022-11-25,DII,5358.1,5654.0,-295.9
2022-11-25,FII/FPI,5716.0,5346.9,369.1
2022-11-28,DII,6377.5,6289.6,87.9
2022-11-28,FII/FPI,7780.3,6844.4,935.9
2022-11-29,DII,5682.2,6426.7,-744.4
2022-11-29,FII/FPI,6600.3,5358.8,1241.6
2022-11-30,DII,6841.3,10897.7,-4056.4
2022-11-30,FII/FPI,39665.8,30655.4,9010.4
2022-12-01,DII,9539.5,6874.6,2665.0
2022-12-01,FII/FPI,7873.2,9439.1,-1565.9
2022-12-02,DII,5887.9,5175.6,712.3
2022-12-02,FII/FPI,10621.2,10406.4,214.8
2022-12-04,DII,6629.33,5759.32,870.01
2022-12-04,FII/FPI,7047.27,10175.66,-3128.39
2022-12-05,DII,7193.1,4585.1,2608.0
2022-12-05,FII/FPI,8618.8,9757.9,-1139.1
2022-12-06,DII,5627.3,6185.9,-558.7
2022-12-06,FII/FPI,7190.9,7826.3,-635.4
2022-12-07,DII,5832.8,5443.9,388.8
2022-12-07,FII/FPI,6439.6,7681.5,-1241.9
2022-12-08,DII,6297.0,5524.8,772.3
2022-12-08,FII/FPI,8714.4,9846.0,-1131.7
2022-12-09,DII,6555.2,6053.6,501.6
2022-12-09,FII/FPI,7515.5,7673.6,-158.0
2022-12-12,DII,5307.8,4612.2,695.6
2022-12-12,FII/FPI,6982.5,7121.3,-138.8
2022-12-13,DII,4933.4,4896.6,36.8
2022-12-13,FII/FPI,9675.1,9055.2,619.9
2022-12-14,DII,6324.0,5397.6,926.4
2022-12-14,FII/FPI,7620.6,7248.5,372.2
2022-12-15,DII,4918.3,4657.4,260.9
2022-12-15,FII/FPI,7387.8,8098.6,-710.7
2022-12-16,DII,7954.8,6412.3,1542.5
2022-12-16,FII/FPI,10602.1,12577.5,-1975.4
2022-12-19,DII,4616.3,3928.9,687.4
2022-12-19,FII/FPI,5276.3,5814.4,-538.1
2022-12-20,DII,4951.3,4456.6,494.7
2022-12-20,FII/FPI,5678.4,5222.5,455.9
2022-12-21,DII,6494.8,4737.4,1757.4
2022-12-21,FII/FPI,4737.7,5856.8,-1119.1
2022-12-22,DII,6606.9,4400.3,2206.6
2022-12-22,FII/FPI,5390.0,4461.4,928.6
2022-12-23,DII,7810.1,4411.1,3399.0
2022-12-23,FII/FPI,4131.6,4838.5,-706.8
2022-12-26,DII,5338.8,4053.0,1285.7
2022-12-26,FII/FPI,1769.1,2266.7,-497.6
2022-12-27,DII,4402.9,3781.1,621.8
2022-12-27,FII/FPI,2122.7,2990.4,-867.6
2022-12-28,DII,4358.4,3985.6,372.9
2022-12-28,FII/FPI,4202.7,5075.3,-872.6
2022-12-29,DII,9634.4,9118.6,515.8
2022-12-29,FII/FPI,4288.4,4861.2,-572.8
2022-12-30,DII,5715.8,3449.6,2266.2
2022-12-30,FII/FPI,2252.7,5203.6,-2950.9
2023-01-02,DII,4660.7,3917.4,743.4
2023-01-02,FII/FPI,1381.1,1593.7,-212.6
2023-01-03,DII,5243.4,4892.9,350.6
2023-01-03,FII/FPI,3077.1,3705.2,-628.1
2023-01-04,DII,5601.4,4827.8,773.6
2023-01-04,FII/FPI,4508.2,7129.1,-2620.9
2023-01-05,DII,6898.2,7092.3,-194.1
2023-01-05,FII/FPI,7275.1,8724.5,-1449.4
2023-01-06,DII,6638.4,5555.2,1083.2
2023-01-06,FII/FPI,3855.8,6758.3,-2902.5
2023-01-09,DII,6476.5,4752.7,1723.8
2023-01-09,FII/FPI,8643.6,8846.8,-203.1
2023-01-10,DII,6558.2,4751.5,1806.6
2023-01-10,FII/FPI,6287.5,8396.8,-2109.3
2023-01-11,DII,6859.9,4429.3,2430.6
2023-01-11,FII/FPI,6980.5,10188.7,-3208.2
2023-01-12,DII,6087.8,3960.2,2127.6
2023-01-12,FII/FPI,8707.4,10370.0,-1662.6
2023-01-13,DII,5700.6,3747.2,1953.4
2023-01-13,FII/FPI,9305.7,11728.1,-2422.4
2023-01-16,DII,5220.0,4534.1,686.0
2023-01-16,FII/FPI,6260.1,7010.7,-750.6
2023-01-17,DII,5239.4,5148.6,90.8
2023-01-17,FII/FPI,8445.3,8234.2,211.1
2023-01-18,DII,6873.2,5647.2,1226.0
2023-01-18,FII/FPI,8386.6,8705.9,-319.2
2023-01-19,DII,4321.5,4450.5,-129.0
2023-01-19,FII/FPI,7780.9,7380.9,400.0
2023-01-20,DII,5809.3,4299.3,1510.0
2023-01-20,FII/FPI,8288.8,10291.0,-2002.2
2023-01-23,DII,5925.4,5490.4,435.0
2023-01-23,FII/FPI,5803.4,6023.3,-219.9
2023-01-24,DII,6849.6,5704.9,1144.8
2023-01-24,FII/FPI,6403.9,7164.4,-760.5
2023-01-25,DII,8111.6,6733.1,1378.5
2023-01-25,FII/FPI,5859.2,8253.1,-2393.9
2023-01-27,DII,12373.4,8121.1,4252.3
2023-01-27,FII/FPI,12414.8,18392.6,-5977.9
2023-01-30,DII,11487.0,5974.4,5512.6
2023-01-30,FII/FPI,10904.2,17697.0,-6792.8
2023-01-31,DII,10974.1,6467.8,4506.3
2023-01-31,FII/FPI,14776.2,20215.9,-5439.6
2023-02-01,DII,10711.5,10182.0,529.5
2023-02-01,FII/FPI,14366.7,12581.5,1785.2
2023-02-02,DII,9470.7,7099.3,2371.4
2023-02-02,FII/FPI,9780.8,12846.2,-3065.4
2023-02-03,DII,7474.0,6209.2,1264.7
2023-02-03,FII/FPI,9482.1,10414.5,-932.4
2023-02-06,DII,5771.2,4568.1,1203.1
2023-02-06,FII/FPI,6853.4,8071.5,-1218.1
2023-02-07,DII,6009.7,5369.9,639.8
2023-02-07,FII/FPI,7126.4,9686.3,-2560.0
2023-02-08,DII,6154.1,5213.0,941.2
2023-02-08,FII/FPI,7617.8,8354.6,-736.8
2023-02-09,DII,5589.1,5794.3,-205.2
2023-02-09,FII/FPI,7049.0,7193.8,-144.7
2023-02-10,DII,4882.4,5173.8,-291.3
2023-02-10,FII/FPI,7700.6,6242.6,1458.0
2023-02-13,DII,5361.5,4839.8,521.7
2023-02-13,FII/FPI,7386.6,6064.2,1322.4
2023-02-14,DII,5042.5,4837.7,204.8
2023-02-14,FII/FPI,8418.3,7113.0,1305.3
2023-02-15,DII,5880.4,5363.8,516.6
2023-02-15,FII/FPI,8547.9,8115.7,432.2
2023-02-16,DII,7759.7,6182.4,1577.3
2023-02-16,FII/FPI,8580.5,7009.9,1570.6
2023-02-17,DII,5540.8,5626.1,-85.3
2023-02-17,FII/FPI,4809.7,5434.3,-624.6
2023-02-20,DII,4980.3,4894.1,86.2
2023-02-20,FII/FPI,4256.6,4415.6,-159.0
2023-02-21,DII,5318.4,5553.7,-235.2
2023-02-21,FII/FPI,5465.6,4939.8,525.8
2023-02-22,DII,5711.5,5340.0,371.6
2023-02-22,FII/FPI,6195.5,6775.4,-579.8
2023-02-23,DII,7010.4,5424.4,1586.1
2023-02-23,FII/FPI,6791.4,8208.6,-1417.2
2023-02-24,DII,5875.0,4474.1,1401.0
2023-02-24,FII/FPI,8864.6,10334.9,-1470.3
2023-02-27,DII,6621.2,4389.6,2231.7
2023-02-27,FII/FPI,4315.2,6337.7,-2022.5
2023-02-28,DII,9307.9,4698.0,4609.9
2023-02-28,FII/FPI,18559.0,23118.2,-4559.2
2023-03-01,DII,5918.7,4420.1,1498.7
2023-03-01,FII/FPI,6953.4,7378.3,-424.9
2023-03-02,DII,5948.2,3819.4,2128.8
2023-03-02,FII/FPI,20596.1,7825.3,12770.8
2023-03-03,DII,5869.6,3779.7,2089.9
2023-03-03,FII/FPI,6969.4,6723.2,246.2
2023-03-06,DII,5659.6,4902.4,757.2
2023-03-06,FII/FPI,7035.2,6313.8,721.4
2023-03-08,DII,4625.6,5563.4,-937.8
2023-03-08,FII/FPI,11451.0,7779.4,3671.6
2023-03-09,DII,4606.7,4564.3,42.4
2023-03-09,FII/FPI,7570.5,8132.3,-561.8
2023-03-10,DII,5167.7,3817.6,1350.1
2023-03-10,FII/FPI,5117.3,7178.8,-2061.5
2023-03-13,DII,7476.6,6058.0,1418.6
2023-03-13,FII/FPI,10135.3,11682.1,-1546.9
2023-03-14,DII,7024.2,4902.3,2121.9
2023-03-14,FII/FPI,6737.4,9824.3,-3087.0
2023-03-15,DII,6343.8,4519.9,1823.9
2023-03-15,FII/FPI,5769.4,7040.7,-1271.2
2023-03-16,DII,9226.5,7175.0,2051.4
2023-03-16,FII/FPI,7993.2,8275.2,-282.1
2023-03-17,DII,9693.5,7876.3,1817.1
2023-03-17,FII/FPI,18734.4,20500.9,-1766.5
2023-03-20,DII,9105.4,6228.7,2876.6
2023-03-20,FII/FPI,4747.9,7293.8,-2545.9
2023-03-21,DII,7628.2,5682.2,1946.1
2023-03-21,FII/FPI,5900.6,7355.3,-1454.6
2023-03-22,DII,4755.4,4371.9,383.5
2023-03-22,FII/FPI,6159.6,6097.8,61.7
2023-03-23,DII,6185.1,4516.3,1668.8
2023-03-23,FII/FPI,5939.9,6934.9,-995.0
2023-03-24,DII,5418.2,2862.7,2555.5
2023-03-24,FII/FPI,5290.8,7011.2,-1720.4
2023-03-27,DII,5375.6,3566.7,1808.9
2023-03-27,FII/FPI,4883.4,5774.0,-890.6
2023-03-28,DII,4637.9,4794.0,-156.1
2023-03-28,FII/FPI,7055.2,5524.1,1531.1
2023-03-29,DII,10196.1,9373.1,823.0
2023-03-29,FII/FPI,9097.0,7851.6,1245.4
2023-03-31,DII,8212.3,5732.4,2480.0
2023-03-31,FII/FPI,11402.2,11044.4,357.9
2023-04-03,DII,5196.0,5524.2,-328.2
2023-04-03,FII/FPI,4856.0,4534.1,321.9
2023-04-05,DII,7231.9,8179.2,-947.2
2023-04-05,FII/FPI,7383.8,6577.0,806.8
2023-04-06,DII,5642.2,6639.2,-997.1
2023-04-06,FII/FPI,5655.6,5179.8,475.8
2023-04-10,DII,7060.7,6709.2,351.5
2023-04-10,FII/FPI,4057.8,3175.3,882.5
2023-04-11,DII,7786.9,8050.9,-264.0
2023-04-11,FII/FPI,6932.0,6589.1,342.8
2023-04-12,DII,7428.0,7653.3,-225.2
2023-04-12,FII/FPI,8459.4,6551.4,1908.0
2023-04-13,DII,6526.5,6800.1,-273.7
2023-04-13,FII/FPI,8033.1,7811.3,221.8
2023-04-17,DII,8330.0,8060.3,269.6
2023-04-17,FII/FPI,13386.6,13919.8,-533.2
2023-04-18,DII,6491.0,6089.3,401.7
2023-04-18,FII/FPI,7398.1,8208.7,-810.6
2023-04-19,DII,5297.9,5408.3,-110.4
2023-04-19,FII/FPI,7981.9,7995.1,-13.2
2023-04-20,DII,4753.4,3920.6,832.7
2023-04-20,FII/FPI,5773.8,6943.2,-1169.3
2023-04-21,DII,5475.8,3843.2,1632.7
2023-04-21,FII/FPI,5127.7,7244.5,-2116.8
2023-04-24,DII,6138.6,4961.5,1177.2
2023-04-24,FII/FPI,6218.8,6631.1,-412.3
2023-04-25,DII,6547.5,5983.9,563.6
2023-04-25,FII/FPI,9244.2,9651.6,-407.4
2023-04-26,DII,5220.2,5448.1,-227.9
2023-04-26,FII/FPI,7813.6,6556.1,1257.5
2023-04-27,DII,5638.0,5540.9,97.1
2023-04-27,FII/FPI,7140.0,5487.0,1653.0
2023-04-28,DII,6319.2,6054.9,264.3
2023-04-28,FII/FPI,13577.3,10273.0,3304.3
2023-05-02,DII,5649.5,6043.6,-394.0
2023-05-02,FII/FPI,9972.5,7975.2,1997.4
2023-05-03,DII,5390.8,5974.8,-584.0
2023-05-03,FII/FPI,7498.8,6160.8,1338.0
2023-05-04,DII,5611.2,5169.6,441.6
2023-05-04,FII/FPI,7311.0,5896.3,1414.7
2023-05-05,DII,4956.5,7155.3,-2198.8
2023-05-05,FII/FPI,8243.0,7465.3,777.7
2023-05-08,DII,6252.5,6007.2,245.3
2023-05-08,FII/FPI,8705.4,6581.6,2123.8
2023-05-09,DII,7148.4,6743.6,404.7
2023-05-09,FII/FPI,9375.4,7433.2,1942.2
2023-05-10,DII,5061.7,5851.4,-789.7
2023-05-10,FII/FPI,8094.7,6261.6,1833.1
2023-05-11,DII,7026.4,7226.5,-200.1
2023-05-11,FII/FPI,7950.8,7113.6,837.2
2023-05-12,DII,5457.4,6379.6,-922.2
2023-05-12,FII/FPI,9159.5,8145.4,1014.1
2023-05-15,DII,5505.6,5314.4,191.2
2023-05-15,FII/FPI,7676.3,5991.0,1685.3
2023-05-16,DII,6138.6,7024.8,-886.2
2023-05-16,FII/FPI,7783.2,6376.3,1406.9
2023-05-17,DII,6046.8,6250.7,-203.9
2023-05-17,FII/FPI,7478.2,7328.9,149.3
2023-05-18,DII,4830.8,5680.8,-850.0
2023-05-18,FII/FPI,7731.5,6761.3,970.2
2023-05-19,DII,6427.8,5356.4,1071.4
2023-05-19,FII/FPI,7325.4,7438.9,-113.5
2023-05-22,DII,5486.8,4882.2,604.6
2023-05-22,FII/FPI,6956.6,6033.7,922.9
2023-05-23,DII,5543.1,5145.8,397.3
2023-05-23,FII/FPI,7829.5,7647.0,182.5
2023-05-24,DII,5880.8,5579.9,300.9
2023-05-24,FII/FPI,8548.5,7362.6,1185.8
2023-05-25,DII,5522.8,5184.4,338.4
2023-05-25,FII/FPI,8521.1,7932.0,589.1
2023-05-26,DII,7705.6,5864.6,1841.0
2023-05-26,FII/FPI,8203.3,7853.2,350.2
2023-05-29,DII,6217.7,5364.2,853.6
2023-05-29,FII/FPI,7767.0,6008.8,1758.2
2023-05-30,DII,5937.0,6376.0,-438.9
2023-05-30,FII/FPI,9789.5,7703.8,2085.6
2023-05-31,DII,11726.5,14255.0,-2528.5
2023-05-31,FII/FPI,65024.4,61618.5,3405.9
2023-06-01,DII,5715.1,5226.2,488.9
2023-06-01,FII/FPI,8751.7,8822.7,-71.1
2023-06-02,DII,6951.5,6369.7,581.8
2023-06-02,FII/FPI,10393.9,11052.8,-658.9
2023-06-05,DII,7460.7,6264.7,1196.0
2023-06-05,FII/FPI,7740.9,8441.8,-701.0
2023-06-06,DII,5946.7,6435.8,-489.0
2023-06-06,FII/FPI,8963.4,8577.7,385.7
2023-06-07,DII,5931.8,5539.5,392.3
2023-06-07,FII/FPI,9569.9,8187.3,1382.6
2023-06-08,DII,5461.8,5866.9,-405.0
2023-06-08,FII/FPI,8013.3,7800.9,212.4
2023-06-09,DII,6234.1,4988.6,1245.5
2023-06-09,FII/FPI,13631.6,13940.6,-309.0
2023-06-12,DII,6663.6,4869.8,1793.8
2023-06-12,FII/FPI,6321.9,6948.5,-626.6
2023-06-13,DII,6754.0,6957.3,-203.3
2023-06-13,FII/FPI,12967.8,11290.2,1677.6
2023-06-14,DII,6242.9,6897.7,-654.8
2023-06-14,FII/FPI,10413.7,8699.0,1714.7
2023-06-15,DII,6798.8,7096.6,-297.9
2023-06-15,FII/FPI,12641.9,9556.4,3085.5
2023-06-16,DII,7945.6,7264.3,681.3
2023-06-16,FII/FPI,17939.0,17144.2,794.8
2023-06-19,DII,6412.2,6777.4,-365.2
2023-06-19,FII/FPI,8354.9,9385.8,-1030.9
2023-06-20,DII,9851.7,7879.2,1972.5
2023-06-20,FII/FPI,11733.9,13676.5,-1942.6
2023-06-21,DII,7704.9,7154.5,550.4
2023-06-21,FII/FPI,13795.5,9782.4,4013.1
2023-06-22,DII,7147.8,6928.4,219.4
2023-06-22,FII/FPI,8947.7,9640.9,-693.3
2023-06-23,DII,6694.2,7378.2,-684.0
2023-06-23,FII/FPI,6263.3,6608.1,-344.8
2023-06-26,DII,5455.9,5205.7,250.1
2023-06-26,FII/FPI,7896.6,8306.1,-409.4
2023-06-27,DII,6784.4,8775.7,-1991.4
2023-06-27,FII/FPI,10452.7,8428.7,2024.0
2023-06-28,DII,13978.2,14999.2,-1021.0
2023-06-28,FII/FPI,21017.3,8667.3,12350.0
2023-06-30,DII,10469.8,9272.2,1197.6
2023-06-30,FII/FPI,19439.7,13042.6,6397.1
2023-07-03,DII,7031.9,7369.7,-337.8
2023-07-03,FII/FPI,7533.9,5538.0,1995.9
2023-07-04,DII,7026.1,7811.6,-785.5
2023-07-04,FII/FPI,8783.7,6649.3,2134.3
2023-07-05,DII,7983.8,8422.8,-439.0
2023-07-05,FII/FPI,8742.3,7139.2,1603.2
2023-07-06,DII,8247.1,10598.8,-2351.7
2023-07-06,FII/FPI,12338.0,9696.9,2641.0
2023-07-07,DII,6244.2,9208.4,-2964.2
2023-07-07,FII/FPI,9590.3,8799.9,790.4
2023-07-10,DII,8074.5,7786.1,288.4
2023-07-10,FII/FPI,8128.0,7539.6,588.5
2023-07-11,DII,9758.8,9766.1,-7.2
2023-07-11,FII/FPI,10839.7,9642.4,1197.4
2023-07-12,DII,15051.2,14614.5,436.7
2023-07-12,FII/FPI,18217.7,19460.1,-1242.4
2023-07-13,DII,8229.7,9426.4,-1196.7
2023-07-13,FII/FPI,10128.1,7890.1,2237.9
2023-07-14,DII,7333.8,8106.3,-772.4
2023-07-14,FII/FPI,12486.0,9849.6,2636.4
2023-07-17,DII,7182.9,7118.5,64.3
2023-07-17,FII/FPI,8286.4,8213.4,73.0
2026-07-31,DII,19885.8,17625.43,2260.37
2026-07-31,FII/FPI,19045.51,18768.03,277.48
