date,category,buy_value,sell_value,net_value,category,buy_value,sell_value,net_value
06-01-2007,DII,1122.01,802.17,319.84,FII/FPI,2481.99,2108.61,373.38
08-01-2007,DII,1898.6,963.16,935.44,FII/FPI,3620.82,4876.36,-1255.54
10-01-2007,DII,1251.99,2181.76,-929.77,FII/FPI,4311.66,2589.92,1721.74
11-01-2007,DII,1929.4,1873.18,56.22,FII/FPI,5389.86,5315.61,74.25
04-02-2007,DII,0,0,0,FII/FPI,2010.8,2520.13,-509.33
07-02-2007,DII,788.08,874.79,-86.71,FII/FPI,1746.34,1651.77,94.57
08-02-2007,DII,1055.76,773.19,282.57,FII/FPI,1843.19,2381.16,-537.97
11-02-2007,DII,1324.79,880.05,444.74,FII/FPI,3281.13,4511.99,-1230.86
04-03-2007,DII,0,0,0,FII/FPI,2179.39,2185.4,-6.01
05-03-2007,DII,769.99,583.59,186.4,FII/FPI,2811.79,2742.09,69.7
07-03-2007,DII,842.27,1013.01,-170.74,FII/FPI,2413.09,1967.68,445.41
08-03-2007,DII,805.31,746.22,59.09,FII/FPI,2210.6,2353.3,-142.7
09-03-2007,DII,769.64,786.16,-16.52,FII/FPI,2437.42,2019.35,418.07
10-03-2007,DII,1219.08,1440.81,-221.73,FII/FPI,7746.78,5084.72,2662.06
12-03-2007,DII,1440,990.49,449.51,FII/FPI,5487.35,5526.6,-39.25
04-04-2007,DII,0,0,0,FII/FPI,2126.12,2171.17,-45.05
05-04-2007,DII,695.99,396.89,299.1,FII/FPI,1867.95,1999.27,-131.32
06-04-2007,DII,788.4,817.34,-28.94,FII/FPI,1873.72,1784.93,88.79
07-04-2007,DII,882.59,1279.73,-397.14,FII/FPI,2140.88,1417.03,723.85
09-04-2007,DII,827.58,759.6,67.98,FII/FPI,1837.57,1489.37,348.2
10-04-2007,DII,923.34,1587.24,-663.9,FII/FPI,4278.46,3821.18,457.28
12-04-2007,DII,1383.44,1267.13,116.31,FII/FPI,3877.76,4210.62,-332.86
13-04-2007,DII,0,0,0,FII/FPI,2662.56,2424.06,238.5
16-04-2007,DII,781.77,763.98,17.79,FII/FPI,2323.96,2016.21,307.75
17-04-2007,DII,729.55,1039.74,-310.19,FII/FPI,2450.75,2146.09,304.66
18-04-2007,DII,887.82,868.38,19.44,FII/FPI,2173.88,1708.56,465.32
19-04-2007,DII,810.9,537.14,273.76,FII/FPI,1801.53,2030.66,-229.13
20-04-2007,DII,907.47,777.6,129.87,FII/FPI,2434.23,1811.72,622.51
23-04-2007,DII,771.77,514.05,257.72,FII/FPI,1877.48,2019.97,-142.49
24-04-2007,DII,1313.67,1129.38,184.29,FII/FPI,3258.31,2917.92,340.39
25-04-2007,DII,1060.12,973.73,86.39,FII/FPI,3538.85,2757.6,781.25
26-04-2007,DII,1196.6,1374.63,-178.03,FII/FPI,2816.25,2905.29,-89.04
27-04-2007,DII,793.2,617.23,175.97,FII/FPI,1628.9,2006.85,-377.95
04-05-2007,DII,0,0,0,FII/FPI,1632.16,1717.96,-85.8
06-05-2007,DII,786.84,739.05,47.79,FII/FPI,1965.84,2114.14,-148.3
07-05-2007,DII,1348.37,1042.94,305.43,FII/FPI,3173.62,3024.63,148.99
09-05-2007,DII,882.78,924.18,-41.4,FII/FPI,2633.84,2296.85,336.99
10-05-2007,DII,1739.66,1941.27,-201.61,FII/FPI,4557.73,3609.67,948.06
11-05-2007,DII,1679.43,1030.74,648.69,FII/FPI,3851.03,4944.19,-1093.16
12-05-2007,DII,1454.28,1613.99,-159.71,FII/FPI,5168.38,4688.2,480.18
14-05-2007,DII,769.03,767.24,1.79,FII/FPI,1745.02,1830.34,-85.32
15-05-2007,DII,800.19,860.09,-59.9,FII/FPI,1931.89,2215.52,-283.63
16-05-2007,DII,1360.92,957.43,403.49,FII/FPI,2388.27,2633.42,-245.15
17-05-2007,DII,1626.5,991.84,634.66,FII/FPI,3503.38,2985.63,517.75
18-05-2007,DII,798.98,740.93,58.05,FII/FPI,2238.8,2182.16,56.64
21-05-2007,DII,1330.32,1072.39,257.93,FII/FPI,2371.95,2189.29,182.66
22-05-2007,DII,1196.79,1324.61,-127.82,FII/FPI,3095.1,2754.54,340.56
23-05-2007,DII,1034.78,946.84,87.94,FII/FPI,2496.02,2399.44,96.58
24-05-2007,DII,889.29,1025.59,-136.3,FII/FPI,1877.4,2037.71,-160.31
25-05-2007,DII,836.96,665.47,171.49,FII/FPI,2498.54,2702.79,-204.25
28-05-2007,DII,1077.57,1002.83,46.94,FII/FPI,1795.7,1615.05,180.65
29-05-2007,DII,848.24,972.38,-124.14,FII/FPI,2172.71,1474.75,697.96
30-05-2007,DII,1349.85,787.98,561.87,FII/FPI,2350.87,2949.38,-598.51
31-05-2007,DII,1340.53,1308.34,32.19,FII/FPI,3287.23,3118.37,168.86
06-06-2007,DII,1126.64,771.2,355.44,FII/FPI,2226.8,2457.77,-230.97
07-06-2007,DII,1164.47,1148.08,16.39,FII/FPI,2843.63,2302.24,541.39
08-06-2007,DII,980.15,479.46,500.69,FII/FPI,1638.28,3033.28,-1395
09-06-2007,DII,841.01,849.27,-8.26,FII/FPI,2275.51,1964.14,311.37
11-06-2007,DII,1297.81,1091.25,206.56,FII/FPI,4163.08,4155.46,7.62
12-06-2007,DII,1649.03,1421.49,227.54,FII/FPI,4855.4,4363.3,492.1
13-06-2007,DII,863.21,531.73,331.48,FII/FPI,1706.7,2000.86,-294.16
14-06-2007,DII,527.4,494.83,32.57,FII/FPI,2610.38,2576.25,34.13
15-06-2007,DII,865.58,501.72,363.86,FII/FPI,1947.69,1992.47,-44.78
18-06-2007,DII,778.67,408.67,370,FII/FPI,1571.05,1659.41,-88.36
19-06-2007,DII,769.13,802.11,-32.98,FII/FPI,2061.81,1890.1,171.71
20-06-2007,DII,894.26,790.13,104.13,FII/FPI,2543.91,2301.62,242.29
21-06-2007,DII,1005.19,857.48,147.71,FII/FPI,2328.05,2183.56,144.49
22-06-2007,DII,1314.72,802.42,512.3,FII/FPI,2235.18,2263.41,-28.23
25-06-2007,DII,737.57,558.34,179.23,FII/FPI,2672.02,2652.18,19.84
26-06-2007,DII,885.6,686.11,199.49,FII/FPI,1812.99,2054.45,-241.46
27-06-2007,DII,748.75,504.65,244.1,FII/FPI,2059.39,2626.72,-567.33
28-06-2007,DII,1145.29,1071.78,73.51,FII/FPI,2768.23,3166.34,-398.11
29-06-2007,DII,1119.86,958.2,161.66,FII/FPI,2654.42,2095.83,558.59
05-07-2007,DII,1645.69,1571.12,74.57,FII/FPI,900.11,756.53,143.58
06-07-2007,DII,1037.22,753.41,283.81,FII/FPI,1412.65,1699.82,-287.17
08-07-2007,DII,725.62,609.58,116.04,FII/FPI,2195.64,2521.32,-325.68
09-07-2007,DII,846.88,946.31,-99.43,FII/FPI,2173.45,1788.77,384.68
11-07-2007,DII,1103.07,1007.75,95.32,FII/FPI,4197.83,3766.42,431.41
12-07-2007,DII,1478.72,1139.08,339.64,FII/FPI,4426.24,4680.08,-253.84
13-07-2007,DII,1566.33,1391.96,174.37,FII/FPI,4470.11,3146.59,1323.52
16-07-2007,DII,826.37,1234.9,-408.53,FII/FPI,3008.72,2702.19,306.53
17-07-2007,DII,1100.52,1265.45,-164.93,FII/FPI,3387.42,3028.36,359.06
18-07-2007,DII,880.22,937.71,-57.49,FII/FPI,3109.15,2910.84,198.31
19-07-2007,DII,992.07,1141.08,-149.01,FII/FPI,3449.51,2797.43,652.08
20-07-2007,DII,846.78,1191.26,-344.48,FII/FPI,3996.49,2840.56,1155.93
23-07-2007,DII,754.52,953.47,-198.95,FII/FPI,3723.98,2698.41,1025.57
24-07-2007,DII,897.87,1208.47,-310.6,FII/FPI,4171.38,3100.67,1070.71
25-07-2007,DII,1198.24,1048.42,149.82,FII/FPI,3106.22,3141.69,-35.47
26-07-2007,DII,1270.02,1414.29,-144.27,FII/FPI,4457.35,4179.31,278.04
27-07-2007,DII,1970.85,1243.53,727.32,FII/FPI,3550.83,5025.83,-1475
30-07-2007,DII,1706.87,852.55,854.32,FII/FPI,1903.1,3020.45,-1117.35
31-07-2007,DII,1079.11,731.26,347.85,FII/FPI,2980.16,2945.53,34.63
05-08-2007,DII,964.75,1089.29,-124.54,FII/FPI,1628.57,1833.98,-205.41
06-08-2007,DII,1334.84,595.84,739,FII/FPI,2591.34,3566.12,-974.78
08-08-2007,DII,1020.25,803.82,216.43,FII/FPI,3005.15,2918.19,86.96
10-08-2007,DII,834,976.68,-142.68,FII/FPI,4281.74,2822.23,1459.51
11-08-2007,DII,1223.6,940.28,283.32,FII/FPI,3190.15,4546.68,-1356.53
13-08-2007,DII,720.81,583.05,137.76,FII/FPI,1593.84,2153.42,-559.58
14-08-2007,DII,765.69,456.75,308.94,FII/FPI,1464.92,1796.44,-331.52
16-08-2007,DII,2156.08,757.18,1398.9,FII/FPI,2404.91,5513.36,-3108.45
17-08-2007,DII,2677.53,733.05,1944.48,FII/FPI,2544.48,6080.24,-3535.76
20-08-2007,DII,686.26,544.23,142.03,FII/FPI,2084.93,2733.86,-648.93
21-08-2007,DII,1413.43,586.59,826.84,FII/FPI,2235.03,2373.27,-138.24
22-08-2007,DII,1115.9,568.61,547.29,FII/FPI,1911.78,2547.97,-636.19
23-08-2007,DII,1268.56,737.84,530.72,FII/FPI,3254.95,2980.31,274.64
24-08-2007,DII,1090.16,689.45,400.71,FII/FPI,1404.72,1679.41,-274.69
27-08-2007,DII,1074.77,881.45,193.32,FII/FPI,2053.46,1358.11,695.35
28-08-2007,DII,641.52,720.84,-79.32,FII/FPI,2458.12,2067.92,390.2
29-08-2007,DII,890.95,825.47,65.48,FII/FPI,2415.39,2579.12,-163.73
30-08-2007,DII,2184.74,1831.78,352.96,FII/FPI,4032.67,4596.33,-563.66
31-08-2007,DII,1262.79,1050.39,212.4,FII/FPI,2874.13,2327.04,547.09
04-09-2007,DII,0,0,0,FII/FPI,1423.75,930.39,493.36
05-09-2007,DII,779.03,892.14,-113.11,FII/FPI,1685.79,1985.81,-300.02
07-09-2007,DII,746.89,983.74,-236.85,FII/FPI,2758.44,1916.8,841.64
08-09-2007,DII,1071.72,999.58,72.14,FII/FPI,2483.86,2456.63,27.23
10-09-2007,DII,1216.27,1745.65,-529.38,FII/FPI,4384.91,2968.19,1416.72
11-09-2007,DII,21.6,22.13,-0.53,FII/FPI,129.47,94.48,34.99
13-09-2007,DII,1006.04,1041.95,-35.91,FII/FPI,2346.89,2340.6,6.29
14-09-2007,DII,976.99,1237.41,-260.42,FII/FPI,3477.32,2191.29,1286.03
17-09-2007,DII,672.7,813.27,-140.57,FII/FPI,2146.26,2051.92,94.34
18-09-2007,DII,920.99,1153.92,-232.93,FII/FPI,2924.34,2900.96,23.38
19-09-2007,DII,1686.85,2015,-328.15,FII/FPI,5767.81,3310.19,2457.62
20-09-2007,DII,1018.2,1582.48,-564.28,FII/FPI,4596.36,2968.92,1627.44
21-09-2007,DII,1442.87,1720.55,-277.68,FII/FPI,3716.81,2954.68,762.13
24-09-2007,DII,1494.45,2164.89,-670.44,FII/FPI,4796.16,3605.63,1190.53
25-09-2007,DII,1084.74,1601.17,-516.43,FII/FPI,4442.69,2946.55,1496.14
26-09-2007,DII,1141.46,1842.89,-701.43,FII/FPI,3622.56,2894.57,727.99
27-09-2007,DII,1837.79,2149.21,-311.42,FII/FPI,7256.37,5029.52,2226.85
28-09-2007,DII,1435.77,1535.9,-100.13,FII/FPI,5265.73,2990.02,2275.71
04-10-2007,DII,0,0,0,FII/FPI,2232.95,1883.3,349.65
05-10-2007,DII,918.11,531.67,386.44,FII/FPI,2001.36,1848.09,153.27
07-10-2007,DII,773.85,980.55,-206.7,FII/FPI,3001.68,2418.66,583.02
08-10-2007,DII,989.81,1005.45,-15.64,FII/FPI,2748.56,3490.86,-742.3
09-10-2007,DII,750.45,740.63,9.82,FII/FPI,1399.48,1589.63,-190.15
10-10-2007,DII,1444.55,2141.37,-696.82,FII/FPI,5817.2,4354.91,1462.29
12-10-2007,DII,1180.94,1411.09,-230.15,FII/FPI,2811.06,3003.18,-192.12
15-10-2007,DII,1688.71,1969.82,-281.11,FII/FPI,7138.65,4270.06,2868.59
16-10-2007,DII,1693.31,1703.36,-10.05,FII/FPI,5665.37,5899.69,-234.32
17-10-2007,DII,1811.98,1526.92,285.06,FII/FPI,5868.28,7880.34,-2012.06
18-10-2007,DII,1886.24,1790.22,96.02,FII/FPI,7066,8196.59,-1130.59
19-10-2007,DII,1758.02,1571.76,186.26,FII/FPI,8192.74,9943.5,-1750.76
22-10-2007,DII,1360.31,1375.64,-15.33,FII/FPI,5545.71,6836.57,-1290.86
23-10-2007,DII,1387.54,1349.9,37.64,FII/FPI,6103.05,5712.34,390.71
24-10-2007,DII,1574.37,1191.14,383.23,FII/FPI,5885.81,4583.94,1301.87
25-10-2007,DII,2372.68,1584.31,788.37,FII/FPI,6922.59,7547.93,-625.34
26-10-2007,DII,2164.77,1198.81,965.96,FII/FPI,3229.55,4466.9,-1237.35
29-10-2007,DII,2009.85,1375.41,634.44,FII/FPI,4568.62,3879.69,688.93
30-10-2007,DII,1839.07,2016.31,-177.24,FII/FPI,4346.73,4735.85,-389.12
31-10-2007,DII,1902.13,1457.88,444.25,FII/FPI,5250.75,5052.01,198.74
04-11-2007,DII,0,0,0,FII/FPI,2086.5,2156.46,-69.96
05-11-2007,DII,925.82,485.77,440.05,FII/FPI,1667.83,2182.09,-514.26
06-11-2007,DII,820.99,583.87,237.12,FII/FPI,2132.55,2158.67,-26.12
07-11-2007,DII,937.56,1252.94,-315.38,FII/FPI,2831.4,2732.06,99.34
09-11-2007,DII,750.4,1195.15,-444.75,FII/FPI,2214.55,1957.96,256.59
10-11-2007,DII,1383.12,1803.23,-420.11,FII/FPI,5961.99,5167.21,794.78
12-11-2007,DII,1593.63,1252.32,341.31,FII/FPI,4049.74,3662.47,387.27
13-11-2007,DII,1779.09,1514.94,264.15,FII/FPI,4770.2,5103.04,-332.84
14-11-2007,DII,1708.16,1141.12,567.04,FII/FPI,4769.91,4606.89,163.02
15-11-2007,DII,1889.36,1303.54,585.82,FII/FPI,3914.47,4067.3,-152.83
16-11-2007,DII,1195.58,955.86,239.72,FII/FPI,3503.69,3866.83,-363.14
19-11-2007,DII,1352.24,1415.69,-63.45,FII/FPI,3818.32,4189.36,-371.04
20-11-2007,DII,1681.08,1217.13,463.95,FII/FPI,4414.79,6215.47,-1800.68
21-11-2007,DII,1600.51,970.45,630.06,FII/FPI,3208.09,5215.79,-2007.7
22-11-2007,DII,2241.49,900.34,1341.15,FII/FPI,1889.01,4376.72,-2487.71
23-11-2007,DII,1274.19,748.33,525.86,FII/FPI,2271.55,2813.43,-541.88
26-11-2007,DII,980.58,706.52,274.06,FII/FPI,3019.5,2969.1,50.4
27-11-2007,DII,1262.29,963.96,298.33,FII/FPI,3408.27,3906.62,-498.35
28-11-2007,DII,1259.43,927.61,331.82,FII/FPI,3192.91,4171.87,-978.96
29-11-2007,DII,1974.7,1368.45,606.25,FII/FPI,5155.11,6268.07,-1112.96
30-11-2007,DII,1948.94,1260.6,688.34,FII/FPI,7242.97,6170.9,1072.07
04-12-2007,DII,0,0,0,FII/FPI,1658.77,1832.35,-173.58
06-12-2007,DII,702.49,783.35,-80.86,FII/FPI,2017.16,1681.86,335.3
07-12-2007,DII,1069.96,1041.1,28.86,FII/FPI,3533.91,2919.83,614.08
09-12-2007,DII,1037.14,1128.46,-91.32,FII/FPI,2333.4,2015.64,317.76
10-12-2007,DII,1242.36,2126.04,-883.68,FII/FPI,5260.25,4944.89,315.36
11-12-2007,DII,1209.86,1143.87,65.99,FII/FPI,4487.18,5681.56,-1194.38
12-12-2007,DII,1727.43,1611.6,115.83,FII/FPI,4575.06,4960.26,-385.2
13-12-2007,DII,1866.63,1639.98,226.65,FII/FPI,3908.34,4310.1,-401.76
14-12-2007,DII,1398.27,1293.09,105.18,FII/FPI,3776.02,4423.12,-647.1
17-12-2007,DII,1307.24,1080.38,226.86,FII/FPI,3351.68,5502.89,-2151.21
18-12-2007,DII,1318.9,659.75,659.15,FII/FPI,3166.59,5903.07,-2736.48
19-12-2007,DII,1542.21,1191.61,350.6,FII/FPI,2506.5,3960.56,-1454.06
20-12-2007,DII,1697.2,806.78,890.42,FII/FPI,2416.46,3183.18,-766.72
24-12-2007,DII,1391,1058.35,332.65,FII/FPI,3324.7,3148.92,175.78
26-12-2007,DII,1857.51,1408.78,448.73,FII/FPI,2345.04,1806.75,538.29
27-12-2007,DII,2475.71,1687.79,787.92,FII/FPI,5578.8,6281.44,-702.64
28-12-2007,DII,1401.46,1234.77,166.69,FII/FPI,2920.56,2266.8,653.76
31-12-2007,DII,1331.68,1774.67,-442.99,FII/FPI,2908.02,2391.96,516.06
01-01-2008,DII,1284.38,977.44,306.94,FII/FPI,888.69,1350.1,-461.41
02-01-2008,DII,1220.8,1336.2,-115.4,FII/FPI,3469.19,3596.12,-126.93
04-01-2008,DII,715.07,1004.63,-289.56,FII/FPI,2609.05,3247.91,-638.86
07-01-2008,DII,785.18,622.68,162.5,FII/FPI,3117.64,2908.21,209.43
08-01-2008,DII,1301.98,905.64,396.34,FII/FPI,2686.71,3273.99,-587.28
09-01-2008,DII,532.82,450.2,82.62,FII/FPI,1299.92,1541.77,-241.85
10-01-2008,DII,845.09,796.44,48.65,FII/FPI,1889.96,2164.86,-274.9
12-01-2008,DII,675.36,626.17,49.19,FII/FPI,1674.62,1645.98,28.64
14-01-2008,DII,1319.73,1513.28,-193.55,FII/FPI,4404.39,4662.05,-257.66
15-01-2008,DII,1229.36,1319.1,-89.74,FII/FPI,5096.81,5461.9,-365.09
16-01-2008,DII,1864.99,1676.02,188.97,FII/FPI,4439.43,6957.02,-2517.59
17-01-2008,DII,2039.72,1304.97,734.75,FII/FPI,4252.65,6520.05,-2267.4
18-01-2008,DII,2031.66,1336.1,695.56,FII/FPI,4417.25,6564.17,-2146.92
21-01-2008,DII,4430.29,1031.09,3399.2,FII/FPI,4295.93,7592.66,-3296.73
22-01-2008,DII,4375.64,1596.93,2778.71,FII/FPI,6172.99,10438.18,-4265.19
23-01-2008,DII,2669.63,1377.87,1291.76,FII/FPI,5730.7,8752.24,-3021.54
24-01-2008,DII,2140.83,1023.8,1117.03,FII/FPI,4686.65,6941.58,-2254.93
25-01-2008,DII,1475.88,1227.53,248.35,FII/FPI,4689.63,4481.15,208.48
28-01-2008,DII,1155.28,557.34,597.94,FII/FPI,2478.9,3517.35,-1038.45
29-01-2008,DII,762.03,663.21,98.82,FII/FPI,2874.72,3420.81,-546.09
30-01-2008,DII,1432.25,709.14,723.11,FII/FPI,2635.54,3546.54,-911
31-01-2008,DII,3145.68,985.33,2160.35,FII/FPI,5103.07,9041.07,-3938
01-02-2008,DII,1610.49,1183.38,427.11,FII/FPI,3798.13,4426.81,-628.68
04-02-2008,DII,1097.88,833.51,264.37,FII/FPI,2792.79,2928.44,-135.65
05-02-2008,DII,1128.9,1146.9,-18,FII/FPI,3662.69,3004.35,658.34
06-02-2008,DII,699.85,690.04,9.81,FII/FPI,2497.04,2846.88,-349.84
07-02-2008,DII,1029.32,608.31,421.01,FII/FPI,3666.14,4334.57,-668.43
09-02-2008,DII,1350.5,1140.71,209.79,FII/FPI,2799.13,1666.88,1132.25
12-02-2008,DII,676.34,571.03,105.31,FII/FPI,891.62,1214.63,-323.01
13-02-2008,DII,778.74,755.15,23.59,FII/FPI,3828.13,3818.73,9.4
14-02-2008,DII,1115.45,910.42,205.03,FII/FPI,3925.69,3864.7,60.99
15-02-2008,DII,948.85,810.19,138.66,FII/FPI,3286.76,3025.56,261.2
18-02-2008,DII,640.96,775.12,-134.16,FII/FPI,1519.44,1861.52,-342.08
19-02-2008,DII,1023.41,1071.7,-48.29,FII/FPI,2686.93,2357.68,329.25
20-02-2008,DII,994.98,738.8,256.18,FII/FPI,2876.67,3143.11,-266.44
21-02-2008,DII,748.8,889.48,-140.68,FII/FPI,2671.51,2462.08,209.43
22-02-2008,DII,679.11,573.62,105.49,FII/FPI,2254.02,2963.56,-709.54
25-02-2008,DII,986.13,1302.62,-316.49,FII/FPI,3164.03,2380.17,783.86
26-02-2008,DII,1250.15,738.82,511.33,FII/FPI,2327.66,2359.65,-31.99
27-02-2008,DII,1365.24,1023.89,341.35,FII/FPI,3378,3027.55,350.45
28-02-2008,DII,2096.11,1363.73,732.38,FII/FPI,3536.38,4345.48,-809.1
29-02-2008,DII,1719.28,976.49,742.79,FII/FPI,3712.39,4047.26,-334.87
01-03-2008,DII,2024.5,1497.85,526.65,FII/FPI,5409.98,5654.54,-244.56
03-03-2008,DII,1283.3,1202.83,80.47,FII/FPI,3416.87,4128.18,-711.31
04-03-2008,DII,1122.23,856.84,265.39,FII/FPI,2717.21,3110.62,-393.41
06-03-2008,DII,980.14,717.65,262.49,FII/FPI,2900.14,3920.84,-1020.7
07-03-2008,DII,1116.88,590.78,526.1,FII/FPI,3090.22,3697.14,-606.92
10-03-2008,DII,1013.86,957.11,56.75,FII/FPI,2793.65,4455.91,-1662.26
11-03-2008,DII,848.11,945.14,-97.03,FII/FPI,2430.17,2066.62,363.55
12-03-2008,DII,739.25,373.01,366.24,FII/FPI,888.39,1340.5,-452.11
13-03-2008,DII,1173.42,1116.98,56.44,FII/FPI,3676.08,3784.58,-108.5
14-03-2008,DII,1105.08,1004.75,100.33,FII/FPI,3396.6,3754.6,-358
17-03-2008,DII,1127.88,916.4,211.48,FII/FPI,3738.31,4396.53,-658.22
18-03-2008,DII,1116.35,939.02,177.33,FII/FPI,4488.64,5499.69,-1011.05
19-03-2008,DII,1629.04,1486.85,142.19,FII/FPI,3828.16,3797.62,30.54
24-03-2008,DII,836.61,1089.88,-253.27,FII/FPI,2884.39,2508.26,376.13
25-03-2008,DII,1413.7,1013.73,399.97,FII/FPI,5020.45,3774.33,1246.12
26-03-2008,DII,1063.92,1172.57,-108.65,FII/FPI,3133.5,2739.59,393.91
27-03-2008,DII,1785.81,1445.97,339.84,FII/FPI,4806.56,4558.58,247.98
28-03-2008,DII,1643.62,914.12,729.5,FII/FPI,3062.5,3464.45,-401.95
31-03-2008,DII,1880.72,1314.69,566.03,FII/FPI,2959.05,3824.84,-865.79
01-04-2008,DII,1952.45,1445.6,506.85,FII/FPI,4542.3,4526.29,16.01
02-04-2008,DII,1644.83,913,731.83,FII/FPI,3341.15,3177.41,163.74
03-04-2008,DII,1145.71,975.48,170.23,FII/FPI,3553.38,4065.71,-512.33
04-04-2008,DII,1375.67,795.83,579.84,FII/FPI,2827.05,3675.62,-848.57
06-04-2008,DII,1221.85,802.04,419.81,FII/FPI,3035.54,4234.34,-1198.8
07-04-2008,DII,685.58,782.6,-97.02,FII/FPI,2913.7,2541.35,372.35
08-04-2008,DII,826.93,873.9,-46.97,FII/FPI,1808.44,2316.25,-507.81
09-04-2008,DII,1043.16,612.05,431.11,FII/FPI,2604.19,3207.47,-603.28
11-04-2008,DII,784.89,959.09,-174.2,FII/FPI,1954.28,1969.89,-15.61
12-04-2008,DII,684.63,605.39,79.24,FII/FPI,1707.29,1400.15,307.14
15-04-2008,DII,738.61,725.34,13.27,FII/FPI,3525.96,3582.48,-56.52
16-04-2008,DII,917.28,1007.36,-90.08,FII/FPI,2936.94,2986.83,-49.89
17-04-2008,DII,1050.23,1110.1,-59.87,FII/FPI,4044.04,3446.51,597.53
21-04-2008,DII,947.7,836.12,111.58,FII/FPI,2855.94,2686.28,169.66
22-04-2008,DII,1048.15,1167.69,-119.54,FII/FPI,2687.64,2394.68,292.96
23-04-2008,DII,1094.35,1024.31,70.04,FII/FPI,2736.2,3217.13,-480.93
24-04-2008,DII,1358.92,916.04,442.88,FII/FPI,3625.42,4384.58,-759.16
25-04-2008,DII,898.11,973.58,-75.47,FII/FPI,3384.83,3071.74,313.09
28-04-2008,DII,918.44,1085.05,-166.61,FII/FPI,2509.42,2547.75,-38.33
29-04-2008,DII,1709.68,1306.41,403.27,FII/FPI,3923.73,3691.55,232.18
30-04-2008,DII,1289.73,1328.31,-38.58,FII/FPI,3414.15,3565.83,-151.68
02-05-2008,DII,829.99,965.15,-135.16,FII/FPI,2798.8,2487.02,311.78
03-05-2008,DII,1043.63,1175.31,-131.68,FII/FPI,2790.24,3075.27,-285.03
05-05-2008,DII,1201.17,744.01,457.16,FII/FPI,2763.17,2999.98,-236.81
06-05-2008,DII,1506.98,936.95,570.03,FII/FPI,3803.35,5221.69,-1418.34
08-05-2008,DII,1342.35,1054.95,287.4,FII/FPI,4202.83,4600.5,-397.67
09-05-2008,DII,1271.8,787.03,484.77,FII/FPI,1620.66,3477.66,-1857
11-05-2008,DII,1116.84,1285.59,-168.75,FII/FPI,2413.13,2196.73,216.4
12-05-2008,DII,410.13,594.15,-184.02,FII/FPI,1139.12,1143.64,-4.52
13-05-2008,DII,1363.12,1096.62,266.5,FII/FPI,2990.62,2916.69,73.93
14-05-2008,DII,1209.49,899.08,310.41,FII/FPI,2623.16,2538.04,85.12
15-05-2008,DII,1462.48,1099.37,363.11,FII/FPI,3165.1,2458.22,706.88
16-05-2008,DII,1082.16,690.06,392.1,FII/FPI,2867.15,2391.28,475.87
20-05-2008,DII,991.94,991.55,0.39,FII/FPI,3233.35,3553.85,-320.5
21-05-2008,DII,1404.08,951.42,452.66,FII/FPI,2849,3625.63,-776.63
22-05-2008,DII,1345.33,930.17,415.16,FII/FPI,2226.7,2764.05,-537.35
23-05-2008,DII,1413.72,663.69,750.03,FII/FPI,2311.52,2965.83,-654.31
26-05-2008,DII,1494.94,652.89,842.05,FII/FPI,1915.51,3252.84,-1337.33
27-05-2008,DII,1259.46,729.77,529.69,FII/FPI,2252.41,2749.02,-496.61
28-05-2008,DII,1382.85,854.87,527.98,FII/FPI,3184.92,4068.15,-883.23
29-05-2008,DII,2033.12,1335.12,698,FII/FPI,4242.32,5519.95,-1277.63
30-05-2008,DII,1748.84,1018.91,729.93,FII/FPI,4072.09,3965.71,106.38
02-06-2008,DII,1368,1010.68,357.32,FII/FPI,2252.16,2738.1,-485.94
05-06-2008,DII,1177.86,882.51,295.35,FII/FPI,3079.65,3895.26,-815.61
06-06-2008,DII,1089.55,689.4,400.15,FII/FPI,2760.42,2683.77,76.65
08-06-2008,DII,1118.92,1923.28,-804.36,FII/FPI,4925.61,3109.87,1815.74
10-06-2008,DII,1545.99,884.99,661,FII/FPI,2051.23,3220.56,-1169.33
11-06-2008,DII,925.59,574.02,351.57,FII/FPI,1479.54,1991.07,-511.53
13-06-2008,DII,1086.03,628.7,457.33,FII/FPI,2724.95,2841.46,-116.51
16-06-2008,DII,794.64,501.59,293.05,FII/FPI,2297.68,2845.52,-547.84
17-06-2008,DII,1008.21,588.13,420.08,FII/FPI,2463.2,2320.84,142.36
18-06-2008,DII,791.87,598.23,193.64,FII/FPI,2471.36,2906.36,-435
19-06-2008,DII,680.39,539.32,141.07,FII/FPI,1656.1,2254.46,-598.36
20-06-2008,DII,1131.3,567.44,563.86,FII/FPI,2450.96,3450.27,-999.31
23-06-2008,DII,764.63,672.88,91.75,FII/FPI,2262.79,2928.35,-665.56
24-06-2008,DII,1055.86,579.92,475.94,FII/FPI,3367.35,3277.29,90.06
25-06-2008,DII,1325.81,795.94,529.87,FII/FPI,2746.3,3110.01,-363.71
26-06-2008,DII,1414.07,1018.43,395.64,FII/FPI,4234.28,4901.47,-667.19
27-06-2008,DII,1281.82,976.11,305.71,FII/FPI,3301.47,4004.58,-703.11
30-06-2008,DII,1312.15,587.97,724.18,FII/FPI,2930.6,3139.26,-208.66
01-07-2008,DII,1806.64,1479,327.64,FII/FPI,3932.09,5475.53,-1543.44
02-07-2008,DII,994.01,763.31,230.7,FII/FPI,2141.67,3002.02,-860.35
03-07-2008,DII,1293.36,1360.15,-66.79,FII/FPI,4879.81,4366.77,513.04
04-07-2008,DII,906.1,660.17,245.93,FII/FPI,3166.17,2820.13,346.04
05-07-2008,DII,1039.31,804.48,234.83,FII/FPI,3387.92,3299.62,88.3
07-07-2008,DII,743.71,667.81,75.9,FII/FPI,1668.6,2108.17,-439.57
08-07-2008,DII,735.76,711.66,24.1,FII/FPI,2338.41,2561.6,-223.19
10-07-2008,DII,1522.85,974.56,548.29,FII/FPI,2737,3417.42,-680.42
11-07-2008,DII,326.16,473.24,-147.08,FII/FPI,1255.65,1274.92,-19.27
14-07-2008,DII,623.64,686.89,-63.25,FII/FPI,1855.3,2291.82,-436.52
15-07-2008,DII,1018.74,735.34,283.4,FII/FPI,2298.93,3001.63,-702.7
16-07-2008,DII,755.95,741.83,14.12,FII/FPI,2688.43,2917.43,-229
17-07-2008,DII,996.16,828.14,168.02,FII/FPI,2774.51,2464.06,310.45
18-07-2008,DII,1000.27,1070.74,-70.47,FII/FPI,2891.83,2483.62,408.21
21-07-2008,DII,944.22,1175.18,-230.96,FII/FPI,2145.34,2207.56,-62.22
22-07-2008,DII,1368.14,1106.53,261.61,FII/FPI,2113.75,2711.1,-597.35
23-07-2008,DII,1920.08,2795.3,-875.22,FII/FPI,5749.67,4443.11,1306.56
24-07-2008,DII,1075.39,1685.07,-609.68,FII/FPI,3713.76,3441.4,272.36
25-07-2008,DII,1108.77,1411.18,-302.41,FII/FPI,2916.66,3482.39,-565.73
28-07-2008,DII,1084.7,628.03,456.67,FII/FPI,1631.81,2353.71,-721.9
29-07-2008,DII,811.16,1065.75,-254.59,FII/FPI,2207.8,2746.07,-538.27
30-07-2008,DII,1536,863.88,672.12,FII/FPI,2266,2894.47,-628.47
31-07-2008,DII,1428.76,1108.19,320.57,FII/FPI,3815.27,3320.4,494.87
01-08-2008,DII,1630.66,1538.58,92.08,FII/FPI,5352.37,4781.72,570.65
02-08-2008,DII,1106.6,913.62,192.98,FII/FPI,2687.06,3484.31,-797.25
04-08-2008,DII,1087.03,639.24,447.79,FII/FPI,2611.91,2604.64,7.27
05-08-2008,DII,1344.41,734.9,609.51,FII/FPI,2529.43,3253.92,-724.49
07-08-2008,DII,863.73,436.46,427.27,FII/FPI,1873.67,2199.94,-326.27
08-08-2008,DII,846.77,830.48,16.29,FII/FPI,1947.8,2090.02,-142.22
09-08-2008,DII,805.68,938.3,-132.62,FII/FPI,3155.98,2902.55,253.43
10-08-2008,DII,2060.01,976.45,1083.56,FII/FPI,3016.37,4071.88,-1055.51
12-08-2008,DII,619.06,1236.11,-617.05,FII/FPI,1670.12,1319.78,350.34
13-08-2008,DII,892.39,666.27,226.12,FII/FPI,1712.37,2627.95,-915.58
14-08-2008,DII,812.05,788.73,23.32,FII/FPI,1752.94,2326.92,-573.98
18-08-2008,DII,633.35,504.44,128.91,FII/FPI,1682.95,2158.45,-475.5
19-08-2008,DII,500.74,486.18,14.56,FII/FPI,1146.65,1863,-716.35
20-08-2008,DII,575.42,369.82,205.6,FII/FPI,1724.89,2172.23,-447.34
21-08-2008,DII,757.15,412.26,344.89,FII/FPI,1165.72,1711.43,-545.71
22-08-2008,DII,858.77,408.38,450.39,FII/FPI,1624.02,1863.26,-239.24
25-08-2008,DII,538.85,442.59,96.26,FII/FPI,1289.21,1226.29,62.92
26-08-2008,DII,764.89,487.97,276.92,FII/FPI,1418.91,1990.95,-572.04
27-08-2008,DII,757.28,594.01,163.27,FII/FPI,1751.75,1784.24,-32.49
28-08-2008,DII,1260.3,869.68,390.62,FII/FPI,3306.44,3493.63,-187.19
29-08-2008,DII,975.75,694.68,281.07,FII/FPI,2598.5,2963.11,-364.61
01-09-2008,DII,1206,1120.49,85.51,FII/FPI,4465.9,4857.93,-392.03
04-09-2008,DII,1049.51,573.7,475.81,FII/FPI,2039.54,2346.81,-307.27
05-09-2008,DII,1261.4,1081.24,180.16,FII/FPI,3304.2,3923.54,-619.34
06-09-2008,DII,1842.1,811.84,1030.26,FII/FPI,2546.86,3891.53,-1344.67
07-09-2008,DII,825.04,685.82,139.22,FII/FPI,2501.15,2936.69,-435.54
09-09-2008,DII,774.31,668.04,106.27,FII/FPI,1748.71,2140.24,-391.53
15-09-2008,DII,1921.85,593.71,1328.14,FII/FPI,2470.6,3233.62,-763.02
16-09-2008,DII,1368.69,756.33,612.36,FII/FPI,3071.9,4375.31,-1303.41
17-09-2008,DII,1433.38,484.45,948.93,FII/FPI,3578.68,4642.85,-1064.17
18-09-2008,DII,1849.8,657.6,1192.2,FII/FPI,6870.52,8072.16,-1201.64
19-09-2008,DII,1360.13,1316.22,43.91,FII/FPI,6609.58,5593.4,1016.18
22-09-2008,DII,811.29,1017.41,-206.12,FII/FPI,3194,3055.79,138.21
23-09-2008,DII,811.74,742.97,68.77,FII/FPI,1928.93,2853.33,-924.4
24-09-2008,DII,1037.16,866.98,170.18,FII/FPI,3352.72,3847.12,-494.4
25-09-2008,DII,1496.58,890.99,605.59,FII/FPI,4223.52,5273.9,-1050.38
26-09-2008,DII,1223.46,679.89,543.57,FII/FPI,2731.7,3374.74,-643.04
29-09-2008,DII,1338.58,783.76,554.82,FII/FPI,3392.16,3869.1,-476.94
30-09-2008,DII,1250.43,856.32,394.11,FII/FPI,4122.69,4108.53,14.16
01-10-2008,DII,1751.98,1363.25,388.73,FII/FPI,4104.09,4357.43,-253.34
03-10-2008,DII,1878.29,1119.5,758.79,FII/FPI,4333.84,5581.88,-1248.04
04-10-2008,DII,1286.24,691.76,594.48,FII/FPI,2532.8,2995.14,-462.34
06-10-2008,DII,1473.2,1176.81,296.39,FII/FPI,3310.16,4220.32,-910.16
07-10-2008,DII,562.1,674.56,-112.46,FII/FPI,1896.89,2448.56,-551.67
09-10-2008,DII,1173.15,680.59,492.56,FII/FPI,2546.92,3584.2,-1037.28
10-10-2008,DII,2841.44,1096.76,1744.68,FII/FPI,3880.08,6393.82,-2513.74
11-10-2008,DII,998.28,620.62,377.66,FII/FPI,1659.7,1567.37,92.33
12-10-2008,DII,808.69,867.7,-59.01,FII/FPI,2603.96,1653.31,950.65
13-10-2008,DII,1301.06,718.75,582.31,FII/FPI,2864.1,3924.7,-1060.6
14-10-2008,DII,859.71,1112.08,-252.37,FII/FPI,3829.76,2931.51,898.25
15-10-2008,DII,1472.38,802.42,669.96,FII/FPI,1887.99,2918.78,-1030.79
16-10-2008,DII,1465.47,727.7,737.77,FII/FPI,2310.01,3470.64,-1160.63
17-10-2008,DII,1363.16,650.39,712.77,FII/FPI,2308.4,3223.94,-915.54
20-10-2008,DII,775.83,559.4,216.43,FII/FPI,1934.53,2751.32,-816.79
21-10-2008,DII,1510.64,626.88,883.76,FII/FPI,2369.09,2627.51,-258.42
22-10-2008,DII,969.84,565.79,404.05,FII/FPI,1722.32,2266.27,-543.95
23-10-2008,DII,1269.1,649.19,619.91,FII/FPI,1971.52,2783.21,-811.69
24-10-2008,DII,1393.99,879.73,514.26,FII/FPI,2253.1,3684.66,-1431.56
27-10-2008,DII,1414.57,498.39,916.18,FII/FPI,1683.23,2710.53,-1027.3
28-10-2008,DII,33.99,9.21,24.78,FII/FPI,98.02,167.2,-69.18
29-10-2008,DII,1410.76,671.1,739.66,FII/FPI,2684.02,3990.37,-1306.35
31-10-2008,DII,1184.64,1300.74,-116.1,FII/FPI,4129.22,2892.01,1237.21
01-11-2008,DII,1298.51,1296.59,1.92,FII/FPI,3807.29,3699.89,107.4
02-11-2008,DII,1350.58,1372.85,-22.27,FII/FPI,5248.04,6516.71,-1268.67
03-11-2008,DII,1433.67,1130.31,303.36,FII/FPI,4541.54,5080.78,-539.24
04-11-2008,DII,1067.31,741.27,326.04,FII/FPI,2606.18,2779.18,-173
06-11-2008,DII,1158.45,611.98,546.47,FII/FPI,3768.09,3985.36,-217.27
07-11-2008,DII,933.74,719,214.74,FII/FPI,2253.62,2721.29,-467.67
08-11-2008,DII,1162.37,657.07,505.3,FII/FPI,2930.77,2650.16,280.61
09-11-2008,DII,1287.47,700.88,586.59,FII/FPI,2232.48,3739.44,-1506.96
11-11-2008,DII,854.95,625.83,229.12,FII/FPI,1349.1,1720.05,-370.95
12-11-2008,DII,774.35,789.72,-15.37,FII/FPI,2051.21,1607.03,444.18
14-11-2008,DII,645.7,670.85,-25.15,FII/FPI,2111.78,2923.3,-811.52
17-11-2008,DII,691.46,869.69,-178.23,FII/FPI,1583.66,2104.82,-521.16
18-11-2008,DII,947.18,488.58,458.6,FII/FPI,1118.71,1560.3,-441.59
19-11-2008,DII,836.97,641.26,195.71,FII/FPI,1845.35,2110.33,-264.98
20-11-2008,DII,1002.66,575.71,426.95,FII/FPI,998.23,1761.17,-762.94
21-11-2008,DII,814.41,768.19,46.22,FII/FPI,1081.08,1786.64,-705.56
24-11-2008,DII,804.31,579.41,224.9,FII/FPI,1051.76,1612.59,-560.83
25-11-2008,DII,758.55,603.46,155.09,FII/FPI,1394.65,1556.53,-161.88
26-11-2008,DII,852.09,490.04,362.05,FII/FPI,1298.95,1715.77,-416.82
28-11-2008,DII,1208.85,587.61,621.24,FII/FPI,2027.21,1858.67,168.54
02-12-2008,DII,1202.97,851.81,351.16,FII/FPI,3161.79,3659.85,-498.06
03-12-2008,DII,752.32,1280.38,-528.06,FII/FPI,3962.67,3834.73,127.94
05-12-2008,DII,909.89,668.88,241.01,FII/FPI,2322.01,2532.58,-210.57
06-12-2008,DII,1135.43,634.99,500.44,FII/FPI,3164.42,4375.62,-1211.2
08-12-2008,DII,1151.5,1159.15,-7.65,FII/FPI,2445.6,3132.79,-687.19
09-12-2008,DII,1273.64,578.23,695.41,FII/FPI,2377.28,3874.95,-1497.67
11-12-2008,DII,779.15,563.67,215.48,FII/FPI,1040.97,1776.11,-735.14
12-12-2008,DII,886.49,560.68,325.81,FII/FPI,1520,1536.52,-16.52
15-12-2008,DII,836.32,793.6,42.72,FII/FPI,1775.65,1545.17,230.48
16-12-2008,DII,816.46,855.86,-39.4,FII/FPI,1620.3,1613.88,6.42
17-12-2008,DII,927.03,1024.85,-97.82,FII/FPI,2298.15,2486.8,-188.65
18-12-2008,DII,967.78,1323.77,-355.99,FII/FPI,2151.95,2185.12,-33.17
19-12-2008,DII,1238.55,827.7,410.85,FII/FPI,2161.37,1782.94,378.43
22-12-2008,DII,733.17,525.62,207.55,FII/FPI,960.14,1151.63,-191.49
23-12-2008,DII,705.49,617.31,88.18,FII/FPI,657.34,921.39,-264.05
24-12-2008,DII,1197.12,583.14,613.98,FII/FPI,1091.26,1235.52,-144.26
26-12-2008,DII,582.66,589.61,-6.95,FII/FPI,207.09,552,-344.91
29-12-2008,DII,683.76,440.55,243.21,FII/FPI,819.26,814.84,4.42
30-12-2008,DII,699.73,324.08,375.65,FII/FPI,885.05,670.1,214.95
31-12-2008,DII,810.4,436.44,373.96,FII/FPI,588.79,506.94,81.85
01-01-2009,DII,598.23,437.82,160.41,FII/FPI,260.28,168.24,92.04
04-01-2009,DII,622.22,610.62,11.6,FII/FPI,1688.99,1515.24,173.75
06-01-2009,DII,1660.4,1857.14,-196.74,FII/FPI,3595.98,3316.31,279.67
07-01-2009,DII,899.91,976.29,-76.38,FII/FPI,1439.39,1253.81,185.58
09-01-2009,DII,1759.07,1392.18,366.89,FII/FPI,2444.21,3080.15,-635.94
10-01-2009,DII,1326.97,1658.6,-331.63,FII/FPI,4334.59,3358.13,976.46
12-01-2009,DII,1149.17,1274.24,-125.07,FII/FPI,2951.44,2372.35,579.09
13-01-2009,DII,825.63,673.05,152.58,FII/FPI,1598.79,1944.57,-345.78
14-01-2009,DII,551.96,540.98,10.98,FII/FPI,1655.45,1564.01,91.44
15-01-2009,DII,838.22,663.1,175.12,FII/FPI,1326.66,1810.99,-484.33
16-01-2009,DII,877.88,477.15,400.73,FII/FPI,803.68,1389.09,-585.41
19-01-2009,DII,544.52,268.55,275.97,FII/FPI,769.63,1133,-363.37
20-01-2009,DII,714.31,529.26,185.05,FII/FPI,786.51,1094.66,-308.15
21-01-2009,DII,927.22,644.49,282.73,FII/FPI,863.51,1650.13,-786.62
22-01-2009,DII,671.53,667.57,3.96,FII/FPI,1232.91,1537.36,-304.45
23-01-2009,DII,1078.06,874.08,203.98,FII/FPI,957.65,1480.56,-522.91
27-01-2009,DII,940.64,801,139.64,FII/FPI,1348.99,1577.55,-228.56
28-01-2009,DII,1259.91,658.03,601.88,FII/FPI,1539.53,1756.85,-217.32
29-01-2009,DII,1529.16,949.05,580.11,FII/FPI,2066.04,2150.68,-84.64
30-01-2009,DII,1132.93,734.54,398.39,FII/FPI,1301.52,1365.67,-64.15
01-02-2009,DII,910.03,671.51,238.52,FII/FPI,842.3,721.12,121.18
02-02-2009,DII,642.06,803.44,-161.38,FII/FPI,1239.19,1364.87,-125.68
03-02-2009,DII,856.33,522.2,334.13,FII/FPI,825.22,1405.65,-580.43
04-02-2009,DII,1507.66,1252.95,254.71,FII/FPI,2709.2,2017.64,691.56
06-02-2009,DII,1615.88,2040.02,-424.14,FII/FPI,3757.39,3990.68,-233.29
07-02-2009,DII,1522.07,1309.42,212.65,FII/FPI,2256.64,2009.38,247.26
12-02-2009,DII,1560.79,1774.43,-213.64,FII/FPI,3535.72,2650.07,885.65
13-02-2009,DII,774.71,558.34,216.37,FII/FPI,1233.91,1247.06,-13.15
16-02-2009,DII,757.48,567.96,189.52,FII/FPI,1119.75,1165.08,-45.33
17-02-2009,DII,961.38,682.96,278.42,FII/FPI,1125.52,1587.73,-462.21
18-02-2009,DII,525.58,423.24,102.34,FII/FPI,960.41,1248.86,-288.45
19-02-2009,DII,578.54,470.1,108.44,FII/FPI,809.57,1173.05,-363.48
20-02-2009,DII,742.66,575.48,167.18,FII/FPI,956.27,1157.44,-201.17
24-02-2009,DII,778.32,419.61,358.71,FII/FPI,703.32,1134.5,-431.18
25-02-2009,DII,752.76,384.92,367.84,FII/FPI,831.33,1215.7,-384.37
26-02-2009,DII,1196.69,852.16,344.53,FII/FPI,1613.09,1887.03,-273.94
27-02-2009,DII,1181.59,532.33,649.26,FII/FPI,1824.15,2287.18,-463.03
02-03-2009,DII,704.56,712.31,-7.75,FII/FPI,1137.8,1416.69,-278.89
03-03-2009,DII,904.94,381.37,523.57,FII/FPI,641.28,1382.61,-741.33
06-03-2009,DII,1428.23,1375.34,52.89,FII/FPI,3350.36,3317.56,32.8
07-03-2009,DII,1178.03,879.45,298.58,FII/FPI,1985.55,1774.73,210.82
08-03-2009,DII,884.72,823.71,61.01,FII/FPI,1748.87,1401.86,347.01
09-03-2009,DII,1381.35,998.86,382.49,FII/FPI,1924.3,1996.99,-72.69
11-03-2009,DII,2159.11,1407.16,751.95,FII/FPI,2839.92,3714.18,-874.26
12-03-2009,DII,1129.83,1329.74,-199.91,FII/FPI,2340.48,2006.41,334.07
13-03-2009,DII,1076.65,683.97,392.68,FII/FPI,2187.88,1888.65,299.23
16-03-2009,DII,810.18,556.79,253.39,FII/FPI,1318.24,1420.58,-102.34
17-03-2009,DII,657.66,810.36,-152.7,FII/FPI,1602.29,1187.17,415.12
18-03-2009,DII,1189.44,663.1,526.34,FII/FPI,1719.9,1497.76,222.14
19-03-2009,DII,622.57,641.32,-18.75,FII/FPI,1298.13,1275.13,23
20-03-2009,DII,600.9,694.93,-94.03,FII/FPI,1108.73,1257.91,-149.18
23-03-2009,DII,1177.45,800.94,376.51,FII/FPI,1466.95,1090.72,376.23
24-03-2009,DII,1290.55,1483.54,-192.99,FII/FPI,2077.6,1575.84,501.76
25-03-2009,DII,851.64,842.72,8.92,FII/FPI,1832.55,1483.9,348.65
26-03-2009,DII,1452.36,1914.23,-461.87,FII/FPI,3517.12,2226.38,1290.74
27-03-2009,DII,816.61,773.63,42.98,FII/FPI,1906.29,1825.86,80.43
30-03-2009,DII,929.48,978.86,-49.38,FII/FPI,1422.45,1874.77,-452.32
31-03-2009,DII,2120.72,1081.65,1039.07,FII/FPI,1674.34,2257.99,-583.65
02-04-2009,DII,792.64,508.64,284,FII/FPI,1253.86,1280.94,-27.08
03-04-2009,DII,692.02,573.16,118.86,FII/FPI,889.13,1383.35,-494.22
05-04-2009,DII,1155.64,1248.24,-92.6,FII/FPI,3764.58,2347.3,1417.28
06-04-2009,DII,1352.23,1882.43,-530.2,FII/FPI,3527.7,3062.36,465.34
08-04-2009,DII,1487.37,1234.08,253.29,FII/FPI,2707.94,2488.84,219.1
09-04-2009,DII,986.9,992.25,-5.35,FII/FPI,1912.07,2311.99,-399.92
11-04-2009,DII,1723.15,1165.96,557.19,FII/FPI,2676.48,2442.17,234.31
12-04-2009,DII,1036.44,1093.08,-56.64,FII/FPI,2029.41,1831.27,198.14
13-04-2009,DII,844.73,996.98,-152.25,FII/FPI,2041.24,1460.75,580.49
15-04-2009,DII,1646.8,1356.58,290.22,FII/FPI,3893.83,3209.33,684.5
16-04-2009,DII,839.7,1963.94,-1124.24,FII/FPI,3101.83,2622.74,479.09
17-04-2009,DII,1410.38,1227.68,182.7,FII/FPI,2488.25,1818.4,669.85
20-04-2009,DII,956.63,847.73,108.9,FII/FPI,1812.02,1463.97,348.05
21-04-2009,DII,827.16,1014.85,-187.69,FII/FPI,1467.71,1658.72,-191.01
22-04-2009,DII,1005.99,923.74,82.25,FII/FPI,1406.05,1406.88,-0.83
23-04-2009,DII,1122.86,697.03,425.83,FII/FPI,1402.94,1161.81,241.13
24-04-2009,DII,948.07,932.76,15.31,FII/FPI,1966.97,1390.2,576.77
27-04-2009,DII,1071.18,1003.12,68.06,FII/FPI,2097.57,1840.19,257.38
28-04-2009,DII,916.74,1118.89,-202.15,FII/FPI,1485.62,1742.47,-256.85
29-04-2009,DII,1124.76,1528.75,-403.99,FII/FPI,2853.31,2488.08,365.23
01-05-2009,DII,982.13,761.31,220.82,FII/FPI,1714.63,1245.07,469.56
02-05-2009,DII,419.64,520.36,-100.72,FII/FPI,1211.65,1238.62,-26.97
03-05-2009,DII,1127.91,648.87,479.04,FII/FPI,1533.35,2124.27,-590.92
05-05-2009,DII,958.99,1088.84,-129.85,FII/FPI,2862.56,2354.05,508.51
06-05-2009,DII,1436.44,1916.57,-480.13,FII/FPI,4022.61,3190.66,831.95
08-05-2009,DII,1083.12,1107.02,-23.9,FII/FPI,1857.12,2547.65,-690.53
10-05-2009,DII,1211.39,1779.14,-567.75,FII/FPI,3735.95,4045.96,-310.01
11-05-2009,DII,1337.04,1137.54,199.5,FII/FPI,2015.84,1888.9,126.94
13-05-2009,DII,957.19,851.46,105.73,FII/FPI,6082.6,1975.64,4106.96
14-05-2009,DII,1039.62,785.32,254.3,FII/FPI,1550.33,1852.25,-301.92
15-05-2009,DII,1340.6,908.13,432.47,FII/FPI,2672.13,1688.27,983.86
18-05-2009,DII,41.62,50.03,-8.41,FII/FPI,56.91,12.27,44.64
19-05-2009,DII,2658.97,4623.16,-1964.19,FII/FPI,12405.89,7613.33,4792.56
20-05-2009,DII,2311.03,2306.04,4.99,FII/FPI,5631.8,6617.33,-985.53
21-05-2009,DII,1550.76,1922.24,-371.48,FII/FPI,3766.9,3769.04,-2.14
22-05-2009,DII,1420.21,985.68,434.53,FII/FPI,2388.69,3150.35,-761.66
25-05-2009,DII,1380.14,1182.46,197.68,FII/FPI,2380.73,1952.76,427.97
26-05-2009,DII,1154.58,1292.77,-138.19,FII/FPI,2237.63,2434.65,-197.02
27-05-2009,DII,2190.65,1505.01,685.64,FII/FPI,3957.85,3588.05,369.8
28-05-2009,DII,1942.55,2393.8,-451.25,FII/FPI,5877.39,4017.8,1859.59
29-05-2009,DII,2549.55,1676.55,873,FII/FPI,5537.57,5264.8,272.77
01-06-2009,DII,831.75,843.56,-11.81,FII/FPI,2276.4,1902.38,374.02
02-06-2009,DII,518.2,386.53,131.67,FII/FPI,1273.17,1155.94,117.23
03-06-2009,DII,672.6,373.66,298.94,FII/FPI,1788.28,2062.96,-274.68
04-06-2009,DII,948.71,1030.47,-81.76,FII/FPI,2628.42,2431.68,196.74
05-06-2009,DII,1170.85,1199.11,-28.26,FII/FPI,2799.68,2268.76,530.92
07-06-2009,DII,2663.35,1847.64,815.71,FII/FPI,2137.3,3620.33,-1483.03
08-06-2009,DII,1524.08,1266.68,257.4,FII/FPI,2509.11,2880.52,-371.41
10-06-2009,DII,1354.51,2122.08,-767.57,FII/FPI,4060.84,4217.81,-156.97
11-06-2009,DII,1347.32,1110.7,236.62,FII/FPI,3390.14,2803.12,587.02
15-06-2009,DII,1129.42,1716.05,-586.63,FII/FPI,2217.05,2628.59,-411.54
16-06-2009,DII,1351.9,1206.78,145.12,FII/FPI,2050.76,2779.27,-728.51
17-06-2009,DII,1651.15,1082.05,569.1,FII/FPI,2060.67,2424.66,-363.99
18-06-2009,DII,1878.4,1339.51,538.89,FII/FPI,2037.96,2622.83,-584.87
19-06-2009,DII,1558.05,1144.85,413.2,FII/FPI,1848.44,1877.52,-29.08
22-06-2009,DII,1349.44,935.7,413.74,FII/FPI,1586.64,1886.93,-300.29
23-06-2009,DII,1701.44,1383.02,318.42,FII/FPI,1917.65,2572.62,-654.97
24-06-2009,DII,1661.94,933.68,728.26,FII/FPI,1551.93,2343.78,-791.85
25-06-2009,DII,2490.58,1372.53,1118.05,FII/FPI,4024.92,5507.74,-1482.82
26-06-2009,DII,1546.78,1212.83,333.95,FII/FPI,2512.02,1960.88,551.14
29-06-2009,DII,1371.32,1227.48,143.84,FII/FPI,2390.09,2097.65,292.44
30-06-2009,DII,1697.34,1499.36,197.98,FII/FPI,2942.84,2834.96,107.88
01-07-2009,DII,1103.47,1608.96,-505.49,FII/FPI,2496.52,3607.77,-1111.25
05-07-2009,DII,832.55,790.15,42.4,FII/FPI,1874.19,1485.86,388.33
07-07-2009,DII,2021.53,1231.37,790.16,FII/FPI,2258.29,3179.68,-921.39
08-07-2009,DII,1726,1311.57,414.43,FII/FPI,1925.66,2976.47,-1050.81
09-07-2009,DII,1457.03,1307.07,149.96,FII/FPI,3001.83,1941.21,1060.62
10-07-2009,DII,1668.72,1367.12,301.6,FII/FPI,4007.09,3372.55,634.54
12-07-2009,DII,1113.79,1299.04,-185.25,FII/FPI,1898.86,2090.36,-191.5
13-07-2009,DII,1555.53,813.27,742.26,FII/FPI,1360.52,1919.75,-559.23
14-07-2009,DII,1092.83,892.54,200.29,FII/FPI,1778.09,1690.86,87.23
15-07-2009,DII,1261.15,988.18,272.97,FII/FPI,2134.55,1879.09,255.46
16-07-2009,DII,1266.13,1301.15,-35.02,FII/FPI,2516.6,2484.23,32.37
17-07-2009,DII,1709.76,1174.4,535.36,FII/FPI,2786.83,2644.68,142.15
20-07-2009,DII,1473.82,1321.97,151.85,FII/FPI,2498.66,1935.46,563.2
21-07-2009,DII,1216.88,1224.32,-7.44,FII/FPI,2392.5,2643.36,-250.86
22-07-2009,DII,1314.55,1539.13,-224.58,FII/FPI,2811.89,2745.05,66.84
23-07-2009,DII,1408.89,1443.05,-34.16,FII/FPI,5116.02,4604.08,511.94
24-07-2009,DII,1302.52,1509.07,-206.55,FII/FPI,3061.7,2398.68,663.02
27-07-2009,DII,1381.31,1660.28,-278.97,FII/FPI,2946.97,2507.43,439.54
28-07-2009,DII,1682.61,1234.39,448.22,FII/FPI,3459.31,3518.07,-58.76
29-07-2009,DII,1703.66,1577.43,126.23,FII/FPI,2533.12,2701.91,-168.79
30-07-2009,DII,1962.92,2249.59,-286.67,FII/FPI,4759.84,4393.03,366.81
31-07-2009,DII,1642.11,1326,316.11,FII/FPI,2875.31,2293.19,582.12
04-08-2009,DII,869.6,1247.82,-378.22,FII/FPI,3750.95,3177.62,573.33
05-08-2009,DII,895.29,984.68,-89.39,FII/FPI,3108.57,3209.46,-100.89
06-08-2009,DII,1019.38,1895.3,-875.92,FII/FPI,2424.2,2438.67,-14.47
07-08-2009,DII,1983.81,1389.74,594.07,FII/FPI,2002.64,2830.65,-828.01
09-08-2009,DII,1605.64,1399.39,206.25,FII/FPI,3907.76,2916.01,991.75
10-08-2009,DII,1810.13,1830.96,-20.83,FII/FPI,4090.81,4466.81,-376
12-08-2009,DII,1087.3,1591.28,-503.98,FII/FPI,2809.96,1966.78,843.18
13-08-2009,DII,1285.34,1102.49,182.85,FII/FPI,2698.97,2068.03,630.94
14-08-2009,DII,1220.88,777.14,443.74,FII/FPI,1535.22,1661.32,-126.1
17-08-2009,DII,1744.91,1284.59,460.32,FII/FPI,1583.39,2809.88,-1226.49
18-08-2009,DII,1327.46,860.02,467.44,FII/FPI,1658.39,2380.23,-721.84
19-08-2009,DII,867.91,784.14,83.77,FII/FPI,1992.12,2614.18,-622.06
20-08-2009,DII,1343.26,853.84,489.42,FII/FPI,1766.64,2204.83,-438.19
21-08-2009,DII,1069.99,974.27,95.72,FII/FPI,2414.84,1882.04,532.8
24-08-2009,DII,1338.32,1063.26,275.06,FII/FPI,2489.5,1777.96,711.54
25-08-2009,DII,1445.19,1008.6,436.59,FII/FPI,1930.59,2189.73,-259.14
26-08-2009,DII,1612.74,1484.09,128.65,FII/FPI,2289.71,1911.17,378.54
27-08-2009,DII,1772.3,1743.08,29.22,FII/FPI,2920.51,2961.98,-41.47
28-08-2009,DII,1340.7,1335.24,5.46,FII/FPI,2128.65,1574.34,554.31
31-08-2009,DII,1370.83,1352.18,18.65,FII/FPI,2573.76,2844.61,-270.85
01-09-2009,DII,1158.45,1171.71,-13.26,FII/FPI,2836.68,3187.23,-350.55
02-09-2009,DII,650.51,696.49,-45.98,FII/FPI,1290.27,1004.88,285.39
03-09-2009,DII,680.25,380.53,299.72,FII/FPI,974.01,1058.95,-84.94
04-09-2009,DII,1208.45,900.06,308.39,FII/FPI,2076.63,1905.71,170.92
06-09-2009,DII,1448.84,1592.05,-143.21,FII/FPI,3841.61,2886.3,955.31
07-09-2009,DII,1295.04,716.88,578.16,FII/FPI,2164.88,2710.43,-545.55
09-09-2009,DII,1619.41,1380.72,238.69,FII/FPI,3085.48,2892.12,193.36
10-09-2009,DII,1806.91,1720.19,86.72,FII/FPI,3127.01,3171.28,-44.27
11-09-2009,DII,1118.01,1405.27,-287.26,FII/FPI,2206.36,1728.67,477.69
12-09-2009,DII,1347.98,1329.11,18.87,FII/FPI,2055.83,2433.15,-377.32
14-09-2009,DII,1168.69,1174.8,-6.11,FII/FPI,1621.53,1665.93,-44.4
15-09-2009,DII,1541.45,1408.01,133.44,FII/FPI,2856.46,2080.36,776.1
16-09-2009,DII,1723.46,1580.01,143.45,FII/FPI,3631.16,2525.52,1105.64
17-09-2009,DII,1820.48,1634.24,186.24,FII/FPI,6122.95,3363.49,2759.46
18-09-2009,DII,1213.82,1719.2,-505.38,FII/FPI,4155.4,2669.32,1486.08
22-09-2009,DII,894.92,1434.06,-539.14,FII/FPI,2754.2,1901.47,852.73
23-09-2009,DII,1637.48,1137.01,500.47,FII/FPI,4331.49,2582.5,1748.99
24-09-2009,DII,1593.65,2210.42,-616.77,FII/FPI,5772.87,4711.35,1061.52
25-09-2009,DII,1175.86,948.6,227.26,FII/FPI,2101.97,2139.69,-37.72
29-09-2009,DII,1151.69,1059.92,91.77,FII/FPI,3360.48,2645.98,714.5
30-09-2009,DII,2109.93,1950.18,159.75,FII/FPI,4281.06,3206.53,1074.53
02-10-2009,DII,471.52,588.51,-116.99,FII/FPI,1688.12,1319.16,368.96
06-10-2009,DII,2539.74,1949.86,589.88,FII/FPI,3890.44,3152.35,738.09
07-10-2009,DII,1432.58,546.45,886.13,FII/FPI,1713.69,2617.01,-903.32
08-10-2009,DII,1188.3,1102.16,86.14,FII/FPI,2539.36,3179.28,-639.92
09-10-2009,DII,1294.52,1418.19,-123.67,FII/FPI,2966.21,2498.16,468.05
11-10-2009,DII,1757.15,1574.89,182.26,FII/FPI,2995.19,2736.02,259.17
12-10-2009,DII,1255.92,1186.69,69.23,FII/FPI,2556.62,2262.58,294.04
14-10-2009,DII,1468.82,1665.73,-196.91,FII/FPI,4247,2803.22,1443.78
15-10-2009,DII,1158.78,1601.86,-443.08,FII/FPI,3900.33,3147.85,752.48
16-10-2009,DII,1466.81,1459.82,6.99,FII/FPI,3346.39,2769.61,576.78
20-10-2009,DII,1195.77,1336.57,-140.8,FII/FPI,3079.01,2803.12,275.89
21-10-2009,DII,1366.28,1657.19,-290.91,FII/FPI,2729.21,3241.02,-511.81
22-10-2009,DII,1665.04,1683.11,-18.07,FII/FPI,2540.07,3039.35,-499.28
23-10-2009,DII,1352.82,1179.83,172.99,FII/FPI,2731.87,3210.67,-478.8
26-10-2009,DII,1381.17,1552.33,-171.16,FII/FPI,2108.28,2111.02,-2.74
27-10-2009,DII,2122.23,1980.67,141.56,FII/FPI,3372.85,3921.62,-548.77
28-10-2009,DII,2127.35,1231.12,896.23,FII/FPI,2536.3,3259.96,-723.66
29-10-2009,DII,2653.79,1676.73,977.06,FII/FPI,2994.99,5541.66,-2546.67
30-10-2009,DII,2400,1807.07,592.93,FII/FPI,3966.63,3390.58,576.05
02-11-2009,DII,472.96,548.23,-75.27,FII/FPI,903.24,938,-34.76
05-11-2009,DII,700.49,717.8,-17.31,FII/FPI,1622.8,1542.92,79.88
06-11-2009,DII,1946.28,1388.14,558.14,FII/FPI,3361.27,2574.7,786.57
08-11-2009,DII,1451.61,822.74,628.87,FII/FPI,2191.36,2368.83,-177.47
09-11-2009,DII,1126.17,1420.37,-294.2,FII/FPI,2641.22,2412.45,228.77
11-11-2009,DII,1458.97,1368.45,90.52,FII/FPI,3034.51,2172.67,861.84
12-11-2009,DII,1523.92,1531.09,-7.17,FII/FPI,2156.5,1818.04,338.46
13-11-2009,DII,1076.34,1101.74,-25.4,FII/FPI,2156.51,1685.39,471.12
16-11-2009,DII,843.31,1137.95,-294.64,FII/FPI,2446.31,1901.67,544.64
17-11-2009,DII,931.18,1166.72,-235.54,FII/FPI,2376.47,1913.05,463.42
18-11-2009,DII,1091.23,1347.96,-256.73,FII/FPI,2597.45,2185.32,412.13
19-11-2009,DII,1235.81,1119.02,116.79,FII/FPI,2056.64,2515.82,-459.18
20-11-2009,DII,1314.97,1296.51,18.46,FII/FPI,2049.92,2513.81,-463.89
23-11-2009,DII,1191.3,1058.96,132.34,FII/FPI,1901.53,2069.94,-168.41
24-11-2009,DII,1210.84,1357.67,-146.83,FII/FPI,2351.23,2181.54,169.69
25-11-2009,DII,1296.35,1154.66,141.69,FII/FPI,2041.1,2372.75,-331.65
26-11-2009,DII,1929.59,1779.04,150.55,FII/FPI,2857.74,2927.94,-70.2
27-11-2009,DII,2394.92,1696.25,698.67,FII/FPI,1449.17,2506.35,-1057.18
30-11-2009,DII,1394.65,924.94,469.71,FII/FPI,2801.78,2345.67,456.11
01-12-2009,DII,1168.09,950.26,217.83,FII/FPI,1770.13,2333.7,-563.57
02-12-2009,DII,517.12,432.75,84.37,FII/FPI,891.64,1076.96,-185.32
03-12-2009,DII,725.96,498.86,227.1,FII/FPI,1863.16,2050.02,-186.86
05-12-2009,DII,1093.42,915.68,177.74,FII/FPI,2438.16,1985.98,452.18
06-12-2009,DII,1338.32,1589.03,-250.71,FII/FPI,2854.94,2385.59,469.35
08-12-2009,DII,1536.57,1345.99,190.58,FII/FPI,2260.82,2765.81,-504.99
10-12-2009,DII,1041.32,1316.2,-274.88,FII/FPI,3055.64,2092.51,963.13
11-12-2009,DII,1544.05,1652.86,-108.81,FII/FPI,2517.64,2448.88,68.76
14-12-2009,DII,1212.42,1103.5,108.92,FII/FPI,1829.1,1766.83,62.27
15-12-2009,DII,1273.19,1234.5,38.69,FII/FPI,2259.23,2265.37,-6.14
16-12-2009,DII,1381.57,1106.65,274.92,FII/FPI,2142.4,2497.65,-355.25
17-12-2009,DII,1225.62,1092.34,133.28,FII/FPI,2356.45,2163.63,192.82
18-12-2009,DII,1391.31,1060.36,330.95,FII/FPI,2227.95,2434.8,-206.85
21-12-2009,DII,1180.71,826.88,353.83,FII/FPI,1836.24,2128.18,-291.94
22-12-2009,DII,1301.03,790.44,510.59,FII/FPI,1209.27,1319.33,-110.06
23-12-2009,DII,1411.14,1398.12,13.02,FII/FPI,1922.85,1153.32,769.53
24-12-2009,DII,1197.37,1308.48,-111.11,FII/FPI,1537.81,830.98,706.83
29-12-2009,DII,979.6,976.41,3.19,FII/FPI,1452.98,1506.71,-53.73
30-12-2009,DII,1164.2,1095.09,69.11,FII/FPI,1294.94,1181.47,113.47
31-12-2009,DII,1402.79,1874.95,-472.16,FII/FPI,2625.95,2109.85,516.1
02-01-2010,DII,1130.61,930.78,199.83,FII/FPI,2035.96,2530.62,-494.66
04-01-2010,DII,1665.25,1212.92,452.33,FII/FPI,2405.62,2299.22,106.4
06-01-2010,DII,1220.02,1009.4,210.62,FII/FPI,1801.93,2328.42,-526.49
07-01-2010,DII,1153.52,1160.22,-6.7,FII/FPI,1549.36,1709.97,-160.61
09-01-2010,DII,1210.05,1041.49,168.56,FII/FPI,2683.31,2323.5,359.81
10-01-2010,DII,1594.87,2265.95,-671.08,FII/FPI,4563.5,2738.3,1825.2
11-01-2010,DII,1631.33,1702.63,-71.3,FII/FPI,3039.5,2327.69,711.81
12-01-2010,DII,1250.84,1450.69,-199.85,FII/FPI,3516.48,3024.6,491.88
13-01-2010,DII,1552.01,1429.92,122.09,FII/FPI,3530.52,3816.36,-285.84
14-01-2010,DII,2011.35,1482.23,529.12,FII/FPI,3592.26,3904.27,-312.01
15-01-2010,DII,1945.99,1265.04,680.95,FII/FPI,2010.27,2940.36,-930.09
18-01-2010,DII,993,1014.46,-21.46,FII/FPI,2577.75,2424.85,152.9
19-01-2010,DII,1396.48,1373.94,22.54,FII/FPI,2123.88,2485.55,-361.67
20-01-2010,DII,1803.72,1459.31,344.41,FII/FPI,2655.82,2927.15,-271.33
21-01-2010,DII,1810.6,1579.24,231.36,FII/FPI,2673.32,3527.07,-853.75
22-01-2010,DII,3336.17,1382.2,1953.97,FII/FPI,3068.98,5484.47,-2415.49
25-01-2010,DII,1783.82,1067.6,716.22,FII/FPI,1618.08,2620.68,-1002.6
27-01-2010,DII,3151.18,1675.77,1475.41,FII/FPI,2942.73,5155.02,-2212.29
28-01-2010,DII,3113.1,1133.52,1979.58,FII/FPI,3319.92,6132.98,-2813.06
29-01-2010,DII,2328.14,1317.12,1011.02,FII/FPI,2966.14,3962.23,-996.09
02-02-2010,DII,1047.24,1005.31,41.93,FII/FPI,2475.64,2930.65,-455.01
03-02-2010,DII,1274.08,2251.44,-977.36,FII/FPI,3759.14,2423.82,1335.32
06-02-2010,DII,1331.64,1166.48,165.16,FII/FPI,2220.86,2387.36,-166.5
07-02-2010,DII,1019.21,992.95,26.26,FII/FPI,1809.09,2114.32,-305.23
08-02-2010,DII,810.51,983.31,-172.8,FII/FPI,2639.35,1911.21,728.14
09-02-2010,DII,1056.74,1175.02,-118.28,FII/FPI,2036.77,1954.46,82.31
11-02-2010,DII,1161.49,1363.73,-202.24,FII/FPI,3334.47,2873.59,460.88
12-02-2010,DII,1317.29,1542.33,-225.04,FII/FPI,4114.46,3728.34,386.12
15-02-2010,DII,601.93,715.9,-113.97,FII/FPI,1659.38,1463.39,195.99
16-02-2010,DII,988.97,1441.71,-452.74,FII/FPI,1697.46,1311.74,385.72
17-02-2010,DII,1159.07,961.93,197.14,FII/FPI,2371.45,1851.23,520.22
18-02-2010,DII,829.52,952.19,-122.67,FII/FPI,1791.04,2142.21,-351.17
19-02-2010,DII,1075.33,1472.46,-397.13,FII/FPI,1965.83,1947.92,17.91
22-02-2010,DII,903.21,786.61,116.6,FII/FPI,1440.48,1542.06,-101.58
23-02-2010,DII,838.21,1017.95,-179.74,FII/FPI,2000.06,1449.37,550.69
24-02-2010,DII,870.45,1025.12,-154.67,FII/FPI,2354.15,1868.61,485.54
25-02-2010,DII,1698.83,1372.91,325.92,FII/FPI,2363.07,2957.85,-594.78
26-02-2010,DII,1611.02,2470.65,-859.63,FII/FPI,3542.94,2701.71,841.23
02-03-2010,DII,1003.21,1002.75,0.46,FII/FPI,2335.86,1939.73,396.13
03-03-2010,DII,1317.31,1504.02,-186.71,FII/FPI,2900.6,1941.43,959.17
05-03-2010,DII,829.57,936.58,-107.01,FII/FPI,1553.32,1940.37,-387.05
06-03-2010,DII,1103.05,1024.04,79.01,FII/FPI,2109.86,1703.64,406.22
08-03-2010,DII,948.17,1100.69,-152.52,FII/FPI,3047.36,2439.94,607.42
09-03-2010,DII,759.6,883.1,-123.5,FII/FPI,2016.26,1733.24,283.02
11-03-2010,DII,1419.67,1790.29,-370.62,FII/FPI,3224.34,2236.73,987.61
15-03-2010,DII,1048.35,1176.8,-128.45,FII/FPI,2216.71,1557.01,659.7
16-03-2010,DII,1010.94,1169.49,-158.55,FII/FPI,2013.65,1635.81,377.84
17-03-2010,DII,1350.53,1648.25,-297.72,FII/FPI,2562.73,1746.79,815.94
18-03-2010,DII,1152.47,1205.62,-53.15,FII/FPI,2458.17,1973.5,484.67
19-03-2010,DII,1416.8,1304.11,112.69,FII/FPI,2632.29,2348.04,284.25
22-03-2010,DII,1220.71,1253.85,-33.14,FII/FPI,2069.09,1766.31,302.78
23-03-2010,DII,1078.06,1151.45,-73.39,FII/FPI,2385.54,2025.79,359.75
25-03-2010,DII,1633.81,1790,-156.19,FII/FPI,5099.04,4445.82,653.22
26-03-2010,DII,1329.37,1279.96,49.41,FII/FPI,3009.29,2418.39,590.9
29-03-2010,DII,1346.85,1617.3,-270.45,FII/FPI,2950.31,1887.49,1062.82
30-03-2010,DII,1324.36,1224.25,100.11,FII/FPI,2670.32,2091.03,579.29
31-03-2010,DII,1425.37,1781.95,-356.58,FII/FPI,2778.13,2344.61,433.52
01-04-2010,DII,3726.11,1395.86,2330.25,FII/FPI,1614.83,1001.41,613.42
02-04-2010,DII,1451.5,1210.11,241.39,FII/FPI,1730.04,1885.42,-155.38
03-04-2010,DII,952.31,1588.2,-635.89,FII/FPI,2476.63,1842.82,633.81
05-04-2010,DII,858.58,1296.66,-438.08,FII/FPI,2753.83,2783.51,-29.68
06-04-2010,DII,903.52,1030.13,-126.61,FII/FPI,1962.9,1861.99,100.91
08-04-2010,DII,1016.87,1292.76,-275.89,FII/FPI,2715.7,2027.01,688.69
10-04-2010,DII,1139.91,1937.74,-797.83,FII/FPI,4193.91,2929.8,1264.11
11-04-2010,DII,2792.17,1917.82,874.35,FII/FPI,10201.95,4726.5,5475.45
13-04-2010,DII,1563.54,1310.67,252.87,FII/FPI,3285.44,3156.92,128.52
15-04-2010,DII,1222,1298.87,-76.87,FII/FPI,3928.02,3828.32,99.7
16-04-2010,DII,1038.69,1227.6,-188.91,FII/FPI,2475.96,2232.66,243.3
19-04-2010,DII,1380,810.36,569.64,FII/FPI,1606.27,2361.78,-755.51
20-04-2010,DII,1345.12,1243.84,101.28,FII/FPI,2418.67,2575.32,-156.65
21-04-2010,DII,1181.12,1155.87,25.25,FII/FPI,2730.87,2647.91,82.96
22-04-2010,DII,1608.22,1426.36,181.86,FII/FPI,3288.38,2770.08,518.3
23-04-2010,DII,1077.12,1048.03,29.09,FII/FPI,2844.92,2505.62,339.3
26-04-2010,DII,821.96,895.65,-73.69,FII/FPI,2121.55,1887.32,234.23
27-04-2010,DII,993.73,992.64,1.09,FII/FPI,2701.19,2865.48,-164.29
28-04-2010,DII,1894.25,1570.15,324.1,FII/FPI,2566.17,2697.3,-131.13
29-04-2010,DII,1402.45,1135.69,266.76,FII/FPI,3889.56,3799.12,90.44
30-04-2010,DII,1516.21,1298.6,217.61,FII/FPI,3469.23,3113.68,355.55
01-05-2010,DII,1904.87,1604.98,299.89,FII/FPI,3337.48,2367.19,970.29
02-05-2010,DII,2090.05,921.07,1168.98,FII/FPI,1517.98,3244.76,-1726.78
03-05-2010,DII,1049.16,1710.42,-661.26,FII/FPI,2623.08,1709.74,913.34
04-05-2010,DII,1392.47,989.14,403.33,FII/FPI,2374.53,1608.46,766.07
05-05-2010,DII,1832.47,1141.32,691.15,FII/FPI,2027.22,3616.9,-1589.68
08-05-2010,DII,917.46,1105.27,-187.81,FII/FPI,2845.14,2772.12,73.02
10-05-2010,DII,1021.72,1824.67,-802.95,FII/FPI,4243.32,3572.2,671.12
13-05-2010,DII,1338.01,1115.61,222.4,FII/FPI,2362.29,2377.86,-15.57
14-05-2010,DII,1296.15,1131.51,164.64,FII/FPI,2135.25,2516.67,-381.42
17-05-2010,DII,1406.98,1025.09,381.89,FII/FPI,1653,2877.29,-1224.29
18-05-2010,DII,1387.79,1061.18,326.61,FII/FPI,2154.53,2594.23,-439.7
19-05-2010,DII,1794.64,1738.29,56.35,FII/FPI,2403.76,3787.67,-1383.91
20-05-2010,DII,1847.8,1126.65,721.15,FII/FPI,2158.57,2815.8,-657.23
21-05-2010,DII,2053.48,1236.56,816.92,FII/FPI,1831.38,3371.7,-1540.32
24-05-2010,DII,1909.96,802.54,1107.42,FII/FPI,2262.37,3257.69,-995.32
25-05-2010,DII,1810.67,1404.55,406.12,FII/FPI,1761.74,3225.93,-1464.19
26-05-2010,DII,1226.52,1161.66,64.86,FII/FPI,3668.51,3835.17,-166.66
27-05-2010,DII,1669.13,1258.69,410.44,FII/FPI,3924.39,4457.46,-533.07
28-05-2010,DII,1206.09,863.46,342.63,FII/FPI,2510.01,2100.33,409.68
31-05-2010,DII,902.78,976.55,-73.77,FII/FPI,2301.28,1714.77,586.51
01-06-2010,DII,1564.46,1850.56,-286.1,FII/FPI,3380.3,2719.75,660.55
04-06-2010,DII,1400.46,1319.39,81.07,FII/FPI,2361.15,2099.45,261.7
05-06-2010,DII,1339.27,959.31,379.96,FII/FPI,1908.88,2846.63,-937.75
07-06-2010,DII,934.75,1018.96,-84.21,FII/FPI,1919.42,1577.07,342.35
08-06-2010,DII,954.93,1295.52,-340.59,FII/FPI,2668.91,2003.97,664.94
09-06-2010,DII,1816.24,1424.11,392.13,FII/FPI,2750.18,1803.65,946.53
10-06-2010,DII,1724.02,2700.48,-976.46,FII/FPI,4861.39,3018.95,1842.44
12-06-2010,DII,1093.2,1407.09,-313.89,FII/FPI,2724.21,2925.83,-201.62
14-06-2010,DII,951.51,992.94,-41.43,FII/FPI,1956.64,1608.84,347.8
15-06-2010,DII,762.79,1114.25,-351.46,FII/FPI,2375.04,1784.95,590.09
16-06-2010,DII,1076.65,1247.41,-170.76,FII/FPI,2531.8,1747.88,783.92
17-06-2010,DII,827.7,1191.33,-363.63,FII/FPI,2748.7,2286.1,462.6
18-06-2010,DII,829.31,1329.07,-499.76,FII/FPI,2890.3,2110.99,779.31
21-06-2010,DII,953.21,1514.65,-561.44,FII/FPI,3218.62,1654.32,1564.3
22-06-2010,DII,1197.17,1394.16,-196.99,FII/FPI,2546.4,1570.57,975.83
23-06-2010,DII,672.34,1538.56,-866.22,FII/FPI,1842.2,1576.87,265.33
24-06-2010,DII,1299.33,2193.16,-893.83,FII/FPI,4465.02,3311.06,1153.96
25-06-2010,DII,1185.32,1631.52,-446.2,FII/FPI,1297.86,1605.48,-307.62
28-06-2010,DII,1416.11,1510.99,-94.88,FII/FPI,2219.55,1426.76,792.79
29-06-2010,DII,1148.88,1263.59,-114.71,FII/FPI,1828.26,2089.41,-261.15
30-06-2010,DII,1422.78,1573.89,-151.11,FII/FPI,3243.49,2653.61,589.88
01-07-2010,DII,1364.1,1491.51,-127.41,FII/FPI,2579.68,2487.47,92.21
04-07-2010,DII,1412.69,1436.12,-23.43,FII/FPI,3415.45,3076.67,338.78
05-07-2010,DII,1676.73,1022.38,654.35,FII/FPI,2573.13,3881.52,-1308.39
06-07-2010,DII,795.44,997.95,-202.51,FII/FPI,1625.33,2028.78,-403.45
07-07-2010,DII,1037.06,902.37,134.69,FII/FPI,1461.96,1511.2,-49.24
09-07-2010,DII,1780.21,1339.07,441.14,FII/FPI,2466.94,2487.82,-20.88
10-07-2010,DII,1128.32,2321.85,-1193.53,FII/FPI,4647.06,3464.15,1182.91
13-07-2010,DII,1382.81,2033.77,-650.96,FII/FPI,3132.49,2347.81,784.68
14-07-2010,DII,1409.91,1741.39,-331.48,FII/FPI,3481.97,2912.73,569.24
15-07-2010,DII,884.24,1472.7,-588.46,FII/FPI,2590.95,2225.86,365.09
16-07-2010,DII,1373.89,1655.81,-281.92,FII/FPI,2803.6,2127.16,676.44
19-07-2010,DII,858.39,1119.69,-261.3,FII/FPI,1886.07,1732.28,153.79
20-07-2010,DII,874.15,978.41,-104.26,FII/FPI,1635.19,1338.12,297.07
21-07-2010,DII,1106.63,1409.31,-302.68,FII/FPI,2396.89,2034.45,362.44
22-07-2010,DII,1272.39,1784.58,-512.19,FII/FPI,2269.96,2095.28,174.68
23-07-2010,DII,1383.38,1484.94,-101.56,FII/FPI,3016.34,2305.26,711.08
26-07-2010,DII,742.75,1461.62,-718.87,FII/FPI,2078.24,1881.92,196.32
27-07-2010,DII,1551.03,1773.31,-222.28,FII/FPI,2460.45,2483.25,-22.8
28-07-2010,DII,1323.91,2014.69,-690.78,FII/FPI,2820.05,2226.89,593.16
29-07-2010,DII,1430.14,2350.49,-920.35,FII/FPI,3498.33,2919.48,578.85
30-07-2010,DII,1408.94,1538.91,-129.97,FII/FPI,2666.19,2455.33,210.86
01-08-2010,DII,1624.46,1441.59,182.87,FII/FPI,3240.2,3170.82,69.38
02-08-2010,DII,1112.3,731.23,381.07,FII/FPI,1714.24,2649.79,-935.55
03-08-2010,DII,1309.36,1877.99,-568.63,FII/FPI,3284.26,2152.25,1132.01
04-08-2010,DII,1200.84,1294.46,-93.62,FII/FPI,2115.04,2052.84,62.2
06-08-2010,DII,1074.76,1033.67,41.09,FII/FPI,1730.9,1973.81,-242.91
07-08-2010,DII,1017.37,1287.94,-270.57,FII/FPI,2390.4,1433.34,957.06
09-08-2010,DII,1210.86,1309.07,-98.21,FII/FPI,2368.68,2086.72,281.96
10-08-2010,DII,923.6,1925.61,-1002.01,FII/FPI,3490.06,2903.84,586.22
11-08-2010,DII,1288.01,1759.44,-471.43,FII/FPI,4025.77,3520.23,505.54
12-08-2010,DII,1662.22,1253.17,409.05,FII/FPI,2383.76,3868.66,-1484.9
13-08-2010,DII,1625.92,1592.54,33.38,FII/FPI,2452.25,2402.1,50.15
16-08-2010,DII,1168.44,1602.35,-433.91,FII/FPI,2753.66,2353.65,400.01
17-08-2010,DII,1187.88,1588,-400.12,FII/FPI,3143.25,2739.16,404.09
18-08-2010,DII,1579.43,1692.94,-113.51,FII/FPI,3118.91,2444.39,674.52
19-08-2010,DII,1303.15,1088.06,215.09,FII/FPI,3029.9,2208.72,821.18
20-08-2010,DII,1121.91,1224.07,-102.16,FII/FPI,2611.15,1948.29,662.86
23-08-2010,DII,1249.56,1409.34,-159.78,FII/FPI,2411.85,2093.62,318.23
24-08-2010,DII,1065.24,1754.78,-689.54,FII/FPI,2509.54,2318.49,191.05
25-08-2010,DII,1159.79,1426.56,-266.77,FII/FPI,2379.88,2744.84,-364.96
27-08-2010,DII,1206.01,966.41,239.6,FII/FPI,1811.62,1919.78,-108.16
30-08-2010,DII,916.93,848.22,68.71,FII/FPI,1418.88,1234.47,184.41
31-08-2010,DII,1199.03,1794.36,-595.33,FII/FPI,3120.17,2832.29,287.88
02-09-2010,DII,1153.03,753.78,399.25,FII/FPI,1920.09,2445.36,-525.27
03-09-2010,DII,1092.9,1264.56,-171.66,FII/FPI,4202.89,2029.8,2173.09
04-09-2010,DII,1285.26,1351.72,-66.46,FII/FPI,2629.9,2396.81,233.09
06-09-2010,DII,1122.78,995.22,127.56,FII/FPI,2036.46,2292.97,-256.51
07-09-2010,DII,1458.8,1420.08,38.72,FII/FPI,3457.4,2353.32,1104.08
08-09-2010,DII,1085.3,1130.81,-45.51,FII/FPI,2381.29,1859.17,522.12
09-09-2010,DII,1581.77,1783.3,-201.53,FII/FPI,3266.19,2278.2,987.99
11-09-2010,DII,1260.86,1789.53,-528.67,FII/FPI,3652.84,3178.31,474.53
12-09-2010,DII,2235.4,1407.48,827.92,FII/FPI,3726.39,5022.69,-1296.3
13-09-2010,DII,1193.63,2154.44,-960.81,FII/FPI,4589.56,2069.68,2519.88
14-09-2010,DII,1233.86,2358.16,-1124.3,FII/FPI,4102.02,2450.6,1651.42
15-09-2010,DII,1209.6,2119.56,-909.96,FII/FPI,4892.72,2677.73,2214.99
16-09-2010,DII,1028.74,2133.99,-1105.25,FII/FPI,3487.32,2367.29,1120.03
17-09-2010,DII,1072.9,1820.14,-747.24,FII/FPI,5272.59,3753.83,1518.76
20-09-2010,DII,1157.17,1615.08,-457.91,FII/FPI,4532.44,2739.8,1792.64
21-09-2010,DII,1048.36,2308.34,-1259.98,FII/FPI,5593.7,3281.93,2311.77
22-09-2010,DII,1055.83,2029.64,-973.81,FII/FPI,4129.1,3214.33,914.77
23-09-2010,DII,872.74,1518.43,-645.69,FII/FPI,3034.99,2500.54,534.45
24-09-2010,DII,1141.44,2021.27,-879.83,FII/FPI,4254.77,3104.97,1149.8
28-09-2010,DII,1087.89,1993.21,-905.32,FII/FPI,3339.38,2766.25,573.13
29-09-2010,DII,1057.82,1893.03,-835.21,FII/FPI,3674.95,2918.58,756.37
30-09-2010,DII,1471.09,2992.72,-1521.63,FII/FPI,6428.29,3931.4,2496.89
02-10-2010,DII,1192.09,732.98,459.11,FII/FPI,2319.78,2528.4,-208.62
03-10-2010,DII,1101.78,1477.2,-375.42,FII/FPI,2713.87,2349.51,364.36
05-10-2010,DII,1405.92,1375.67,30.25,FII/FPI,3123.29,2859.33,263.96
06-10-2010,DII,1042.73,1147.92,-105.19,FII/FPI,1937.12,1692.36,244.76
08-10-2010,DII,1066.24,1606.91,-540.67,FII/FPI,3125.85,2526.52,599.33
11-10-2010,DII,1150.43,1294.14,-143.71,FII/FPI,2845.15,2877.67,-32.52
12-10-2010,DII,2124.53,1376.88,747.65,FII/FPI,3528.41,4767.66,-1239.25
13-10-2010,DII,1341.5,2696.31,-1354.81,FII/FPI,5833.71,3730.76,2102.95
14-10-2010,DII,1325.59,2019.86,-694.27,FII/FPI,3738.35,2718.48,1019.87
15-10-2010,DII,1150.44,2203.89,-1053.45,FII/FPI,2281.71,2394.46,-112.75
18-10-2010,DII,1250.96,2469.38,-1218.42,FII/FPI,3765.87,3430.08,335.79
19-10-2010,DII,1279.35,1038.65,240.7,FII/FPI,3267.69,3160.57,107.12
20-10-2010,DII,1124.16,1151.66,-27.5,FII/FPI,2428.13,2411.78,16.35
21-10-2010,DII,1539.72,1770.11,-230.39,FII/FPI,3580.48,2728.68,851.8
22-10-2010,DII,1715.12,1388.06,327.06,FII/FPI,3166.2,2582.19,584.01
25-10-2010,DII,1491.82,1877.93,-386.11,FII/FPI,2657.09,2069.89,587.2
26-10-2010,DII,1100.41,1808.59,-708.18,FII/FPI,3175.26,2693.82,481.44
27-10-2010,DII,1370.57,1888.87,-518.3,FII/FPI,2753.52,2762.59,-9.07
28-10-2010,DII,1982.5,2042.94,-60.44,FII/FPI,5496.35,6446.43,-950.08
29-10-2010,DII,1595.76,1251.36,344.4,FII/FPI,3350.23,2614.83,735.4
01-11-2010,DII,1674.68,1352.22,322.46,FII/FPI,5973.59,2932.03,3041.56
02-11-2010,DII,791.23,730.41,60.82,FII/FPI,1765.98,1554.08,211.9
03-11-2010,DII,1059.87,1262.57,-202.7,FII/FPI,2235.07,1930.2,304.87
05-11-2010,DII,988.14,965.65,22.49,FII/FPI,2452.8,2432.61,20.19
06-11-2010,DII,1212.17,1425.93,-213.76,FII/FPI,3288.77,2467.89,820.88
08-11-2010,DII,1784.22,1760.72,23.5,FII/FPI,2722.7,2808.51,-85.81
10-11-2010,DII,1161.86,1736.67,-574.81,FII/FPI,3298.46,2488.16,810.3
11-11-2010,DII,1071.58,1341.27,-269.69,FII/FPI,3042.74,3103.16,-60.42
15-11-2010,DII,1189.35,1192.74,-3.39,FII/FPI,2586.46,2272.78,313.68
16-11-2010,DII,1542.54,1092.95,449.59,FII/FPI,3157.02,3353.71,-196.69
18-11-2010,DII,1664.85,1546.42,118.43,FII/FPI,4062.11,4514.82,-452.71
19-11-2010,DII,1697.72,1397.53,300.19,FII/FPI,3926.43,3558.52,367.91
22-11-2010,DII,1373,1160.88,212.12,FII/FPI,2906.16,2570.36,335.8
23-11-2010,DII,2255.28,752.31,1502.97,FII/FPI,2868.01,4361.2,-1493.19
24-11-2010,DII,1311.23,1406.17,-94.94,FII/FPI,3173.82,3647.13,-473.31
25-11-2010,DII,2574.62,2376.85,197.77,FII/FPI,6385.61,7593.73,-1208.12
26-11-2010,DII,2870.67,1911.26,959.41,FII/FPI,4332.25,4961.02,-628.77
29-11-2010,DII,1473.24,1273.91,199.33,FII/FPI,3327.76,3171.56,156.2
30-11-2010,DII,1507.32,1942.35,-435.03,FII/FPI,6499.13,5609.67,889.46
01-12-2010,DII,1920.05,1465.19,454.86,FII/FPI,2903.43,3266.19,-362.76
03-12-2010,DII,1324.08,1414.89,-90.81,FII/FPI,2651.76,2280.08,371.68
04-12-2010,DII,881.84,1074.48,-192.64,FII/FPI,2433.13,2418.72,14.41
05-12-2010,DII,1191.03,1010.61,180.42,FII/FPI,2068.49,2365.72,-297.23
07-12-2010,DII,1152.76,1445.81,-293.05,FII/FPI,3246.86,2245.11,1001.75
08-12-2010,DII,1403.35,2059.4,-656.05,FII/FPI,3212.88,2994.69,218.19
10-12-2010,DII,1106.8,1561.32,-454.52,FII/FPI,2913.81,2458.08,455.73
11-12-2010,DII,1439.13,1193.45,245.68,FII/FPI,3134.74,3917.01,-782.27
13-12-2010,DII,1176.27,841.73,334.54,FII/FPI,2410.64,2698.41,-287.77
14-12-2010,DII,1072.9,723.73,349.17,FII/FPI,2512.96,2479.43,33.53
15-12-2010,DII,1303.22,1401.02,-97.8,FII/FPI,3089.5,3177.11,-87.61
16-12-2010,DII,1518.41,1422.38,96.03,FII/FPI,3083.85,3400.64,-316.79
20-12-2010,DII,1161.9,1022.45,139.45,FII/FPI,2973.75,3083.28,-109.53
21-12-2010,DII,1631.12,1257.45,373.67,FII/FPI,2850.75,2885.54,-34.79
22-12-2010,DII,1252.32,1153.39,98.93,FII/FPI,2375.65,2443.22,-67.57
23-12-2010,DII,893.35,981.98,-88.63,FII/FPI,1490.3,1633.4,-143.1
24-12-2010,DII,651.84,948.4,-296.56,FII/FPI,1221.23,1206.41,14.82
27-12-2010,DII,622.94,736.83,-113.89,FII/FPI,1024,777.69,246.31
28-12-2010,DII,716.35,981.71,-265.36,FII/FPI,1328.12,1219.09,109.03
29-12-2010,DII,803.82,974.16,-170.34,FII/FPI,1768.8,1221.22,547.58
30-12-2010,DII,1035.98,1884.27,-848.29,FII/FPI,4665.76,2479.32,2186.44
31-12-2010,DII,1274.97,1396.74,-121.77,FII/FPI,1894.47,1363.14,531.33
02-01-2011,DII,1779.34,1148.94,630.4,FII/FPI,2853.09,3889.89,-1036.8
04-01-2011,DII,675.95,1088.58,-412.63,FII/FPI,2846.21,2430.93,415.28
06-01-2011,DII,644.8,786.76,-141.96,FII/FPI,2322.81,1877.59,445.22
07-01-2011,DII,1044.68,1499.99,-455.31,FII/FPI,2603.52,2003.86,599.66
08-01-2011,DII,956.14,1051.4,-95.26,FII/FPI,1860.6,1773.77,86.83
11-01-2011,DII,666.56,1239.97,-573.41,FII/FPI,1914.74,1935.4,-20.66
12-01-2011,DII,907.86,1620.94,-713.08,FII/FPI,2422.63,1735.37,687.26
13-01-2011,DII,1405.47,1163.05,242.42,FII/FPI,3370.21,3619.98,-249.77
14-01-2011,DII,1381.9,1091.79,290.11,FII/FPI,2020.72,2769.32,-748.6
17-01-2011,DII,1067.54,707.72,359.82,FII/FPI,2569.5,2742.5,-173
18-01-2011,DII,1149.84,1176.04,-26.2,FII/FPI,2699.71,2627.17,72.54
19-01-2011,DII,1540.76,1052.23,488.53,FII/FPI,3167.71,3438.09,-270.38
20-01-2011,DII,1432.83,1176.51,256.32,FII/FPI,2723.52,3667.43,-943.91
21-01-2011,DII,1061.92,838.78,223.14,FII/FPI,2461.85,2829.85,-368
24-01-2011,DII,1474.93,1238.42,236.51,FII/FPI,2558.12,2494.17,63.95
25-01-2011,DII,1134.09,1303.77,-169.68,FII/FPI,3153.89,2880.9,272.99
27-01-2011,DII,1325.11,1580.7,-255.59,FII/FPI,4176.53,5827.94,-1651.41
28-01-2011,DII,1769.19,1687.95,81.24,FII/FPI,3481.28,4188.12,-706.84
31-01-2011,DII,2064.48,1056.34,1008.14,FII/FPI,2599.84,3520.22,-920.38
02-02-2011,DII,1958.92,1278.54,680.38,FII/FPI,3112.79,3194.52,-81.73
05-02-2011,DII,901.12,1051.64,-150.52,FII/FPI,1865.78,2126.81,-261.03
06-02-2011,DII,897.38,1027.98,-130.6,FII/FPI,1748.22,1763.01,-14.79
08-02-2011,DII,1231.41,1091.53,139.88,FII/FPI,1853.67,2055.35,-201.68
09-02-2011,DII,906.05,1252.33,-346.28,FII/FPI,4704.39,3546.01,1158.38
11-02-2011,DII,736.5,744.29,-7.79,FII/FPI,1469.28,1477.06,-7.78
12-02-2011,DII,838.13,945.66,-107.53,FII/FPI,2588.37,1991.48,596.89
14-02-2011,DII,989.01,879.99,109.02,FII/FPI,3133.11,2985.47,147.64
15-02-2011,DII,881.3,1049.15,-167.85,FII/FPI,2605.97,2372.92,233.05
16-02-2011,DII,578.83,647.32,-68.49,FII/FPI,1960.55,2190.61,-230.06
17-02-2011,DII,1153.73,909.33,244.4,FII/FPI,2305.25,2267.26,37.99
18-02-2011,DII,1266.67,1455.81,-189.14,FII/FPI,2844.58,2636.91,207.67
21-02-2011,DII,800.36,827.97,-27.61,FII/FPI,2006.78,2252.2,-245.42
22-02-2011,DII,1139.68,725.69,413.99,FII/FPI,2527.5,2913.76,-386.26
23-02-2011,DII,1086.38,733.56,352.82,FII/FPI,2862.37,3416.97,-554.6
24-02-2011,DII,2652.35,1622.43,1029.92,FII/FPI,3663.59,6365.81,-2702.22
25-02-2011,DII,1345.28,789.99,555.29,FII/FPI,2856.3,3417.76,-561.46
28-02-2011,DII,1860.24,1542.86,317.38,FII/FPI,3789.23,3829.09,-39.86
01-03-2011,DII,1044.56,1168.57,-124.01,FII/FPI,1516.59,1175.62,340.97
02-03-2011,DII,1155.2,1200.65,-45.45,FII/FPI,2602.43,2063.72,538.71
03-03-2011,DII,1157.54,1062.02,95.52,FII/FPI,3470.97,3241.95,229.02
05-03-2011,DII,1812.46,1205.63,606.83,FII/FPI,2624.11,3802.77,-1178.66
06-03-2011,DII,488.37,843.88,-355.51,FII/FPI,1959.78,1514.52,445.26
08-03-2011,DII,1464.19,1041.71,422.48,FII/FPI,1914.73,2784.42,-869.69
10-03-2011,DII,1112.85,817.51,295.34,FII/FPI,1633.82,2459.71,-825.89
11-03-2011,DII,973.06,971.15,1.91,FII/FPI,1884.03,1868.58,15.45
14-03-2011,DII,778.05,770.4,7.65,FII/FPI,1917.03,1502.68,414.35
15-03-2011,DII,1247.79,680.69,567.1,FII/FPI,2520.63,2372.35,148.28
16-03-2011,DII,1153.03,826.31,326.72,FII/FPI,2233.78,2368.3,-134.52
17-03-2011,DII,1044.93,612.86,432.07,FII/FPI,1546.32,2674.93,-1128.61
18-03-2011,DII,1142.2,845.9,296.3,FII/FPI,2029.96,2553.47,-523.51
21-03-2011,DII,782.26,734.28,47.98,FII/FPI,1263.27,1360.29,-97.02
22-03-2011,DII,844.44,748.4,96.04,FII/FPI,1533.5,1297.21,236.29
23-03-2011,DII,2042.81,931.13,1111.68,FII/FPI,1930.24,1618.14,312.1
24-03-2011,DII,1451.34,1073.22,378.12,FII/FPI,2238.75,1930.93,307.82
25-03-2011,DII,1298.97,1612.74,-313.77,FII/FPI,3305.51,1859.33,1446.18
28-03-2011,DII,1519.73,1806.25,-286.52,FII/FPI,2889.97,1999.95,890.02
29-03-2011,DII,1223.85,1698.02,-474.17,FII/FPI,3621.52,2329.98,1291.54
30-03-2011,DII,1291.97,1907.31,-615.34,FII/FPI,2802.2,2062.59,739.61
31-03-2011,DII,1640.23,3357.08,-1716.85,FII/FPI,6997.45,3672.86,3324.59
01-04-2011,DII,1474.07,1965.64,-491.57,FII/FPI,3381.89,2664.13,717.76
02-04-2011,DII,1621.58,1384.13,237.45,FII/FPI,2544.42,2400.38,144.04
03-04-2011,DII,975.57,1205.35,-229.78,FII/FPI,2699.81,2114.29,585.52
04-04-2011,DII,744.63,1133.96,-389.33,FII/FPI,2563,1958.49,604.51
05-04-2011,DII,1775.52,861.42,914.1,FII/FPI,2137.74,3129.88,-992.14
07-04-2011,DII,982.13,1351.45,-369.32,FII/FPI,2820.06,1688.34,1131.72
08-04-2011,DII,1177.3,860.8,316.5,FII/FPI,2399.2,2653.75,-254.55
10-04-2011,DII,1578.45,1022.64,555.81,FII/FPI,2062.41,3033.85,-971.44
11-04-2011,DII,938.47,867.98,70.49,FII/FPI,2256.56,2127.94,128.62
13-04-2011,DII,1230.1,1234.9,-4.8,FII/FPI,3309.08,3283.48,25.6
15-04-2011,DII,1373.07,1733.95,-360.88,FII/FPI,3135.81,3389.24,-253.43
18-04-2011,DII,1395.14,733.67,661.47,FII/FPI,2528.2,3509.76,-981.56
19-04-2011,DII,959.69,751.36,208.33,FII/FPI,3683.65,1990.46,1693.19
20-04-2011,DII,993.17,1016.45,-23.28,FII/FPI,2473.17,2280.17,193
21-04-2011,DII,1076.57,1346.19,-269.62,FII/FPI,2799.78,2491.99,307.79
25-04-2011,DII,1082.1,845.48,236.62,FII/FPI,1560.16,1937.75,-377.59
26-04-2011,DII,1106.75,944.94,161.81,FII/FPI,2334.31,2888.34,-554.03
27-04-2011,DII,1553.4,1254.12,299.28,FII/FPI,2153.06,2864.92,-711.86
28-04-2011,DII,1868.83,1336.23,532.6,FII/FPI,4257.02,5089.61,-832.59
29-04-2011,DII,1230.42,1291.48,-61.06,FII/FPI,3023.81,3713.7,-689.89
01-05-2011,DII,1349.98,1451.73,-101.75,FII/FPI,3245.55,3485.85,-240.3
04-05-2011,DII,765.69,1294.67,-528.98,FII/FPI,2204.31,1481.02,723.29
05-05-2011,DII,1826.36,889.13,937.23,FII/FPI,2005.09,2784.57,-779.48
07-05-2011,DII,984.37,1882.86,-898.49,FII/FPI,2666.56,1841.04,825.52
08-05-2011,DII,2911.09,1538.6,1372.49,FII/FPI,2178.86,3967.82,-1788.96
09-05-2011,DII,1110.29,963.06,147.23,FII/FPI,2971.1,2837.88,133.22
10-05-2011,DII,1153.21,830.81,322.4,FII/FPI,2025.78,3034.65,-1008.87
12-05-2011,DII,650.91,613.24,37.67,FII/FPI,1506.92,1360.19,146.73
13-05-2011,DII,870.44,881.97,-11.53,FII/FPI,2315.61,2476.96,-161.35
16-05-2011,DII,752.71,749.3,3.41,FII/FPI,1854.03,1806.96,47.07
17-05-2011,DII,814.27,1384.56,-570.29,FII/FPI,1968.92,2456.12,-487.2
18-05-2011,DII,1115.97,1088.51,27.46,FII/FPI,2451.46,2830.9,-379.44
19-05-2011,DII,1127.33,994.99,132.34,FII/FPI,2113.76,2151.17,-37.41
20-05-2011,DII,1406.18,1007.99,398.19,FII/FPI,2255.82,2437.37,-181.55
23-05-2011,DII,1070,875.78,194.22,FII/FPI,1959.21,2252.77,-293.56
24-05-2011,DII,778.17,745.22,32.95,FII/FPI,2539.94,2351.78,188.16
25-05-2011,DII,946.27,766.86,179.41,FII/FPI,2614.34,2985.13,-370.79
26-05-2011,DII,1696.01,1462.48,233.53,FII/FPI,3743.64,3619.26,124.38
27-05-2011,DII,1076.64,688.39,388.25,FII/FPI,2719.76,2497.73,222.03
30-05-2011,DII,740.25,790.64,-50.39,FII/FPI,2431.25,2177.77,253.48
31-05-2011,DII,1170.34,1767,-596.66,FII/FPI,6271.32,4960.34,1310.98
01-06-2011,DII,1240.16,1578.21,-338.05,FII/FPI,3274.86,3660.49,-385.63
04-06-2011,DII,1118.81,1649.86,-531.05,FII/FPI,2856.44,2327.97,528.47
05-06-2011,DII,2065.76,1047.72,1018.04,FII/FPI,2579.11,3234.45,-655.34
06-06-2011,DII,720.73,535.74,184.99,FII/FPI,1589.1,1790.88,-201.78
07-06-2011,DII,991.95,1072.18,-80.23,FII/FPI,2076.04,1855.59,220.45
09-06-2011,DII,862.48,1277.65,-415.17,FII/FPI,3629.92,3198.44,431.48
13-06-2011,DII,917.1,889.76,27.34,FII/FPI,1543.66,1847.83,-304.17
14-06-2011,DII,1700.97,1090.25,610.72,FII/FPI,3085.03,3883.56,-798.53
15-06-2011,DII,1009.26,868.12,141.14,FII/FPI,2461.5,2632.06,-170.56
16-06-2011,DII,1308.28,1022.18,286.1,FII/FPI,2191.29,2790.81,-599.52
17-06-2011,DII,851.51,886.88,-35.37,FII/FPI,2111.19,2501.75,-390.56
20-06-2011,DII,1545.17,681.86,863.31,FII/FPI,2577.97,3090.54,-512.57
21-06-2011,DII,1143.76,713.35,430.41,FII/FPI,1699.74,2263.1,-563.36
22-06-2011,DII,824.99,667.62,157.37,FII/FPI,1842.76,2130.16,-287.4
23-06-2011,DII,866.12,624.17,241.95,FII/FPI,1902.96,1673.75,229.21
24-06-2011,DII,1064.62,1551.47,-486.85,FII/FPI,3682.65,2792.21,890.44
27-06-2011,DII,933.65,1700.03,-766.38,FII/FPI,3754,2306.58,1447.42
28-06-2011,DII,999.42,1574.48,-575.06,FII/FPI,2774.22,1954.81,819.41
29-06-2011,DII,1290.67,1531.26,-240.59,FII/FPI,3099.16,2429.81,669.35
30-06-2011,DII,1180.97,1954.35,-773.38,FII/FPI,5361.85,3770.51,1591.34
01-07-2011,DII,2179.56,1063.73,1115.83,FII/FPI,2397.19,3437.93,-1040.74
02-07-2011,DII,1621.58,1384.13,237.45,FII/FPI,2544.42,2400.38,144.04
03-07-2011,DII,697.02,651.45,45.57,FII/FPI,1845.81,1938.05,-92.24
04-07-2011,DII,881.68,1093.84,-212.16,FII/FPI,2675.95,2455.36,220.59
06-07-2011,DII,692.19,660.9,31.29,FII/FPI,2012.41,1899.71,112.7
07-07-2011,DII,1420.57,1581.6,-161.03,FII/FPI,3034.33,2165.62,868.71
09-07-2011,DII,1224.7,1305.51,-80.81,FII/FPI,3049.63,2787.2,262.43
10-07-2011,DII,1211.01,1191.6,19.41,FII/FPI,3567.05,3075.5,491.55
12-07-2011,DII,911.3,1101.41,-190.11,FII/FPI,2789.71,2654.35,135.36
13-07-2011,DII,963.38,1332.29,-368.91,FII/FPI,2387.52,2071.57,315.95
14-07-2011,DII,1591.7,1073.88,517.82,FII/FPI,2339.99,2128.53,211.46
15-07-2011,DII,687.05,726.19,-39.14,FII/FPI,1647.52,1574.49,73.03
18-07-2011,DII,797.83,634.21,163.62,FII/FPI,1965.73,2058.74,-93.01
19-07-2011,DII,802.67,1029.59,-226.92,FII/FPI,1922.8,1629.51,293.29
20-07-2011,DII,1198.73,1178.25,20.48,FII/FPI,1876.93,1967.37,-90.44
21-07-2011,DII,1223.92,815.56,408.36,FII/FPI,1627.54,2205.18,-577.64
22-07-2011,DII,1329.71,1086.66,243.05,FII/FPI,2718.66,2273.75,444.91
25-07-2011,DII,1511.75,1287.5,224.25,FII/FPI,2608.84,2293.12,315.72
26-07-2011,DII,1387.82,1356.33,31.49,FII/FPI,2479.17,2656.92,-177.75
27-07-2011,DII,1309.12,1309.31,-0.19,FII/FPI,2818.42,2831.35,-12.93
28-07-2011,DII,1878.11,1468.77,409.34,FII/FPI,4126.11,4061.45,64.66
29-07-2011,DII,1564.71,1152.89,411.82,FII/FPI,2771.53,3235.56,-464.03
02-08-2011,DII,1318.56,869.59,448.97,FII/FPI,2966.06,3692.6,-726.54
03-08-2011,DII,728.41,868.87,-140.46,FII/FPI,2220.06,1982.99,237.07
04-08-2011,DII,982.97,1111.37,-128.4,FII/FPI,2688.69,2303.84,384.85
06-08-2011,DII,692.01,606.54,85.47,FII/FPI,1883.45,1833.02,50.43
07-08-2011,DII,1420.57,1581.6,-161.03,FII/FPI,3034.33,2165.62,868.71
08-08-2011,DII,2620.3,1299.92,1320.38,FII/FPI,1642.22,3028,-1385.78
09-08-2011,DII,853.19,1119.8,-266.61,FII/FPI,2228.54,2214.36,14.18
11-08-2011,DII,369.26,746.73,-377.47,FII/FPI,1696.02,1239.74,456.28
12-08-2011,DII,845.47,1042.98,-197.51,FII/FPI,2164.69,2138.97,25.72
16-08-2011,DII,908.76,657.09,251.67,FII/FPI,2526.33,2787.45,-261.12
17-08-2011,DII,1061.56,892.14,169.42,FII/FPI,2262.74,2670.42,-407.68
18-08-2011,DII,1291.78,961.36,330.42,FII/FPI,2388.42,2877.09,-488.67
19-08-2011,DII,1653.42,1230.17,423.25,FII/FPI,2816.01,3718.62,-902.61
22-08-2011,DII,1024.4,881.06,143.34,FII/FPI,1489.25,2275.57,-786.32
23-08-2011,DII,928.39,625.5,302.89,FII/FPI,2577.78,2678.12,-100.34
24-08-2011,DII,1161.68,600.58,561.1,FII/FPI,1853.82,2737.3,-883.48
25-08-2011,DII,1271.59,886.58,385.01,FII/FPI,3102.79,4543.34,-1440.55
26-08-2011,DII,1169.39,776.49,392.9,FII/FPI,2145.7,2371.95,-226.25
29-08-2011,DII,823.88,1149.38,-325.5,FII/FPI,2211.38,1845.19,366.19
30-08-2011,DII,1283.68,1181.77,101.91,FII/FPI,2965.58,2344.68,620.9
02-09-2011,DII,1385.4,1270.4,115,FII/FPI,3680.57,4289.57,-609
03-09-2011,DII,1022.75,909.76,112.99,FII/FPI,1853.04,1721.87,131.17
05-09-2011,DII,500.92,626.7,-125.78,FII/FPI,1935.01,1738.59,196.42
06-09-2011,DII,564.46,555.49,8.97,FII/FPI,1842.66,1867.39,-24.73
08-09-2011,DII,3009.88,1596.92,1412.96,FII/FPI,2410.06,4514.62,-2104.56
09-09-2011,DII,1125.2,1040.13,85.07,FII/FPI,2355.77,2783.44,-427.67
11-09-2011,DII,811.92,1343.78,-531.86,FII/FPI,2280.59,1721.55,559.04
12-09-2011,DII,985.02,869.81,115.21,FII/FPI,1771.67,2020.24,-248.57
13-09-2011,DII,877.27,756.08,121.19,FII/FPI,1281.69,1750.1,-468.41
14-09-2011,DII,788.79,971.47,-182.68,FII/FPI,2101.11,2146.93,-45.82
15-09-2011,DII,795.5,791.1,4.4,FII/FPI,1978.63,1842.08,136.55
16-09-2011,DII,1165.58,1126.25,39.33,FII/FPI,3675.29,3280.13,395.16
19-09-2011,DII,530.65,568.15,-37.5,FII/FPI,1475.52,1641.73,-166.21
20-09-2011,DII,748.52,1066.21,-317.69,FII/FPI,2118.13,1799.29,318.84
21-09-2011,DII,866.17,881.65,-15.48,FII/FPI,2009.89,1766.44,243.45
22-09-2011,DII,1421.47,678,743.47,FII/FPI,1364.68,2670.23,-1305.55
23-09-2011,DII,1480.67,715.29,765.38,FII/FPI,1640.68,2920.29,-1279.61
26-09-2011,DII,1165.51,590.3,575.21,FII/FPI,1240.6,2324.43,-1083.83
27-09-2011,DII,960.76,690.71,270.05,FII/FPI,2132.8,2098.72,34.08
28-09-2011,DII,907.32,791.73,115.59,FII/FPI,2705.14,2520.17,184.97
29-09-2011,DII,1058.77,1461.65,-402.88,FII/FPI,3539.32,3769.62,-230.3
30-09-2011,DII,1240.39,723.05,517.34,FII/FPI,2498.17,2957.64,-459.47
01-10-2011,DII,1729.36,710.82,1018.54,FII/FPI,2633.69,3772.47,-1138.78
02-10-2011,DII,1660.73,1023.43,637.3,FII/FPI,3032.29,3987.16,-954.87
03-10-2011,DII,743.14,634.16,108.98,FII/FPI,1642.86,1740.05,-97.19
05-10-2011,DII,768.09,637.23,130.86,FII/FPI,1451.06,1426.04,25.02
06-10-2011,DII,839.45,502.47,336.98,FII/FPI,2026.81,2196.86,-170.05
10-10-2011,DII,1133.52,1170.65,-37.13,FII/FPI,2439.48,2227.77,211.71
13-10-2011,DII,902.87,1160.23,-257.36,FII/FPI,2529.14,1859.06,670.08
14-10-2011,DII,894.46,1132.31,-237.85,FII/FPI,1921.6,2015.64,-94.04
17-10-2011,DII,1287.4,1393.95,-106.55,FII/FPI,2653.35,2058.34,595.01
18-10-2011,DII,830.19,963.08,-132.89,FII/FPI,1821.6,2106.79,-285.19
19-10-2011,DII,763.47,857.93,-94.46,FII/FPI,1768.89,1783.34,-14.45
20-10-2011,DII,719.91,845.18,-125.27,FII/FPI,1468.86,1940.86,-472
21-10-2011,DII,822.86,749.5,73.36,FII/FPI,1364.41,1598.42,-234.01
24-10-2011,DII,693.32,852.16,-158.84,FII/FPI,1739.51,1638.41,101.1
25-10-2011,DII,1341.45,2220.91,-879.46,FII/FPI,3678.07,3233.31,444.76
28-10-2011,DII,1200.25,2278.66,-1078.41,FII/FPI,5496.62,3330.41,2166.21
31-10-2011,DII,945.29,1221.65,-276.36,FII/FPI,2587.45,2228.67,358.78
01-11-2011,DII,1854.65,790.47,1064.18,FII/FPI,2726.62,3889.19,-1162.57
02-11-2011,DII,1343.41,823.74,519.67,FII/FPI,3206.61,3744.32,-537.71
03-11-2011,DII,1186.2,1073.96,112.24,FII/FPI,1629.34,1872.92,-243.58
04-11-2011,DII,957.47,693.66,263.81,FII/FPI,1997.6,2688.82,-691.22
05-11-2011,DII,827.85,738.73,89.12,FII/FPI,2362.44,2237.37,125.07
07-11-2011,DII,736.35,662.71,73.64,FII/FPI,1889.74,1456.79,432.95
08-11-2011,DII,1179.49,913.24,266.25,FII/FPI,2416.12,2475.91,-59.79
10-11-2011,DII,1338.5,1230.33,108.17,FII/FPI,2821.63,2707.48,114.15
11-11-2011,DII,1045.76,1158.94,-113.18,FII/FPI,3049.99,3133.25,-83.26
14-11-2011,DII,862.44,871.74,-9.3,FII/FPI,2542.99,2221.37,321.62
15-11-2011,DII,2108.61,783.26,1325.35,FII/FPI,1698.84,2108.61,-409.77
16-11-2011,DII,1374.11,1096.32,277.79,FII/FPI,1743.78,2232.67,-488.89
17-11-2011,DII,1149.83,778.24,371.59,FII/FPI,1943.27,2138.47,-195.2
18-11-2011,DII,1375.06,994.67,380.39,FII/FPI,1796.37,2667.99,-871.62
21-11-2011,DII,1351.35,755.8,595.55,FII/FPI,1886.49,2629.51,-743.02
22-11-2011,DII,1814.54,749.03,1065.51,FII/FPI,1764.71,2717.39,-952.68
23-11-2011,DII,1794.71,868.55,926.16,FII/FPI,1776.24,2962.66,-1186.42
24-11-2011,DII,1908.66,860.91,1047.75,FII/FPI,2072.95,3709.03,-1636.08
25-11-2011,DII,1763.47,726.92,1036.55,FII/FPI,1410.6,2215.6,-805
28-11-2011,DII,1075.94,768.64,307.3,FII/FPI,1723.62,2026.21,-302.59
29-11-2011,DII,1172.69,811.46,361.23,FII/FPI,1937.89,2258.76,-320.87
30-11-2011,DII,1942.65,2136.47,-193.82,FII/FPI,6245.15,6211.03,34.12
01-12-2011,DII,1495.93,1136.72,359.21,FII/FPI,3366.8,3738.3,-371.5
05-12-2011,DII,1048.02,735.58,312.44,FII/FPI,1578.06,1998.09,-420.03
07-12-2011,DII,1326.18,1039.41,286.77,FII/FPI,1386.95,2356.39,-969.44
08-12-2011,DII,1302.32,1203.3,99.02,FII/FPI,2380.52,2851.61,-471.09
09-12-2011,DII,1150.9,722.97,427.93,FII/FPI,1582.64,2517.38,-934.74
10-12-2011,DII,1287.4,1393.95,-106.55,FII/FPI,2653.35,2058.34,595.01
12-12-2011,DII,1116.61,950.32,166.29,FII/FPI,1522.08,1950.38,-428.3
13-12-2011,DII,1251.49,769.56,481.93,FII/FPI,1597.52,2158.32,-560.8
14-12-2011,DII,1022.94,573.35,449.59,FII/FPI,2246.43,2386.56,-140.13
15-12-2011,DII,986.71,938.62,48.09,FII/FPI,2991.84,3315.12,-323.28
16-12-2011,DII,1159.08,823.78,335.3,FII/FPI,2235.54,2455.79,-220.25
19-12-2011,DII,1138.83,1120.23,18.6,FII/FPI,2259.17,2709.54,-450.37
20-12-2011,DII,1053.82,867.1,186.72,FII/FPI,1976.14,2502.4,-526.26
21-12-2011,DII,1019.65,1152.91,-133.26,FII/FPI,2208.25,2352.48,-144.23
22-12-2011,DII,1045.8,816.06,229.74,FII/FPI,1852.18,2088.57,-236.39
23-12-2011,DII,651.02,729.57,-78.55,FII/FPI,1281.1,1196.83,84.27
26-12-2011,DII,435.94,554.92,-118.98,FII/FPI,547.02,433.59,113.43
27-12-2011,DII,497.22,592.51,-95.29,FII/FPI,1038.06,823.75,214.31
28-12-2011,DII,532.14,628.63,-96.49,FII/FPI,1238.81,1157.37,81.44
29-12-2011,DII,996.86,673.79,323.07,FII/FPI,1504.5,2520.32,-1015.82
30-12-2011,DII,853.68,587.08,266.6,FII/FPI,969.1,1147.25,-178.15
02-01-2012,DII,1734.93,1767.22,-32.29,FII/FPI,4997.28,3320.79,1676.49
03-01-2012,DII,998.54,1008.51,-9.97,FII/FPI,2133.21,2259.73,-126.52
06-01-2012,DII,865.54,660.04,205.5,FII/FPI,1791.48,2011.86,-220.38
08-01-2012,DII,813.64,986.61,-172.97,FII/FPI,2014.83,1573.38,441.45
10-01-2012,DII,866.81,1341.01,-474.2,FII/FPI,2104.6,1897.09,207.51
13-01-2012,DII,1198.43,1375.69,-177.26,FII/FPI,2508.07,2214.56,293.51
16-01-2012,DII,649.83,879.38,-229.55,FII/FPI,1980.81,1623.13,357.68
17-01-2012,DII,1292.91,1722.14,-429.23,FII/FPI,2963.72,1937.97,1025.75
18-01-2012,DII,884.51,1474.78,-590.27,FII/FPI,3008.08,2132.23,875.85
19-01-2012,DII,1087.26,1333.85,-246.59,FII/FPI,2796.26,2170.12,626.14
20-01-2012,DII,1221.68,1836.47,-614.79,FII/FPI,3509.75,2689.91,819.84
23-01-2012,DII,873.05,1311.53,-438.48,FII/FPI,1579.16,1637.96,-58.8
24-01-2012,DII,1391.98,1654.63,-262.65,FII/FPI,3011.11,2209.82,801.29
25-01-2012,DII,1162.31,1874.31,-712,FII/FPI,3920.65,2773.64,1147.01
27-01-2012,DII,1036.66,1745.12,-708.46,FII/FPI,4093.99,2853.83,1240.16
30-01-2012,DII,772.39,1306.08,-533.69,FII/FPI,2575.35,2777.06,-201.71
31-01-2012,DII,1299.94,1541.2,-241.26,FII/FPI,3460.78,2836.68,624.1
01-02-2012,DII,579.04,494.7,84.34,FII/FPI,458.53,552.4,-93.87
02-02-2012,DII,1488.05,2141.19,-653.14,FII/FPI,5157.5,3216.27,1941.23
03-02-2012,DII,994.28,1064.76,-70.48,FII/FPI,2395,1816.35,578.65
04-02-2012,DII,770.91,843.72,-72.81,FII/FPI,1861.47,1615.53,245.94
05-02-2012,DII,939.25,868.13,71.12,FII/FPI,2241.7,2004.23,237.47
07-02-2012,DII,783.2,1230.69,-447.49,FII/FPI,2104.11,1513.05,591.06
08-02-2012,DII,838.34,904.82,-66.48,FII/FPI,1653.63,1513.5,140.13
13-02-2012,DII,832.72,1430.03,-597.31,FII/FPI,2600.01,2130.24,469.77
14-02-2012,DII,1109.31,1517.95,-408.64,FII/FPI,2955.58,1925.46,1030.12
16-02-2012,DII,1383.42,1773.74,-390.32,FII/FPI,3251.56,3067.25,184.31
17-02-2012,DII,2419.64,2642.71,-223.07,FII/FPI,4126.95,3590.46,536.49
21-02-2012,DII,1233.78,2477.93,-1244.15,FII/FPI,4091.84,2691.67,1400.17
22-02-2012,DII,1215.07,2547.97,-1332.9,FII/FPI,4033.4,3203.77,829.63
23-02-2012,DII,1453.7,2094.63,-640.93,FII/FPI,4069.92,3965.37,104.55
24-02-2012,DII,1055.99,1892.7,-836.71,FII/FPI,11138.59,2183.29,8955.3
27-02-2012,DII,1206.72,1905.86,-699.14,FII/FPI,2957.94,2628.85,329.09
28-02-2012,DII,1283.87,1871.08,-587.21,FII/FPI,2937.55,2209.96,727.59
29-02-2012,DII,1113.77,1544.84,-431.07,FII/FPI,3666.24,3086.61,579.63
01-03-2012,DII,988.27,781.76,206.51,FII/FPI,1356.89,1101.5,255.39
02-03-2012,DII,1016.04,1931.62,-915.58,FII/FPI,3193.37,2119.16,1074.21
04-03-2012,DII,1096.77,896.49,200.28,FII/FPI,1995.03,1662.56,332.47
05-03-2012,DII,791.09,1138.09,-347,FII/FPI,2361.49,2287.75,73.74
07-03-2012,DII,715.98,1259.95,-543.97,FII/FPI,2233.64,1643.93,589.71
08-03-2012,DII,804.26,1238.91,-434.65,FII/FPI,1508.84,1300.15,208.69
09-03-2012,DII,682.27,842.97,-160.7,FII/FPI,1669.48,1724.27,-54.79
10-03-2012,DII,1048.51,1716.65,-668.14,FII/FPI,3626.4,3024.01,602.39
12-03-2012,DII,1087.32,1423.26,-335.94,FII/FPI,1955.34,1652,303.34
13-03-2012,DII,943.46,1377.2,-433.74,FII/FPI,2758.88,1886.2,872.68
14-03-2012,DII,1285.06,2142.17,-857.11,FII/FPI,3813.19,2153.91,1659.28
15-03-2012,DII,809.83,1199,-389.17,FII/FPI,2375.95,2219.93,156.02
16-03-2012,DII,1201.53,1971.92,-770.39,FII/FPI,3490.69,2607.11,883.58
19-03-2012,DII,1111.51,1407.49,-295.98,FII/FPI,2387.61,2226.74,160.87
20-03-2012,DII,994.5,1114.85,-120.35,FII/FPI,2110.5,1999.41,111.09
21-03-2012,DII,956.01,1249.71,-293.7,FII/FPI,3488.6,2865.96,622.64
22-03-2012,DII,1118.38,1251.51,-133.13,FII/FPI,2643.39,2396.83,246.56
23-03-2012,DII,689.22,502.41,186.81,FII/FPI,2310.91,2301.45,9.46
26-03-2012,DII,775.03,975.97,-200.94,FII/FPI,3998.36,4133.65,-135.29
27-03-2012,DII,1039.42,1329.47,-290.05,FII/FPI,3009.32,2966.33,42.99
28-03-2012,DII,895.94,822.91,73.03,FII/FPI,2863.56,3011.62,-148.06
29-03-2012,DII,1408,1108.33,299.67,FII/FPI,3954.15,5287,-1332.85
30-03-2012,DII,1096.07,1263.39,-167.32,FII/FPI,5112.7,4150.05,962.65
01-04-2012,DII,856.02,939.43,-83.41,FII/FPI,1836.86,1697.89,138.97
04-04-2012,DII,839.54,712.84,126.7,FII/FPI,1330.46,1284.64,45.82
05-04-2012,DII,1118.42,1398.53,-280.11,FII/FPI,3419.72,2991.8,427.92
06-04-2012,DII,1102.98,656.75,446.23,FII/FPI,1492.85,2129.99,-637.14
07-04-2012,DII,1185.24,1347.01,-161.77,FII/FPI,2135.3,1896.11,239.19
09-04-2012,DII,702.67,808.27,-105.6,FII/FPI,1634.31,1329.9,304.41
10-04-2012,DII,1327.64,2146.2,-818.56,FII/FPI,3245.74,2301.21,944.53
12-04-2012,DII,1062.21,1496.31,-434.1,FII/FPI,2371.34,1831.39,539.95
13-04-2012,DII,1329.61,1809.29,-479.68,FII/FPI,2634.23,2496.98,137.25
16-04-2012,DII,932.45,714.22,218.23,FII/FPI,1341.24,1850.67,-509.43
17-04-2012,DII,964.09,1177.3,-213.21,FII/FPI,2403.64,1962.49,441.15
18-04-2012,DII,988.09,950.21,37.88,FII/FPI,2478,2256.37,221.63
19-04-2012,DII,936.84,835.84,101,FII/FPI,1866.75,1969.21,-102.46
20-04-2012,DII,1059.95,925.21,134.74,FII/FPI,1729.83,1415.79,314.04
23-04-2012,DII,1206.48,754.78,451.7,FII/FPI,1351.7,1759.19,-407.49
24-04-2012,DII,1462.54,1043.46,419.08,FII/FPI,2158.43,3019.21,-860.78
25-04-2012,DII,911.18,870.48,40.7,FII/FPI,2176.64,2517.48,-340.84
26-04-2012,DII,1491.42,1427.93,63.49,FII/FPI,3356.74,3732.82,-376.08
27-04-2012,DII,967.17,824.61,142.56,FII/FPI,2078.31,2454.53,-376.22
30-04-2012,DII,668.05,914.86,-246.81,FII/FPI,2100.62,1621.09,479.53
01-05-2012,DII,795.65,1084.86,-289.21,FII/FPI,2247.61,1866.19,381.42
03-05-2012,DII,827.42,1085.75,-258.33,FII/FPI,1867.04,1741.54,125.5
06-05-2012,DII,1400.18,605.53,794.65,FII/FPI,1193.74,1874.6,-680.86
07-05-2012,DII,995.17,1198.2,-203.03,FII/FPI,2659.08,2229.86,429.22
09-05-2012,DII,910.44,1076.72,-166.28,FII/FPI,2135.61,2324.26,-188.65
10-05-2012,DII,1439.55,1628.65,-189.1,FII/FPI,6806.29,2454.3,4351.99
11-05-2012,DII,577.07,921.49,-344.42,FII/FPI,1363.47,989.54,373.93
12-05-2012,DII,1158.06,1797.84,-639.78,FII/FPI,2819.35,1940.78,878.57
14-05-2012,DII,850.14,995.19,-145.05,FII/FPI,2080.58,1725.48,355.1
15-05-2012,DII,924.29,1007.14,-82.85,FII/FPI,1824.1,2008.38,-184.28
16-05-2012,DII,1415.78,1243.95,171.83,FII/FPI,2239.47,2786.32,-546.85
17-05-2012,DII,955.33,701.18,254.15,FII/FPI,2289.29,2298.96,-9.67
18-05-2012,DII,1021.59,872.65,148.94,FII/FPI,1672.69,1921.62,-248.93
21-05-2012,DII,662.44,513.24,149.2,FII/FPI,1334.72,1414.31,-79.59
22-05-2012,DII,927.65,720.05,207.6,FII/FPI,1611.91,1895.25,-283.34
23-05-2012,DII,780.79,612.3,168.49,FII/FPI,1534.16,1895.23,-361.07
24-05-2012,DII,732.16,602.14,130.02,FII/FPI,1633.59,1739.32,-105.73
25-05-2012,DII,927.63,492.98,434.65,FII/FPI,1001.53,1625.29,-623.76
28-05-2012,DII,664.38,496.68,167.7,FII/FPI,1233.83,1124.95,108.88
29-05-2012,DII,727.89,927.29,-199.4,FII/FPI,1539.21,1448.71,90.5
30-05-2012,DII,558.13,740.74,-182.61,FII/FPI,2192.44,2203.18,-10.74
31-05-2012,DII,1323.22,1589.6,-266.38,FII/FPI,6379.64,7045.4,-665.76
01-06-2012,DII,618.95,817.83,-198.88,FII/FPI,1852.48,1842.04,10.44
02-06-2012,DII,1378.21,1561.33,-183.12,FII/FPI,3512.46,2514.52,997.94
03-06-2012,DII,1238.12,1058.21,179.91,FII/FPI,2629.95,2871.17,-241.22
06-06-2012,DII,1411.75,922.61,489.14,FII/FPI,3310.26,3041.05,269.21
07-06-2012,DII,859.8,1083.27,-223.47,FII/FPI,1915.84,1344.07,571.77
08-06-2012,DII,876.85,881.08,-4.23,FII/FPI,1738.14,1182.41,555.73
09-06-2012,DII,887.06,920.82,-33.76,FII/FPI,1845.81,1679.23,166.58
12-06-2012,DII,1029.28,1692.02,-662.74,FII/FPI,2855.57,2017.43,838.14
13-06-2012,DII,918.99,842.12,76.87,FII/FPI,1868.63,1650.95,217.68
14-06-2012,DII,655.4,938.23,-282.83,FII/FPI,1254.35,1149.27,105.08
15-06-2012,DII,801.7,922.37,-120.67,FII/FPI,2515.79,2176.79,339
18-06-2012,DII,895.55,958.91,-63.36,FII/FPI,1698.62,1286.21,412.41
19-06-2012,DII,725.48,1004.18,-278.7,FII/FPI,1668.25,1761.55,-93.3
21-06-2012,DII,1013.08,969.52,43.56,FII/FPI,1971.61,1852.03,119.58
22-06-2012,DII,884.49,885.76,-1.27,FII/FPI,1310.71,1484.93,-174.22
25-06-2012,DII,773.18,747,26.18,FII/FPI,1404.14,1251.04,153.1
26-06-2012,DII,625.14,980.19,-355.05,FII/FPI,1471.53,1458.5,13.03
27-06-2012,DII,709.31,724.38,-15.07,FII/FPI,1914.47,1828.38,86.09
28-06-2012,DII,1858.24,1085.87,772.37,FII/FPI,3805.31,4917.94,-1112.63
29-06-2012,DII,1532.57,1783.28,-250.71,FII/FPI,4747.12,1700.36,3046.76
02-07-2012,DII,916.16,1770.62,-854.46,FII/FPI,2898.03,2279.19,618.84
03-07-2012,DII,984.58,1114.49,-129.91,FII/FPI,2240.41,2745,-504.59
05-07-2012,DII,1327.64,1053.87,273.77,FII/FPI,2162.56,2793.37,-630.81
06-07-2012,DII,939.25,972.99,-33.74,FII/FPI,2737.99,2062.51,675.48
08-07-2012,DII,1234.5,1179.26,55.24,FII/FPI,2455.56,1639.61,815.95
09-07-2012,DII,1423.49,1205.2,218.29,FII/FPI,2634.02,2131.84,502.18
11-07-2012,DII,1115.36,1312.31,-196.95,FII/FPI,2384.38,1655.93,728.45
12-07-2012,DII,1034.47,1832.95,-798.48,FII/FPI,2854.32,2206.27,648.05
13-07-2012,DII,611.04,981.45,-370.41,FII/FPI,1957.01,1675.88,281.13
16-07-2012,DII,683.29,723.88,-40.59,FII/FPI,1639.72,1382.55,257.17
17-07-2012,DII,777.45,1043.66,-266.21,FII/FPI,2088.27,1613.32,474.95
18-07-2012,DII,821.88,987.63,-165.75,FII/FPI,2259.49,1983.09,276.4
19-07-2012,DII,924.56,1153.4,-228.84,FII/FPI,2021.6,1895.82,125.78
20-07-2012,DII,804.38,868.78,-64.4,FII/FPI,1691.17,1513.06,178.11
23-07-2012,DII,701.25,1055,-353.75,FII/FPI,1530.54,1421.37,109.17
24-07-2012,DII,1091.62,1052.39,39.23,FII/FPI,1547.31,1800.22,-252.91
25-07-2012,DII,1012.3,1022.77,-10.47,FII/FPI,1760.39,2132.6,-372.21
26-07-2012,DII,1634.25,1211.55,422.7,FII/FPI,2831.49,4012.19,-1180.7
27-07-2012,DII,881.56,1136,-254.44,FII/FPI,2812.53,2248.81,563.72
30-07-2012,DII,882.49,1116.21,-233.72,FII/FPI,2446.4,1517.45,928.95
31-07-2012,DII,827.81,1321.29,-493.48,FII/FPI,2940.75,2060.79,879.96
02-08-2012,DII,1512.31,1936.77,-424.46,FII/FPI,4402.73,4018.49,384.24
05-08-2012,DII,1177.65,920.05,257.6,FII/FPI,1905.58,2304.56,-398.98
06-08-2012,DII,716.51,797.99,-81.48,FII/FPI,1779.5,1577.49,202.01
08-08-2012,DII,928.83,1723.53,-794.7,FII/FPI,2751.6,1637.39,1114.21
10-08-2012,DII,820.42,1599.03,-778.61,FII/FPI,2979.06,2415.22,563.84
11-08-2012,DII,901.63,817.05,84.58,FII/FPI,2053.35,1792.14,261.21
13-08-2012,DII,701.28,877.62,-176.34,FII/FPI,2020.01,1680.25,339.76
16-08-2012,DII,1259.33,1034.03,225.3,FII/FPI,2447.9,2352.89,95.01
17-08-2012,DII,1044.55,1004.36,40.19,FII/FPI,2169.11,1860.89,308.22
21-08-2012,DII,1022.73,1164.37,-141.64,FII/FPI,2220.91,2079.54,141.37
22-08-2012,DII,809.99,1040.13,-230.14,FII/FPI,1554.76,1458.12,96.64
23-08-2012,DII,929.59,1090.69,-161.1,FII/FPI,2473.72,2161.93,311.79
24-08-2012,DII,806.33,1163.01,-356.68,FII/FPI,2068.49,1842.43,226.06
27-08-2012,DII,520.7,1021.42,-500.72,FII/FPI,1507.35,1306.96,200.39
28-08-2012,DII,965.1,1279.49,-314.39,FII/FPI,2006.02,1912.93,93.09
29-08-2012,DII,850.84,1090.64,-239.8,FII/FPI,2044.28,1900.98,143.3
30-08-2012,DII,1836.46,1508.35,328.11,FII/FPI,5167.92,2861.82,2306.1
31-08-2012,DII,1114.32,1286.86,-172.54,FII/FPI,3084.38,3295.46,-211.08
01-09-2012,DII,583.75,554.49,29.26,FII/FPI,1790.95,1827.41,-36.46
02-09-2012,DII,964.39,2001.97,-1037.58,FII/FPI,3985.22,2784.56,1200.66
03-09-2012,DII,1106.66,1119.56,-12.9,FII/FPI,4039.93,2755.28,1284.65
04-09-2012,DII,586.69,692.51,-105.82,FII/FPI,1075.5,1344.93,-269.43
05-09-2012,DII,1222.15,1059.78,162.37,FII/FPI,2202.18,2578.52,-376.34
07-09-2012,DII,627.55,915.2,-287.65,FII/FPI,1598.62,1345.64,252.98
08-09-2012,DII,989.78,1744.18,-754.4,FII/FPI,2272.94,1935.8,337.14
10-09-2012,DII,697.69,1128.29,-430.6,FII/FPI,2327.01,1713.03,613.98
13-09-2012,DII,851.95,1008,-156.05,FII/FPI,2001.61,1640.13,361.48
14-09-2012,DII,1818.41,2506.41,-688,FII/FPI,5355.25,2521.53,2833.72
17-09-2012,DII,2248.96,3086.68,-837.72,FII/FPI,5889.33,3637.16,2252.17
18-09-2012,DII,1506.03,2176.75,-670.72,FII/FPI,3764.11,2714.94,1049.17
20-09-2012,DII,1136.67,1467.78,-331.11,FII/FPI,3187.08,3260.75,-73.67
21-09-2012,DII,1758.29,2885.57,-1127.28,FII/FPI,6806.02,4478.2,2327.82
24-09-2012,DII,1366.46,2522.91,-1156.45,FII/FPI,4500.86,2905.14,1595.72
25-09-2012,DII,1058.36,2432.47,-1374.11,FII/FPI,8586,2740.42,5845.58
26-09-2012,DII,1315.8,2011.7,-695.9,FII/FPI,3601,2912.51,688.49
27-09-2012,DII,1496.19,1944.06,-447.87,FII/FPI,5509.53,5109.79,399.74
28-09-2012,DII,1412.26,2091.32,-679.06,FII/FPI,3987.75,2757.4,1230.35
01-10-2012,DII,1122.85,1237.96,-115.11,FII/FPI,2782.51,2458.19,324.32
02-10-2012,DII,1335.59,1384.89,-49.3,FII/FPI,2672.61,2476.49,196.12
04-10-2012,DII,790.4,980.58,-190.18,FII/FPI,1864.42,2193.09,-328.67
05-10-2012,DII,1046.05,1189.58,-143.53,FII/FPI,1916.25,1598.83,317.42
07-10-2012,DII,830.16,1318.49,-488.33,FII/FPI,2170.26,1563.72,606.54
08-10-2012,DII,786.3,1322.99,-536.69,FII/FPI,2373.23,2290.07,83.16
09-10-2012,DII,665.1,983.42,-318.32,FII/FPI,2033.66,1340.93,692.73
10-10-2012,DII,733.42,1129.78,-396.36,FII/FPI,2079.28,1671.68,407.6
12-10-2012,DII,678.91,1265.49,-586.58,FII/FPI,2561.71,1863.48,698.23
15-10-2012,DII,657.04,742.56,-85.52,FII/FPI,1273.02,1252.86,20.16
16-10-2012,DII,1342.58,747.19,595.39,FII/FPI,1993.26,2197.45,-204.19
17-10-2012,DII,893.12,1141.52,-248.4,FII/FPI,2176.6,2141.06,35.54
18-10-2012,DII,1208.96,1393.52,-184.56,FII/FPI,2336.35,2405.22,-68.87
22-10-2012,DII,741.38,879.27,-137.89,FII/FPI,1882.71,1641.03,241.68
23-10-2012,DII,658.04,956.93,-298.89,FII/FPI,2211.1,1958.7,252.4
25-10-2012,DII,1061.26,1026.53,34.73,FII/FPI,4724.36,5275.7,-551.34
26-10-2012,DII,854.24,944.17,-89.93,FII/FPI,1612.59,1811.43,-198.84
29-10-2012,DII,839.42,849.17,-9.75,FII/FPI,1563.31,1639.88,-76.57
30-10-2012,DII,1265.79,1297.63,-31.84,FII/FPI,1448.83,1640.36,-191.53
31-10-2012,DII,1038.05,1135.9,-97.85,FII/FPI,2194.02,1945.54,248.48
01-11-2012,DII,967.78,1149.96,-182.18,FII/FPI,2631.16,2199.85,431.31
04-11-2012,DII,943.15,1025.39,-82.24,FII/FPI,1890.35,2336.12,-445.77
05-11-2012,DII,813.02,1056.31,-243.29,FII/FPI,1525.07,1366.51,158.56
06-11-2012,DII,739.49,954.15,-214.66,FII/FPI,1596.61,1466.23,130.38
07-11-2012,DII,759.44,1116.29,-356.85,FII/FPI,2365.04,2280.62,84.42
09-11-2012,DII,711.27,1077.07,-365.8,FII/FPI,1735.72,1312.13,423.59
10-11-2012,DII,987.53,1560.85,-573.32,FII/FPI,3429.18,2386.17,1043.01
12-11-2012,DII,860.59,1888.93,-1028.34,FII/FPI,3605.68,2295.8,1309.88
13-11-2012,DII,50.48,31.41,19.07,FII/FPI,120.16,138.25,-18.09
15-11-2012,DII,784.95,1166.62,-381.67,FII/FPI,3742.91,3696.46,46.45
16-11-2012,DII,919.18,1293.9,-374.72,FII/FPI,2992.05,2482.34,509.71
19-11-2012,DII,766.47,1269.07,-502.6,FII/FPI,1738.25,1739.77,-1.52
20-11-2012,DII,769.65,781.18,-11.53,FII/FPI,2377.81,2234.43,143.38
21-11-2012,DII,756.42,889.5,-133.08,FII/FPI,2070.57,1887.98,182.59
22-11-2012,DII,674.13,838.13,-164,FII/FPI,1577.55,1462.79,114.76
23-11-2012,DII,532.64,716.91,-184.27,FII/FPI,1736.16,1369.79,366.37
26-11-2012,DII,600.01,795.67,-195.66,FII/FPI,1546.55,1383.41,163.14
29-11-2012,DII,1332.51,2228.73,-896.22,FII/FPI,7345.23,5765.26,1579.97
30-11-2012,DII,1455.74,2254.37,-798.63,FII/FPI,8357.27,6745.84,1611.43
01-12-2012,DII,944.07,1940.98,-996.91,FII/FPI,2538.65,2031.85,506.8
03-12-2012,DII,1121.41,918.09,203.32,FII/FPI,4375.76,3077.12,1298.64
04-12-2012,DII,1087.74,850.34,237.4,FII/FPI,2030.33,1894.35,135.98
06-12-2012,DII,868.66,922.87,-54.21,FII/FPI,1423.32,1479.92,-56.6
07-12-2012,DII,841.76,1379.74,-537.98,FII/FPI,2470.46,2201.92,268.54
09-12-2012,DII,1179.45,1235.21,-55.76,FII/FPI,1912.55,1461.36,451.19
10-12-2012,DII,1172.31,984.02,188.29,FII/FPI,2292.36,2091.2,201.16
11-12-2012,DII,909.41,1030.73,-121.32,FII/FPI,3922.47,3692.74,229.73
12-12-2012,DII,993.2,1358.27,-365.07,FII/FPI,4380.29,3427.54,952.75
13-12-2012,DII,890.42,1556.09,-665.67,FII/FPI,3668.94,2412.37,1256.57
14-12-2012,DII,888.98,1401.41,-512.43,FII/FPI,2666.6,2092.22,574.38
17-12-2012,DII,853.94,1544.27,-690.33,FII/FPI,3551.68,2665,886.68
18-12-2012,DII,1165.96,1657.08,-491.12,FII/FPI,3343.85,2421.48,922.37
19-12-2012,DII,1016.32,1385.38,-369.06,FII/FPI,4483.24,3238.28,1244.96
20-12-2012,DII,956.37,1400.39,-444.02,FII/FPI,2819.74,2352.99,466.75
21-12-2012,DII,1426.05,1167.84,258.21,FII/FPI,2691.09,2575.74,115.35
24-12-2012,DII,542.53,780.79,-238.26,FII/FPI,1631.39,1171.72,459.67
26-12-2012,DII,768.47,1069.32,-300.85,FII/FPI,2035.17,1291.38,743.79
27-12-2012,DII,1287.65,1154.88,132.77,FII/FPI,3731.45,3864.13,-132.68
28-12-2012,DII,773.1,1303.45,-530.35,FII/FPI,2685.09,1851.69,833.4
31-12-2012,DII,911.94,1112.91,-200.97,FII/FPI,1578.97,752.63,826.34
01-01-2013,DII,857.63,1263.77,-406.14,FII/FPI,885.51,220.46,665.05
02-01-2013,DII,772.15,1860.77,-1088.62,FII/FPI,3325.94,2562.66,763.28
03-01-2013,DII,1251.36,1297.21,-45.85,FII/FPI,3876.99,3250.1,626.89
04-01-2013,DII,467.94,737.1,-269.16,FII/FPI,1854.41,1541.34,313.07
07-01-2013,DII,1196.82,983.22,213.6,FII/FPI,2272.67,2274.14,-1.47
08-01-2013,DII,1263.28,1556.9,-293.62,FII/FPI,3704.13,3526.35,177.78
10-01-2013,DII,944.22,818.87,125.35,FII/FPI,1728.67,1835.63,-106.96
11-01-2013,DII,1002.27,1424.97,-422.7,FII/FPI,2572.92,2385.97,186.95
14-01-2013,DII,1100.39,2310.94,-1210.55,FII/FPI,3363.98,2752.88,611.1
15-01-2013,DII,1339.33,2095.17,-755.84,FII/FPI,3565.73,2488.18,1077.55
16-01-2013,DII,1095.85,1787.61,-691.76,FII/FPI,3496.14,2466.64,1029.5
17-01-2013,DII,1423.52,1943.3,-519.78,FII/FPI,3604.1,3039.9,564.2
18-01-2013,DII,1664.39,2632,-967.61,FII/FPI,4327.82,3162.13,1165.69
21-01-2013,DII,1014.43,1904.6,-890.17,FII/FPI,3434.62,2591.66,842.96
22-01-2013,DII,1002.79,1858.14,-855.35,FII/FPI,3514.55,2468.15,1046.4
23-01-2013,DII,952.28,1804.61,-852.33,FII/FPI,3525.59,2722.97,802.62
24-01-2013,DII,1198.24,1950.5,-752.26,FII/FPI,4522.58,3496.26,1026.32
25-01-2013,DII,779.57,1111.49,-331.92,FII/FPI,3789,3202.13,586.87
28-01-2013,DII,938.84,1803.06,-864.22,FII/FPI,3277.03,2493.47,783.56
29-01-2013,DII,1157.83,2096.54,-938.71,FII/FPI,4389.51,3489.68,899.83
30-01-2013,DII,1083.02,2178.84,-1095.82,FII/FPI,3802.74,2896.38,906.36
31-01-2013,DII,1456.11,2319.71,-863.6,FII/FPI,5426.07,4467.14,958.93
01-02-2013,DII,1271.09,1688.5,-417.41,FII/FPI,2341.67,1234.01,1107.66
04-02-2013,DII,780.97,575.17,205.8,FII/FPI,1979.52,2024.93,-45.41
05-02-2013,DII,1115.58,2014.65,-899.07,FII/FPI,4608.1,3178.16,1429.94
07-02-2013,DII,993.01,1118.34,-125.33,FII/FPI,2301.07,2344.27,-43.2
08-02-2013,DII,1174.47,1515.07,-340.6,FII/FPI,3358.14,3074.35,283.79
09-02-2013,DII,697.06,982.87,-285.81,FII/FPI,2513.48,2037.56,475.92
12-02-2013,DII,692.3,1310.5,-618.2,FII/FPI,2247.86,1456.89,790.97
13-02-2013,DII,966.34,1256.03,-289.69,FII/FPI,3209.04,2408.73,800.31
14-02-2013,DII,1214.65,1463.64,-248.99,FII/FPI,3365.04,3043.78,321.26
15-02-2013,DII,797.63,1043.61,-245.98,FII/FPI,2738.61,2491.31,247.3
18-02-2013,DII,668.48,779.03,-110.55,FII/FPI,2159.61,2016.7,142.91
19-02-2013,DII,510.75,486.08,24.67,FII/FPI,1641.18,1822.75,-181.57
20-02-2013,DII,597.13,1188.31,-591.18,FII/FPI,3129.51,2695.92,433.59
21-02-2013,DII,1304.63,1533.41,-228.78,FII/FPI,4529.02,3315.45,1213.57
22-02-2013,DII,937.21,1289.19,-351.98,FII/FPI,2864.02,2583.72,280.3
25-02-2013,DII,820.75,982.72,-161.97,FII/FPI,2527.79,2281.08,246.71
26-02-2013,DII,1213.8,1374.41,-160.61,FII/FPI,3150.24,3075.56,74.68
27-02-2013,DII,1225.26,1200.56,24.7,FII/FPI,3666.18,3559.82,106.36
28-02-2013,DII,2491.7,2073.76,417.94,FII/FPI,7216,8533.79,-1317.79
01-03-2013,DII,996.46,1902.42,-905.96,FII/FPI,3089.48,1692.11,1397.37
04-03-2013,DII,830.24,792.51,37.73,FII/FPI,2353.92,2722.31,-368.39
05-03-2013,DII,886.12,1678.9,-792.78,FII/FPI,2903.75,1949.8,953.95
06-03-2013,DII,970.34,1042.15,-71.81,FII/FPI,2467.79,2554.46,-86.67
07-03-2013,DII,1207.37,954.49,252.88,FII/FPI,2335.64,3040.7,-705.06
09-03-2013,DII,1400.58,804.15,596.43,FII/FPI,2065.95,2782.11,-716.16
10-03-2013,DII,1074.65,1567.65,-493,FII/FPI,3891.02,2893.81,997.21
11-03-2013,DII,12.47,12.75,-0.28,FII/FPI,5.03,1.05,3.98
12-03-2013,DII,883.29,1554.55,-671.26,FII/FPI,2538.4,2021.81,516.59
13-03-2013,DII,687.28,1121.66,-434.38,FII/FPI,2508.12,2204.29,303.83
14-03-2013,DII,893.79,1722.98,-829.19,FII/FPI,3261.11,2654,607.11
15-03-2013,DII,1048.84,1633.32,-584.48,FII/FPI,4384.65,3365.72,1018.93
18-03-2013,DII,615.21,1075.1,-459.89,FII/FPI,2697.35,2191.35,506
19-03-2013,DII,1481.04,1409.66,71.38,FII/FPI,3881.39,3818.76,62.63
20-03-2013,DII,1225.37,1582.3,-356.93,FII/FPI,3323.53,3560.25,-236.72
21-03-2013,DII,1249.68,1279.76,-30.08,FII/FPI,3469.45,3101.14,368.31
22-03-2013,DII,1053.27,1188.84,-135.57,FII/FPI,2931.55,2945.75,-14.2
25-03-2013,DII,1089.57,1515.18,-425.61,FII/FPI,3366.18,2648.29,717.89
26-03-2013,DII,928.57,1052.78,-124.21,FII/FPI,2898.54,2360.27,538.27
28-03-2013,DII,1477,1823.12,-346.12,FII/FPI,5973.44,5399.57,573.87
01-04-2013,DII,1148.55,1973.95,-825.4,FII/FPI,3187.89,2023.48,1164.41
02-04-2013,DII,746.78,1339.11,-592.33,FII/FPI,3489.13,2632.19,856.94
03-04-2013,DII,958.88,1069.96,-111.08,FII/FPI,3422.48,3452.58,-30.1
04-04-2013,DII,921.28,856.55,64.73,FII/FPI,1942.7,2268.91,-326.21
06-04-2013,DII,802.98,1019.43,-216.45,FII/FPI,2434.43,2349.64,84.79
07-04-2013,DII,948.57,1024.78,-76.21,FII/FPI,2079.02,1914.46,164.56
09-04-2013,DII,970.18,1192.54,-222.36,FII/FPI,2800.26,2627.73,172.53
10-04-2013,DII,843.71,1145.78,-302.07,FII/FPI,2316.54,1775.18,541.36
12-04-2013,DII,1034.55,1052.6,-18.05,FII/FPI,2340.77,2288.66,52.11
16-04-2013,DII,792.91,997.8,-204.89,FII/FPI,3095.66,2503.91,591.75
17-04-2013,DII,1043.55,1304.48,-260.93,FII/FPI,3714.78,3508.1,206.68
18-04-2013,DII,953.71,1358.93,-405.22,FII/FPI,3633.75,2693.68,940.07
22-04-2013,DII,1025.65,1468.19,-442.54,FII/FPI,3656.18,2740.36,915.82
23-04-2013,DII,587.25,1115.54,-528.29,FII/FPI,2375.76,2149.55,226.21
25-04-2013,DII,1054.58,2324.01,-1269.43,FII/FPI,6226.62,4776.92,1449.7
26-04-2013,DII,1034.39,1412.17,-377.78,FII/FPI,3337.36,3112.61,224.75
29-04-2013,DII,1014.58,1380.78,-366.2,FII/FPI,2855.4,2235.02,620.38
30-04-2013,DII,1119.32,1466.49,-347.17,FII/FPI,3692.7,2815.77,876.93
02-05-2013,DII,817.08,1756,-938.92,FII/FPI,3256.71,2767.44,489.27
03-05-2013,DII,1164.08,1408.88,-244.8,FII/FPI,3439.84,3219.05,220.79
04-05-2013,DII,963.91,942.44,21.47,FII/FPI,2018.73,2221.92,-203.19
06-05-2013,DII,790.34,890.09,-99.75,FII/FPI,2305.86,2217.37,88.49
07-05-2013,DII,891.54,786.27,105.27,FII/FPI,1545.4,1561.11,-15.71
08-05-2013,DII,833.89,1137.02,-303.13,FII/FPI,2900.52,2867.17,33.35
09-05-2013,DII,1158.6,1651.42,-492.82,FII/FPI,4293.44,3192.03,1101.41
11-05-2013,DII,539.05,1223.01,-683.96,FII/FPI,2993.35,2830.82,162.53
12-05-2013,DII,1138.04,1812.06,-674.02,FII/FPI,3925.95,2774.44,1151.51
13-05-2013,DII,651.09,1105.91,-454.82,FII/FPI,1872.3,1628.21,244.09
14-05-2013,DII,552.49,965.15,-412.66,FII/FPI,2276.29,1855.3,420.99
15-05-2013,DII,1244.05,1991.16,-747.11,FII/FPI,4362.4,2715.45,1646.95
16-05-2013,DII,1298.93,1689.35,-390.42,FII/FPI,3892.2,2821.88,1070.32
17-05-2013,DII,999.2,1715.89,-716.69,FII/FPI,3140.1,2272.17,867.93
20-05-2013,DII,1011.53,1775.85,-764.32,FII/FPI,3043.41,2290.04,753.37
21-05-2013,DII,686.14,1552.84,-866.7,FII/FPI,2837.79,2158.35,679.44
22-05-2013,DII,554.13,1527.28,-973.15,FII/FPI,2733.2,2193.01,540.19
23-05-2013,DII,1162.23,1700.98,-538.75,FII/FPI,3783.2,3466.97,316.23
24-05-2013,DII,1080.3,1213.09,-132.79,FII/FPI,2337.08,2575.64,-238.56
27-05-2013,DII,696.51,1212.9,-516.39,FII/FPI,2525.75,2119.72,406.03
28-05-2013,DII,708.9,1216.72,-507.82,FII/FPI,2851.06,2139.94,711.12
29-05-2013,DII,620.84,928.96,-308.12,FII/FPI,2995.56,2351.75,643.81
30-05-2013,DII,1070.88,1386.74,-315.86,FII/FPI,5826.88,5039.41,787.47
31-05-2013,DII,1444.31,1241.2,203.11,FII/FPI,5403.98,5908,-504.02
02-06-2013,DII,800.41,2024.48,-1224.07,FII/FPI,4047.23,2909.27,1137.96
03-06-2013,DII,938.92,1538.91,-599.99,FII/FPI,3505.68,2981.63,524.05
05-06-2013,DII,622.05,1162.88,-540.83,FII/FPI,2402.72,1505.26,897.46
06-06-2013,DII,1033.05,734.97,298.08,FII/FPI,2088.43,2358.9,-270.47
08-06-2013,DII,1217.41,1541.15,-323.74,FII/FPI,3275.31,3062.57,212.74
09-06-2013,DII,1204.47,1443,-238.53,FII/FPI,3856.12,3055.41,800.71
11-06-2013,DII,600.34,1145.54,-545.2,FII/FPI,2072.48,1800.78,271.7
12-06-2013,DII,946.59,1690.52,-743.93,FII/FPI,3111.35,2247.58,863.77
13-06-2013,DII,1691.25,977.48,713.77,FII/FPI,2460.85,3018.91,-558.06
14-06-2013,DII,1648.51,737.89,910.62,FII/FPI,3390.93,3696.61,-305.68
17-06-2013,DII,1123.21,761.68,361.53,FII/FPI,1693.88,1858.98,-165.1
18-06-2013,DII,1246.13,663.48,582.65,FII/FPI,1784.15,2381.53,-597.38
19-06-2013,DII,1171.53,755.71,415.82,FII/FPI,1984.88,2529.84,-544.96
20-06-2013,DII,2605.19,1272.69,1332.5,FII/FPI,2283.48,4377.54,-2094.06
21-06-2013,DII,2167.16,970.51,1196.65,FII/FPI,2796.9,4565.5,-1768.6
24-06-2013,DII,1897.71,966.6,931.11,FII/FPI,2344.26,3897.24,-1552.98
25-06-2013,DII,1993.06,1168.7,824.36,FII/FPI,2519.4,3805.26,-1285.86
26-06-2013,DII,1187,850.02,336.98,FII/FPI,3062.4,3610.19,-547.79
27-06-2013,DII,1290.11,931.73,358.38,FII/FPI,5110.77,6154.04,-1043.27
28-06-2013,DII,1430.12,2011.4,-581.28,FII/FPI,5792.07,4667.76,1124.31
02-07-2013,DII,827.75,1817.48,-989.73,FII/FPI,3121.19,2294.05,827.14
03-07-2013,DII,713.69,1428.8,-715.11,FII/FPI,3197.69,2567.22,630.47
05-07-2013,DII,744.18,1473.35,-729.17,FII/FPI,3021.82,2366.61,655.21
06-07-2013,DII,980.79,808.09,172.7,FII/FPI,2444.08,2286.18,157.9
08-07-2013,DII,1561.88,1300.15,261.73,FII/FPI,3428.17,3779.09,-350.92
10-07-2013,DII,794.74,1062.2,-267.46,FII/FPI,2422.94,1928.81,494.13
11-07-2013,DII,613.88,1328.95,-715.07,FII/FPI,2059.67,1580.43,479.24
15-07-2013,DII,1217.46,763.18,454.28,FII/FPI,1908.56,2135.81,-227.25
16-07-2013,DII,1371.11,1581.66,-210.55,FII/FPI,2503.01,2860.41,-357.4
17-07-2013,DII,1902.53,1976.39,-73.86,FII/FPI,4218.43,4244.52,-26.09
18-07-2013,DII,1423.83,1663.24,-239.41,FII/FPI,3188.45,3366.74,-178.29
19-07-2013,DII,1364.17,1593.27,-229.1,FII/FPI,3396.35,3144.09,252.26
22-07-2013,DII,1262.87,963.02,299.85,FII/FPI,1758.33,2164.35,-406.02
23-07-2013,DII,1072.01,1011.15,60.86,FII/FPI,2527.54,2316.18,211.36
24-07-2013,DII,1384.44,1713.24,-328.8,FII/FPI,2871.92,3276.42,-404.5
25-07-2013,DII,1978.18,2116.98,-138.8,FII/FPI,4232.84,4675.78,-442.94
26-07-2013,DII,1116.55,1605.72,-489.17,FII/FPI,2787.19,2509.15,278.04
29-07-2013,DII,1108.18,1209.44,-101.26,FII/FPI,2180.38,2412.15,-231.77
30-07-2013,DII,1256.61,1671.61,-415,FII/FPI,2545.31,2288.86,256.45
31-07-2013,DII,1791.08,1919.1,-128.02,FII/FPI,5007.17,4864.3,142.87
01-08-2013,DII,735.4,1763.52,-1028.12,FII/FPI,3177.07,2289.69,887.38
02-08-2013,DII,953.3,1662.66,-709.36,FII/FPI,4385.02,2894.2,1490.82
03-08-2013,DII,868.5,1705.08,-836.58,FII/FPI,3442.45,2158.87,1283.58
04-08-2013,DII,777.09,564.37,212.72,FII/FPI,1546.88,1710.83,-163.95
05-08-2013,DII,782.24,1451.32,-669.08,FII/FPI,3036.88,2059.89,976.99
07-08-2013,DII,831.09,890.2,-59.11,FII/FPI,2117.95,2322.41,-204.46
08-08-2013,DII,1484.38,968.23,516.15,FII/FPI,2888.12,3283.9,-395.78
10-08-2013,DII,706.64,1160.99,-454.35,FII/FPI,2611.1,2384.78,226.32
11-08-2013,DII,652.33,1567.96,-915.63,FII/FPI,2366.4,1954.37,412.03
13-08-2013,DII,1242.5,1127.21,115.29,FII/FPI,3419.1,3192.02,227.08
14-08-2013,DII,1401.47,1152.19,249.28,FII/FPI,2819.2,2571.24,247.96
16-08-2013,DII,1940.51,1208.28,732.23,FII/FPI,4336.64,4899.87,-563.23
19-08-2013,DII,1458.93,1086.28,372.65,FII/FPI,2805.12,3485.2,-680.08
20-08-2013,DII,1991.2,925.05,1066.15,FII/FPI,2989.94,4414.26,-1424.32
21-08-2013,DII,1831.7,1056.25,775.45,FII/FPI,3955.22,4747.33,-792.11
22-08-2013,DII,1682.21,1292.55,389.66,FII/FPI,3531.13,4808.77,-1277.64
23-08-2013,DII,1496.8,740.93,755.87,FII/FPI,3433.98,3582.55,-148.57
26-08-2013,DII,1472.37,1062.38,409.99,FII/FPI,2251.05,2858.48,-607.43
27-08-2013,DII,1713.12,1232.62,480.5,FII/FPI,2936.12,4310.11,-1373.99
28-08-2013,DII,2243.56,1736.78,506.78,FII/FPI,4107,5227.43,-1120.43
29-08-2013,DII,1649.16,1724.96,-75.8,FII/FPI,4904.11,5152.29,-248.18
30-08-2013,DII,2251.77,1520.7,731.07,FII/FPI,6422.29,6501.14,-78.85
01-09-2013,DII,1111.15,1629.45,-518.3,FII/FPI,3784.62,2935.67,848.95
04-09-2013,DII,1628.17,640.36,987.81,FII/FPI,2080.02,2744.92,-664.9
05-09-2013,DII,736.23,1212.92,-476.69,FII/FPI,2249.43,1586.55,662.88
07-09-2013,DII,1070.75,1032.92,37.83,FII/FPI,2603.01,2437.41,165.6
10-09-2013,DII,1265.51,1362.61,-97.1,FII/FPI,2706.65,2380.07,326.58
12-09-2013,DII,1236.34,2442.15,-1205.81,FII/FPI,4863.1,2389.93,2473.17
13-09-2013,DII,744.2,896.29,-152.09,FII/FPI,2688.62,2786.62,-98
16-09-2013,DII,1032.31,1457.48,-425.17,FII/FPI,2829.31,2546.44,282.87
17-09-2013,DII,477.43,978.62,-501.19,FII/FPI,2345.89,2027.84,318.05
18-09-2013,DII,680.82,1189.23,-508.41,FII/FPI,2476.35,1896.22,580.13
19-09-2013,DII,1324.83,3154.55,-1829.72,FII/FPI,7118.16,3574.32,3543.84
20-09-2013,DII,1080.6,1870.82,-790.22,FII/FPI,5476.38,4530.62,945.76
23-09-2013,DII,822.05,1567.93,-745.88,FII/FPI,2779.44,2860.01,-80.57
24-09-2013,DII,1036.3,1530.04,-493.74,FII/FPI,3122.21,3143.3,-21.09
25-09-2013,DII,772.14,1245.42,-473.28,FII/FPI,3365.87,2983.42,382.45
26-09-2013,DII,1178.09,1540.2,-362.11,FII/FPI,3432.45,3260.3,172.15
27-09-2013,DII,941.05,1056.32,-115.27,FII/FPI,1787.12,2032.07,-244.95
30-09-2013,DII,1072.96,983.2,89.76,FII/FPI,2147.39,2667.03,-519.64
04-10-2013,DII,841.82,644.53,197.29,FII/FPI,2822.16,2781.94,40.22
05-10-2013,DII,755.87,1258.19,-502.32,FII/FPI,2395.67,1851.56,544.11
06-10-2013,DII,764.93,834.68,-69.75,FII/FPI,2229.24,2343.24,-114
07-10-2013,DII,1011.37,982.59,28.78,FII/FPI,2004.86,1929.4,75.46
09-10-2013,DII,954.02,2352.07,-1398.05,FII/FPI,5984.75,3421.15,2563.6
10-10-2013,DII,933.06,1393.53,-460.47,FII/FPI,2294.53,1680.26,614.27
12-10-2013,DII,1165.87,1794.03,-628.16,FII/FPI,4574.97,4179.29,395.68
14-10-2013,DII,555.35,1196.55,-641.2,FII/FPI,2237.36,1507.07,730.29
15-10-2013,DII,571.31,1606.65,-1035.34,FII/FPI,2546.04,1409.81,1136.23
17-10-2013,DII,590.91,1740.13,-1149.22,FII/FPI,3942.6,2832.67,1109.93
18-10-2013,DII,1105.15,1667.38,-562.23,FII/FPI,3861.16,2108.18,1752.98
21-10-2013,DII,782.48,1506.58,-724.1,FII/FPI,2871.82,1840.03,1031.79
22-10-2013,DII,639.48,1484.78,-845.3,FII/FPI,2548.94,1754.04,794.9
23-10-2013,DII,752.53,1298.1,-545.57,FII/FPI,2605.31,1960.51,644.8
24-10-2013,DII,800.89,1536.29,-735.4,FII/FPI,2890.31,1898.48,991.83
25-10-2013,DII,657.4,1155.35,-497.95,FII/FPI,2300.66,1673.67,626.99
28-10-2013,DII,458.04,1360.72,-902.68,FII/FPI,2328.97,1692.19,636.78
29-10-2013,DII,991.53,1885.57,-894.04,FII/FPI,2838.12,1735.08,1103.04
30-10-2013,DII,907.29,1457.89,-550.6,FII/FPI,2910.2,1893.43,1016.77
31-10-2013,DII,1207.4,2041.19,-833.79,FII/FPI,5667.87,3792,1875.87
01-11-2013,DII,1363.88,1879.95,-516.07,FII/FPI,3507.98,2682.81,825.17
02-11-2013,DII,668.09,1608.99,-940.9,FII/FPI,3630.49,2634.66,995.83
03-11-2013,DII,830.63,1617.21,-786.58,FII/FPI,3240.64,2252.42,988.22
04-11-2013,DII,659.02,601.31,57.71,FII/FPI,3395.11,3358.48,36.63
06-11-2013,DII,1754.63,1441.21,313.42,FII/FPI,2612.89,3498.74,-885.85
07-11-2013,DII,842.71,1077.32,-234.61,FII/FPI,2527.29,1889.03,638.26
09-11-2013,DII,1309.22,1695.34,-386.12,FII/FPI,3272.46,2685.96,586.5
10-11-2013,DII,947.35,1491.54,-544.19,FII/FPI,2765.32,1754.87,1010.45
11-11-2013,DII,562.01,1344.54,-782.53,FII/FPI,2317.24,1983.74,333.5
12-11-2013,DII,712.69,1554.64,-841.95,FII/FPI,2972.33,2009.62,962.71
13-11-2013,DII,892.26,1145.27,-253.01,FII/FPI,2592.58,2292.88,299.7
14-11-2013,DII,838.72,1249.53,-410.81,FII/FPI,2624,1653.97,970.03
18-11-2013,DII,677.3,1332.7,-655.4,FII/FPI,3504.59,2346.02,1158.57
19-11-2013,DII,654.41,1380.96,-726.55,FII/FPI,2835.17,1820.56,1014.61
20-11-2013,DII,711,994.81,-283.81,FII/FPI,2626.72,2546.32,80.4
21-11-2013,DII,623.68,1274.34,-650.66,FII/FPI,2445.54,2505.34,-59.8
22-11-2013,DII,705.87,958.32,-252.45,FII/FPI,1864.71,1867.54,-2.83
25-11-2013,DII,667.72,1460.15,-792.43,FII/FPI,2558.3,1720.5,837.8
26-11-2013,DII,1181.92,1538.82,-356.9,FII/FPI,6271.27,6610.43,-339.16
27-11-2013,DII,778.26,836.39,-58.13,FII/FPI,2410.92,2459.45,-48.53
28-11-2013,DII,1790.8,1460.29,330.51,FII/FPI,3136.23,3033.32,102.91
29-11-2013,DII,1042.58,1144.34,-101.76,FII/FPI,2632.22,1887.06,745.16
02-12-2013,DII,814.97,1227.12,-412.15,FII/FPI,2528.32,1924.16,604.16
03-12-2013,DII,625.67,1503.05,-877.38,FII/FPI,2740.66,2007.41,733.25
04-12-2013,DII,795.91,1107.83,-311.92,FII/FPI,2858.2,2886.79,-28.59
06-12-2013,DII,1788.65,1070.76,717.89,FII/FPI,2511.04,3571.21,-1060.17
07-12-2013,DII,1153.92,1298.89,-144.97,FII/FPI,2902.7,2257.88,644.82
08-12-2013,DII,1122.89,864.08,258.81,FII/FPI,3227.31,2818.95,408.36
09-12-2013,DII,1065.48,1460.97,-395.49,FII/FPI,3764.75,2834.21,930.54
11-12-2013,DII,520.8,1391.2,-870.4,FII/FPI,2558.77,2211.19,347.58
12-12-2013,DII,750.14,1104.99,-354.85,FII/FPI,2876.19,2688.38,187.81
13-12-2013,DII,991.13,1036.2,-45.07,FII/FPI,3121.35,3553.37,-432.02
16-12-2013,DII,997.8,1127.3,-129.5,FII/FPI,2333.74,2174.19,159.55
17-12-2013,DII,1057.52,1154.35,-96.83,FII/FPI,3130.68,2880.75,249.93
18-12-2013,DII,973.59,1386.6,-413.01,FII/FPI,4557.33,3358.73,1198.6
19-12-2013,DII,1617.49,1659.08,-41.59,FII/FPI,4286.14,2022.03,2264.11
20-12-2013,DII,1155.52,1403.47,-247.95,FII/FPI,3444.87,2454.68,990.19
23-12-2013,DII,980.95,942.6,38.35,FII/FPI,2781.45,2646.03,135.42
24-12-2013,DII,819.29,863.19,-43.9,FII/FPI,1175.13,1134.46,40.67
26-12-2013,DII,1133.18,1336.62,-203.44,FII/FPI,2665.98,1922.28,743.7
27-12-2013,DII,793.34,953.19,-159.85,FII/FPI,1352.35,1056.59,295.76
30-12-2013,DII,676.58,883.73,-207.15,FII/FPI,1304.93,1188.87,116.06
31-12-2013,DII,610.9,890.79,-279.89,FII/FPI,1545.81,1236.11,309.7
01-01-2014,DII,359.22,581.34,-222.12,FII/FPI,225.12,214.96,10.16
04-01-2014,DII,1158.87,1406.75,-247.88,FII/FPI,3568.87,3183.21,385.66
07-01-2014,DII,1245.28,2019.94,-774.66,FII/FPI,3790.73,2934.38,856.35
08-01-2014,DII,2441.26,1366.56,1074.7,FII/FPI,4694.49,5767.45,-1072.96
09-01-2014,DII,1135.18,1696.87,-561.69,FII/FPI,3833.02,3278.88,554.14
10-01-2014,DII,1418.1,1262.41,155.69,FII/FPI,3534.85,3598.09,-63.24
12-01-2014,DII,1572.33,2127.5,-555.17,FII/FPI,4336.73,4349.09,-12.36
13-01-2014,DII,778.96,1096.48,-317.52,FII/FPI,2977.97,2564.12,413.85
14-01-2014,DII,587.23,685.16,-97.93,FII/FPI,2393.4,2654.28,-260.88
15-01-2014,DII,781.7,1471.72,-690.02,FII/FPI,3635.25,2921.96,713.29
16-01-2014,DII,868.11,1659.86,-791.75,FII/FPI,3676.96,3197.68,479.28
17-01-2014,DII,1516.24,1374.59,141.65,FII/FPI,4973.63,4898.36,75.27
20-01-2014,DII,859.79,1170.26,-310.47,FII/FPI,2605.65,2220.76,384.89
21-01-2014,DII,1031.91,850.41,181.5,FII/FPI,2862.48,2906.22,-43.74
22-01-2014,DII,917.03,1007.6,-90.57,FII/FPI,3241.2,2961.75,279.45
23-01-2014,DII,842.28,1235.96,-393.68,FII/FPI,3213.91,2780.31,433.6
24-01-2014,DII,1093.35,1171.4,-78.05,FII/FPI,3136.11,3367.07,-230.96
27-01-2014,DII,1484,1332.98,151.02,FII/FPI,2733.82,4068.03,-1334.21
28-01-2014,DII,2468.29,1289.48,1178.81,FII/FPI,2756.77,4024.12,-1267.35
29-01-2014,DII,1287.61,1304.48,-16.87,FII/FPI,3251.51,3001.03,250.48
30-01-2014,DII,1878.97,1746.96,132.01,FII/FPI,3905.65,4335.85,-430.2
31-01-2014,DII,1294.09,967.08,327.01,FII/FPI,2798.91,3451.88,-652.97
01-02-2014,DII,914.67,1104.42,-189.75,FII/FPI,2396.16,1722.11,674.05
04-02-2014,DII,1455.93,1927.71,-471.78,FII/FPI,4650.19,4055.52,594.67
05-02-2014,DII,772.4,1178.05,-405.65,FII/FPI,2777.61,2390.66,386.95
06-02-2014,DII,1478.47,1627.28,-148.81,FII/FPI,3418.27,3183.78,234.49
07-02-2014,DII,1471.88,1879.59,-407.71,FII/FPI,4805.76,3515.08,1290.68
09-02-2014,DII,1820.36,1988.21,-167.85,FII/FPI,3876.27,3203.46,672.81
12-02-2014,DII,1513.18,1553.6,-40.42,FII/FPI,3570.7,3463.88,106.82
13-02-2014,DII,763.56,1055.96,-292.4,FII/FPI,2470.02,2070.62,399.4
14-02-2014,DII,805.14,850.14,-45,FII/FPI,2345.63,2361.49,-15.86
17-02-2014,DII,490.88,736.05,-245.17,FII/FPI,2461.48,1938.66,522.82
18-02-2014,DII,738.64,893.47,-154.83,FII/FPI,2327.07,2034.84,292.23
19-02-2014,DII,458.89,797.63,-338.74,FII/FPI,1812.17,1343.7,468.47
20-02-2014,DII,457.4,1058.11,-600.71,FII/FPI,2382.18,2175.72,206.46
21-02-2014,DII,582.18,963.73,-381.55,FII/FPI,2371.43,1768.02,603.41
24-02-2014,DII,580.59,829.08,-248.49,FII/FPI,2379.03,2112.16,266.87
25-02-2014,DII,790.52,1079.64,-289.12,FII/FPI,2649.66,2226.25,423.41
26-02-2014,DII,1163.89,1415.8,-251.91,FII/FPI,4047.65,3536.5,511.15
28-02-2014,DII,1334.45,1322.43,12.02,FII/FPI,6737.21,6145.39,591.82
01-03-2014,DII,927.26,1208.03,-280.77,FII/FPI,1876.98,1895.04,-18.06
02-03-2014,DII,1294.09,967.08,327.01,FII/FPI,2798.91,3451.88,-652.97
03-03-2014,DII,2717.47,1151.16,1566.31,FII/FPI,2524.18,2325.65,198.53
04-03-2014,DII,1091.01,1807.58,-716.57,FII/FPI,4733.22,4015.83,717.39
06-03-2014,DII,1486.77,1386.96,99.81,FII/FPI,5615.85,5040.76,575.09
07-03-2014,DII,1209.54,1833.75,-624.21,FII/FPI,4409.29,3458.47,950.82
09-03-2014,DII,1762.22,2231.91,-469.69,FII/FPI,6178.38,4889.81,1288.57
11-03-2014,DII,1334.2,2517.28,-1183.08,FII/FPI,4459.07,3045.73,1413.34
12-03-2014,DII,1976.4,2133.63,-157.23,FII/FPI,4758.37,4367.3,391.07
13-03-2014,DII,1215.54,1529.94,-314.4,FII/FPI,3955.11,3338.49,616.62
14-03-2014,DII,733.47,1599.89,-866.42,FII/FPI,3951.44,2969.25,982.19
18-03-2014,DII,1156.69,1358.66,-201.97,FII/FPI,4629.09,3617.14,1011.95
19-03-2014,DII,1328.84,1939.8,-610.96,FII/FPI,4655.28,3585.54,1069.74
20-03-2014,DII,945.3,1508.59,-563.29,FII/FPI,3528.74,2806.72,722.02
21-03-2014,DII,3605.21,7681.81,-4076.6,FII/FPI,8460.75,4238.65,4222.1
24-03-2014,DII,972.7,1743.09,-770.39,FII/FPI,3889.48,2423.86,1465.62
25-03-2014,DII,1177,1721,-544,FII/FPI,3943,2720,1223
26-03-2014,DII,1644.44,2000.55,-356.11,FII/FPI,3965.79,2961.27,1004.52
27-03-2014,DII,2324.96,2916.79,-591.83,FII/FPI,8064.48,5872.55,2191.93
28-03-2014,DII,1360.21,1568.55,-208.34,FII/FPI,4323.8,2960.93,1362.87
31-03-2014,DII,1358.08,1969.3,-611.22,FII/FPI,4248.84,3305.98,942.86
02-04-2014,DII,1969.84,1105.29,864.55,FII/FPI,1897.83,3131.85,-1234.02
03-04-2014,DII,1087.73,1432.23,-344.5,FII/FPI,2528.91,2343.3,185.61
04-04-2014,DII,977.9,2102.96,-1125.06,FII/FPI,3106.52,2874.06,232.46
07-04-2014,DII,989.16,1842.26,-853.1,FII/FPI,3626.61,2683.42,943.19
08-04-2014,DII,1384.14,1634.94,-250.8,FII/FPI,4196.86,3824.3,372.56
09-04-2014,DII,1172.65,1727.88,-555.23,FII/FPI,5458.31,3760.57,1697.74
12-04-2014,DII,1236.04,1822.02,-585.98,FII/FPI,4043.19,3569.19,474
15-04-2014,DII,1150.09,1428.36,-278.27,FII/FPI,3695.95,3717.58,-21.63
16-04-2014,DII,1058.34,1406.04,-347.7,FII/FPI,2998.97,3043.66,-44.69
17-04-2014,DII,1531.02,1653.77,-122.75,FII/FPI,3360.34,2926.94,433.4
21-04-2014,DII,1419.49,1637.15,-217.66,FII/FPI,2258.18,2045.33,212.85
22-04-2014,DII,1074.26,1372.72,-298.46,FII/FPI,2520.78,2357.85,162.93
23-04-2014,DII,1732.51,2266.39,-533.88,FII/FPI,5607.62,4840.01,767.61
25-04-2014,DII,1055.59,1472.89,-417.3,FII/FPI,4618.36,4323.35,295.01
28-04-2014,DII,931.52,1302.05,-370.53,FII/FPI,3541.13,3464.11,77.02
29-04-2014,DII,853.04,1403.93,-550.89,FII/FPI,2736.04,2448.06,287.98
30-04-2014,DII,1329.06,1322.6,6.46,FII/FPI,4444.92,3990.44,454.48
02-05-2014,DII,1610.18,794.95,815.23,FII/FPI,2286.14,2862.34,-576.2
03-05-2014,DII,983.98,1185.83,-201.85,FII/FPI,3103.41,2366.12,737.29
05-05-2014,DII,1065.17,1065.17,0,FII/FPI,2237,1957.14,279.86
06-05-2014,DII,1807.48,2233.27,-425.79,FII/FPI,7408.08,6039.11,1368.97
08-05-2014,DII,1306.52,1244.3,62.22,FII/FPI,3029.3,2976.45,52.85
09-05-2014,DII,1217.3,1572.11,-354.81,FII/FPI,3807.81,3497.3,310.51
11-05-2014,DII,1307.55,2512.18,-1204.63,FII/FPI,7123.22,6092.37,1030.85
12-05-2014,DII,1537.3,1371.25,166.05,FII/FPI,4071.22,4180.67,-109.45
13-05-2014,DII,1638.14,2287.56,-649.42,FII/FPI,6199.33,4173.1,2026.23
14-05-2014,DII,1294.01,1704.02,-410.01,FII/FPI,5378.75,3858.67,1520.08
15-05-2014,DII,1705.37,2090.77,-385.4,FII/FPI,4821.3,3886.36,934.94
16-05-2014,DII,3329.16,3678.48,-349.32,FII/FPI,11962.31,8327.49,3634.82
19-05-2014,DII,3299.12,3647.6,-348.48,FII/FPI,8446.21,7096.17,1350.04
20-05-2014,DII,1560.27,2217.1,-656.83,FII/FPI,7008.21,7112.74,-104.53
21-05-2014,DII,1575.7,2014.73,-439.03,FII/FPI,5630.6,5896.82,-266.22
22-05-2014,DII,2086.27,1883.2,203.07,FII/FPI,6656.03,6951.02,-294.99
23-05-2014,DII,1864.56,2000.06,-135.5,FII/FPI,6726.68,6309.88,416.8
26-05-2014,DII,2498.83,2707.22,-208.39,FII/FPI,5744.28,5828.41,-84.13
27-05-2014,DII,1449.11,1544.74,-95.63,FII/FPI,5062.53,5265.14,-202.61
28-05-2014,DII,1525.53,1558.93,-33.4,FII/FPI,5553.09,5839.63,-286.54
29-05-2014,DII,2386.37,2191.17,195.2,FII/FPI,6821.81,7344.71,-522.9
01-06-2014,DII,1080.83,1103.37,-22.54,FII/FPI,1928.9,2247.81,-318.91
02-06-2014,DII,1641.95,1031.15,610.8,FII/FPI,2787,2776.25,10.75
03-06-2014,DII,989.17,1556.27,-567.1,FII/FPI,4038.74,2765.81,1272.93
05-06-2014,DII,1352.01,1407.74,-55.73,FII/FPI,1702.11,1656.18,45.93
06-06-2014,DII,2036.19,2351.34,-315.15,FII/FPI,7957.08,6674.04,1283.04
08-06-2014,DII,1148.74,1116.15,32.59,FII/FPI,4052.29,3768.42,283.87
13-06-2014,DII,1545.83,1187.12,358.71,FII/FPI,5305.7,4205.78,1099.92
16-06-2014,DII,1187.21,1635.51,-448.3,FII/FPI,3715.13,3909.23,-194.1
17-06-2014,DII,1435.15,1671.94,-236.79,FII/FPI,4641.02,4593,48.02
18-06-2014,DII,1649.51,1331.36,318.15,FII/FPI,4438.7,4072.52,366.18
19-06-2014,DII,1213.19,1331,-117.81,FII/FPI,3982.66,4403.17,-420.51
20-06-2014,DII,1099.21,1025.36,73.85,FII/FPI,4132.41,4353.06,-220.65
23-06-2014,DII,1655.84,1538.41,117.43,FII/FPI,2764.53,2979.02,-214.49
24-06-2014,DII,1550.52,1766.69,-216.17,FII/FPI,3817.74,3533.13,284.61
25-06-2014,DII,1410.34,1843.97,-433.63,FII/FPI,3739.2,3044.57,694.63
26-06-2014,DII,2034.67,1863.75,170.92,FII/FPI,4465.65,5067.54,-601.89
27-06-2014,DII,1422.69,1595.09,-172.4,FII/FPI,3780.97,3598.42,182.55
30-06-2014,DII,1644.57,1825.8,-181.23,FII/FPI,5228.56,3940.4,1288.16
01-07-2014,DII,1115.68,1056.24,59.44,FII/FPI,2227.91,2794.93,-567.02
02-07-2014,DII,1641.95,1031.15,610.8,FII/FPI,2787,2776.25,10.75
03-07-2014,DII,1678.02,2347.6,-669.58,FII/FPI,6398.33,3820.89,2577.44
04-07-2014,DII,689.84,1771.2,-1081.36,FII/FPI,3591.96,2888.25,703.71
05-07-2014,DII,1250.19,1509.07,-258.88,FII/FPI,4257.46,4138.35,119.11
07-07-2014,DII,1935.4,2020.62,-85.22,FII/FPI,5720.05,5521.48,198.57
08-07-2014,DII,1290.1,1061.11,228.99,FII/FPI,2714.74,2787.81,-73.07
10-07-2014,DII,1814.9,1487.25,327.65,FII/FPI,5056.61,5389.45,-332.84
11-07-2014,DII,1818.33,2010.53,-192.2,FII/FPI,8091.15,5554.02,2537.13
14-07-2014,DII,1352.17,1020.65,331.52,FII/FPI,3026.32,3584.57,-558.25
15-07-2014,DII,1464.59,992.81,471.78,FII/FPI,3026.38,3029.78,-3.4
16-07-2014,DII,1600.18,1648.66,-48.48,FII/FPI,4501.16,3879.48,621.68
17-07-2014,DII,1454.82,2770.84,-1316.02,FII/FPI,4488.64,2576.22,1912.42
18-07-2014,DII,1074.52,1357.69,-283.17,FII/FPI,3291.31,2716.84,574.47
21-07-2014,DII,992.28,1173.44,-181.16,FII/FPI,2674.38,2513.21,161.17
22-07-2014,DII,1482.39,1423.16,59.23,FII/FPI,3509.38,3097.35,412.03
23-07-2014,DII,1348.27,1640.36,-292.09,FII/FPI,3652.41,3000.01,652.4
24-07-2014,DII,1224.83,1515.18,-290.35,FII/FPI,3269.44,2987,282.44
25-07-2014,DII,1665.38,1875.4,-210.02,FII/FPI,3749.73,3624.22,125.51
28-07-2014,DII,1388.94,1333.03,55.91,FII/FPI,2919.4,2844.36,75.04
30-07-2014,DII,2453.02,1937.37,515.65,FII/FPI,6133.66,6515.32,-381.66
31-07-2014,DII,3287.18,1866.82,1420.36,FII/FPI,7142.2,8797.06,-1654.86
01-08-2014,DII,1114.1,1202.25,-88.15,FII/FPI,2789.11,2709.43,79.68
05-08-2014,DII,1371.27,1491.17,-119.9,FII/FPI,3546.43,3183.19,363.24
07-08-2014,DII,1450.28,1849.84,-399.56,FII/FPI,5138.38,4715.66,422.72
08-08-2014,DII,1560.6,1104.58,456.02,FII/FPI,2754.39,3258.13,-503.74
09-08-2014,DII,1530.08,2038.45,-508.37,FII/FPI,4416.57,3253.59,1162.98
10-08-2014,DII,1937.08,1273.99,663.09,FII/FPI,3252.99,4693.98,-1440.99
12-08-2014,DII,2458.71,1428.06,1030.65,FII/FPI,8206.6,3222,4984.6
13-08-2014,DII,1627.54,1605.51,22.03,FII/FPI,4745.81,4027.54,718.27
14-08-2014,DII,1487.34,1351.59,135.75,FII/FPI,3696.35,3071.17,625.18
18-08-2014,DII,1526.35,1036.31,490.04,FII/FPI,3799.79,3326.37,473.42
19-08-2014,DII,1683.07,1946.44,-263.37,FII/FPI,4329.53,3770.14,559.39
20-08-2014,DII,1437.22,1918.59,-481.37,FII/FPI,3505.89,3254.53,251.36
21-08-2014,DII,1881.36,1817.62,63.74,FII/FPI,3834.4,3421.63,412.77
22-08-2014,DII,1416.48,1600.12,-183.64,FII/FPI,3351.04,3048.98,302.06
25-08-2014,DII,1252.79,1207.08,45.71,FII/FPI,2558.73,2431.4,127.33
26-08-2014,DII,1309.79,1568.97,-259.18,FII/FPI,3212.56,2847.84,364.72
27-08-2014,DII,1797.25,1560.26,236.99,FII/FPI,3583.3,3293.12,290.18
28-08-2014,DII,2677.78,1947.35,730.43,FII/FPI,6741.81,7452.44,-710.63
01-09-2014,DII,1171.95,1290.4,-118.45,FII/FPI,2842.61,2846.35,-3.74
04-09-2014,DII,1576.68,2040.46,-463.78,FII/FPI,5347.46,4303.6,1043.86
05-09-2014,DII,1670.16,1745.46,-75.3,FII/FPI,4671.34,3402.56,1268.78
06-09-2014,DII,1837.36,2327.39,-490.03,FII/FPI,5617.07,5080.39,536.68
07-09-2014,DII,1620.48,1885.67,-265.19,FII/FPI,4422.85,3777.66,645.19
09-09-2014,DII,1020.68,1772.77,-752.09,FII/FPI,2716.67,2237.27,479.4
10-09-2014,DII,2020.1,1396.46,623.64,FII/FPI,3148.31,3169.2,-20.89
12-09-2014,DII,1477.99,1823.37,-345.38,FII/FPI,3661.31,3882.83,-221.52
15-09-2014,DII,1504.75,1579.24,-74.49,FII/FPI,3035.25,3109.84,-74.59
16-09-2014,DII,2090.2,1624.59,465.61,FII/FPI,3146.53,3975.48,-828.95
17-09-2014,DII,1635.63,1796.82,-161.19,FII/FPI,4278.46,4142.38,136.08
18-09-2014,DII,1671.65,1587.2,84.45,FII/FPI,3383.39,3392.96,-9.57
19-09-2014,DII,1581.36,1344.21,237.15,FII/FPI,9067.97,9074.5,-6.53
22-09-2014,DII,1309.17,1277.68,31.49,FII/FPI,2666.51,2852.92,-186.41
23-09-2014,DII,1858.96,1533.26,325.7,FII/FPI,3951.71,5136.88,-1185.17
24-09-2014,DII,1461.38,1476.67,-15.29,FII/FPI,3543.2,4336.85,-793.65
25-09-2014,DII,2822.33,2003.71,818.62,FII/FPI,6308.96,7160.2,-851.24
26-09-2014,DII,2795.91,1460.58,1335.33,FII/FPI,3622.07,4755.71,-1133.64
29-09-2014,DII,1323.36,1088.84,234.52,FII/FPI,2643.78,2493.68,150.1
30-09-2014,DII,1855.78,1654.54,201.24,FII/FPI,4506.77,4992.7,-485.93
01-10-2014,DII,1315.14,1233.41,81.73,FII/FPI,3116.25,3048.09,68.16
02-10-2014,DII,1378.61,1083.82,294.79,FII/FPI,2052.14,2507.32,-455.18
03-10-2014,DII,1578.41,2623.23,-1044.82,FII/FPI,5106.66,3853.01,1253.65
04-10-2014,DII,1881.94,1868.49,13.45,FII/FPI,5030.87,4688.12,342.75
06-10-2014,DII,1312.36,2527.83,-1215.47,FII/FPI,5397.8,4715.54,682.26
07-10-2014,DII,2089.03,2084.14,4.89,FII/FPI,5059.03,4897.48,161.55
09-10-2014,DII,1210.62,1721.87,-511.25,FII/FPI,3117.67,3127.58,-9.91
10-10-2014,DII,1866.91,1308.7,558.21,FII/FPI,2576.53,3296.3,-719.77
11-10-2014,DII,1435.41,1750.34,-314.93,FII/FPI,4291.6,3936.3,355.3
13-10-2014,DII,1618.85,1052.02,566.83,FII/FPI,2480.59,3151.65,-671.06
14-10-2014,DII,1825.97,1330.45,495.52,FII/FPI,2942.08,3636.75,-694.67
16-10-2014,DII,2052.18,1387.73,664.45,FII/FPI,4206.91,5335.28,-1128.37
17-10-2014,DII,2565.98,1828.67,737.31,FII/FPI,3554.06,4984.09,-1430.03
20-10-2014,DII,1868.6,2034.71,-166.11,FII/FPI,5287.33,4247.25,1040.08
21-10-2014,DII,1772.92,1703.98,68.94,FII/FPI,4695.31,4662.91,32.4
22-10-2014,DII,1641.31,1265.76,375.55,FII/FPI,3639.4,3631.86,7.54
27-10-2014,DII,1292.02,1282.47,9.55,FII/FPI,3914.1,3864.96,49.14
28-10-2014,DII,1324.46,1424.12,-99.66,FII/FPI,3709.09,3817.09,-108
29-10-2014,DII,1263.56,1770.85,-507.29,FII/FPI,4453.43,3667.82,785.61
30-10-2014,DII,2232.69,2326.7,-94.01,FII/FPI,6643.75,5386.26,1257.49
31-10-2014,DII,2175.71,2452.2,-276.49,FII/FPI,5582.74,3828.01,1754.73
02-11-2014,DII,1290.08,1047.71,242.37,FII/FPI,2488.58,2653.98,-165.4
03-11-2014,DII,1050.23,2381.96,-1331.73,FII/FPI,4406.51,2935.28,1471.23
04-11-2014,DII,1727.61,1362.69,364.92,FII/FPI,3790.37,4152.66,-362.29
06-11-2014,DII,1310.96,1718.72,-407.76,FII/FPI,4839.57,5152.97,-313.4
07-11-2014,DII,1926.26,1971.19,-44.93,FII/FPI,3651.27,4374.75,-723.48
08-11-2014,DII,1159.48,925.07,234.41,FII/FPI,2795.42,2958.34,-162.92
09-11-2014,DII,1450.66,1981.37,-530.71,FII/FPI,3758.59,3325.04,433.55
11-11-2014,DII,1181.26,1698.24,-516.98,FII/FPI,4443.96,3985.92,458.04
12-11-2014,DII,1668.07,1236.14,431.93,FII/FPI,3726.81,4535.08,-808.27
13-11-2014,DII,1090.87,1829.11,-738.24,FII/FPI,3933.01,3242.4,690.61
14-11-2014,DII,1418.23,1935.74,-517.51,FII/FPI,4986.8,4340.9,645.9
17-11-2014,DII,1576.48,1824.34,-247.86,FII/FPI,3693.78,3037.41,656.37
18-11-2014,DII,1586.1,1818.52,-232.42,FII/FPI,3900.45,4002.43,-101.98
19-11-2014,DII,1170.4,1661.66,-491.26,FII/FPI,4313.42,4241.62,71.8
20-11-2014,DII,1271,1169.38,101.62,FII/FPI,3163.39,3640.54,-477.15
21-11-2014,DII,1662.12,1524.53,137.59,FII/FPI,4134.87,4012.37,122.5
24-11-2014,DII,1606.27,1769.05,-162.78,FII/FPI,4382.65,3975.23,407.42
25-11-2014,DII,2030.27,2762.39,-732.12,FII/FPI,13086.79,11917.85,1168.94
26-11-2014,DII,1696.37,2011.01,-314.64,FII/FPI,3517.53,3336.07,181.46
27-11-2014,DII,2669.06,2332.21,336.85,FII/FPI,5442.99,5053.26,389.73
28-11-2014,DII,2561.35,3000.66,-439.31,FII/FPI,5160.09,4224.23,935.86
02-12-2014,DII,1377.02,1638.98,-261.96,FII/FPI,2680.61,2468.62,211.99
03-12-2014,DII,654.43,1476.4,-821.97,FII/FPI,3219.19,2354.84,864.35
05-12-2014,DII,1939.85,1847.29,92.56,FII/FPI,4606,3388.05,1217.95
06-12-2014,DII,1146.5,1888.71,-742.21,FII/FPI,4192.31,3539.96,652.35
08-12-2014,DII,1221.99,1261.77,-39.78,FII/FPI,3088.93,2718.1,370.83
09-12-2014,DII,1651.73,1860.17,-208.44,FII/FPI,3745.68,3562.88,182.8
11-12-2014,DII,1249.68,1809.12,-559.44,FII/FPI,4112.93,3653.46,459.47
12-12-2014,DII,1906.92,1583.51,323.41,FII/FPI,3220.62,4085.58,-864.96
15-12-2014,DII,1701.97,1565.95,136.02,FII/FPI,3296.78,3752.5,-455.72
16-12-2014,DII,2370.36,1835.76,534.6,FII/FPI,4005.9,5253.14,-1247.24
17-12-2014,DII,3180.47,1756.64,1423.83,FII/FPI,4459.02,6095.38,-1636.36
18-12-2014,DII,2126.21,1478.04,648.17,FII/FPI,3593.3,4468.19,-874.89
19-12-2014,DII,1928.5,1305.73,622.77,FII/FPI,5238.8,5907.65,-668.85
22-12-2014,DII,1542.76,1153.64,389.12,FII/FPI,2540.92,2876.16,-335.24
23-12-2014,DII,1845.54,1329.2,516.34,FII/FPI,2148.19,2593.12,-444.93
24-12-2014,DII,2910.17,2401.08,509.09,FII/FPI,5112.98,7921.25,-2808.27
26-12-2014,DII,1060.03,642.74,417.29,FII/FPI,560.62,520.65,39.97
29-12-2014,DII,1154.73,794.35,360.38,FII/FPI,1419.14,1623.36,-204.22
30-12-2014,DII,971.74,810.87,160.87,FII/FPI,1684.45,1406.53,277.92
31-12-2014,DII,1161.68,1192.23,-30.55,FII/FPI,2348.86,1867.78,481.08
01-01-2015,DII,691.07,671.51,19.56,FII/FPI,248.38,230.18,18.2
04-01-2015,DII,1558.08,1360.83,197.25,FII/FPI,3928.44,3718.57,209.87
06-01-2015,DII,1589.58,1540.24,49.34,FII/FPI,4078.43,3964.96,113.47
07-01-2015,DII,1345.73,1293.61,52.12,FII/FPI,4397.59,4322.56,75.03
09-01-2015,DII,2396.86,1714.93,681.93,FII/FPI,4308.6,4983.92,-675.32
10-01-2015,DII,1870.86,1718.68,152.18,FII/FPI,4111.22,4062.62,48.6
12-01-2015,DII,1337.74,1142.99,194.75,FII/FPI,4097.82,4204.6,-106.78
13-01-2015,DII,1917.84,1871.78,46.06,FII/FPI,5046.28,4811.19,235.09
14-01-2015,DII,1647.21,1871.19,-223.98,FII/FPI,4248.3,4318.04,-69.74
15-01-2015,DII,2142.37,2669.64,-527.27,FII/FPI,7405.38,5667.14,1738.24
16-01-2015,DII,1417.6,2134.51,-716.91,FII/FPI,6718.16,5618.23,1099.93
19-01-2015,DII,1373.33,1611.04,-237.71,FII/FPI,3695.66,3261.94,433.72
20-01-2015,DII,1517.7,2279.3,-761.6,FII/FPI,4796,3520.41,1275.59
22-01-2015,DII,1781.45,2359.98,-578.53,FII/FPI,5408.39,4815.6,592.79
23-01-2015,DII,1320.15,2620.11,-1299.96,FII/FPI,7171.82,5151.84,2019.98
27-01-2015,DII,1449.09,2232.43,-783.34,FII/FPI,7816.2,6862.69,953.51
28-01-2015,DII,1437,2729.7,-1292.7,FII/FPI,7236.15,5512.98,1723.17
29-01-2015,DII,2122.29,3802.38,-1680.09,FII/FPI,8753.64,7029.87,1723.77
30-01-2015,DII,2281.99,2319.59,-37.6,FII/FPI,6145.72,6917.27,-771.55
01-02-2015,DII,1527.3,1457.52,69.78,FII/FPI,2082.96,1823.14,259.82
02-02-2015,DII,1747.14,1971.21,-224.07,FII/FPI,5639.15,6269.12,-629.97
03-02-2015,DII,2358.82,2178.47,180.35,FII/FPI,6704.11,6279.32,424.79
06-02-2015,DII,1760.02,1488.38,271.64,FII/FPI,4255.53,4849.67,-594.14
07-02-2015,DII,1181.02,1400.04,-219.02,FII/FPI,3952.13,3376.81,575.32
09-02-2015,DII,2253.96,1373.69,880.27,FII/FPI,4573.6,6147.02,-1573.42
11-02-2015,DII,1335.56,1190.18,145.38,FII/FPI,3258,3530.67,-272.67
12-02-2015,DII,1243.43,1321.74,-78.31,FII/FPI,3712.27,3651.66,60.61
13-02-2015,DII,2454.14,2358.32,95.82,FII/FPI,4589.36,4199.1,390.26
16-02-2015,DII,1525.22,1244.45,280.77,FII/FPI,3707.54,3890.34,-182.8
18-02-2015,DII,2181.18,1853.31,327.87,FII/FPI,6540.83,4352.87,2187.96
19-02-2015,DII,1498.5,1694.24,-195.74,FII/FPI,5018.54,3475.84,1542.7
20-02-2015,DII,1722.37,1517.52,204.85,FII/FPI,3319.02,3408.43,-89.41
23-02-2015,DII,1521.89,1685.68,-163.79,FII/FPI,4709.67,4107.76,601.91
24-02-2015,DII,1346.92,1493.9,-146.98,FII/FPI,5482.29,4785.01,697.28
25-02-2015,DII,1737.36,1717.66,19.7,FII/FPI,4764.43,4248.37,516.06
26-02-2015,DII,2908.33,2567.54,340.79,FII/FPI,8397.27,6085.12,2312.15
27-02-2015,DII,3072.13,3564.06,-491.93,FII/FPI,9894.75,7937.65,1957.1
28-02-2015,DII,1569.35,2310.09,-740.74,FII/FPI,1398.5,784.47,614.03
02-03-2015,DII,1966.33,2103.64,-137.31,FII/FPI,5723.76,5988.11,-264.35
03-03-2015,DII,1573.84,1877.72,-303.88,FII/FPI,5732.55,4959.63,772.92
06-03-2015,DII,2109.42,1696.76,412.66,FII/FPI,4868.93,5596.54,-727.61
07-03-2015,DII,951.38,1171.99,-220.61,FII/FPI,2588.55,2232.26,356.29
08-03-2015,DII,1810.17,1843.53,-33.36,FII/FPI,4495.44,4145.03,350.41
09-03-2015,DII,2397.26,1556.91,840.35,FII/FPI,3324.24,3718.55,-394.31
11-03-2015,DII,1603.67,1253.36,350.31,FII/FPI,3171.23,3621.07,-449.84
12-03-2015,DII,1612.95,1091.84,521.11,FII/FPI,3192.71,3804.14,-611.43
13-03-2015,DII,1726.25,1797.8,-71.55,FII/FPI,4841.32,4774.34,66.98
16-03-2015,DII,1469.32,1310.67,158.65,FII/FPI,4582.91,5345.46,-762.55
17-03-2015,DII,1370.51,1614.2,-243.69,FII/FPI,5123.12,4857.6,265.52
18-03-2015,DII,1504.07,2387.06,-882.99,FII/FPI,3985.72,4443.15,-457.43
19-03-2015,DII,1658.13,1604.67,53.46,FII/FPI,5954.65,4525.93,1428.72
20-03-2015,DII,1577.79,1796.99,-219.2,FII/FPI,7550.83,7196.24,354.59
23-03-2015,DII,2004.04,1600.13,403.91,FII/FPI,3074.37,2656.96,417.41
24-03-2015,DII,1858.13,2489.8,-631.67,FII/FPI,4647.75,3909.89,737.86
25-03-2015,DII,2029.46,1932.94,96.52,FII/FPI,6910.27,6097.08,813.19
26-03-2015,DII,4287.68,3600.59,687.09,FII/FPI,7733.39,8254.62,-521.23
27-03-2015,DII,2500.19,1825.43,674.76,FII/FPI,4924.06,5244.58,-320.52
30-03-2015,DII,1971.84,1320.17,651.67,FII/FPI,3764.6,4004.94,-240.34
31-03-2015,DII,2256.09,1972.38,283.71,FII/FPI,5347.88,4991.81,356.07
02-04-2015,DII,1653.42,1725.77,-72.35,FII/FPI,5057.23,5141.03,-83.8
03-04-2015,DII,2638.94,2622.05,16.89,FII/FPI,7641.74,4855.5,2786.24
05-04-2015,DII,1253.94,1107.14,146.8,FII/FPI,5105.79,5045.26,60.53
06-04-2015,DII,2089.78,1317.74,772.04,FII/FPI,4968.11,4456.21,511.9
08-04-2015,DII,1842.72,1955.27,-112.55,FII/FPI,5923.55,5804.85,118.7
09-04-2015,DII,2760,1631.3,1128.7,FII/FPI,3494.61,4781.73,-1287.12
11-04-2015,DII,1176.28,1251.18,-74.9,FII/FPI,3531.96,3498.8,33.16
12-04-2015,DII,2344.24,1275.23,1069.01,FII/FPI,3561.68,5307.41,-1745.73
13-04-2015,DII,1475.61,1429.19,46.42,FII/FPI,3760.19,3343.18,417.01
15-04-2015,DII,1704.62,1764.8,-60.18,FII/FPI,6592.06,6484.06,108
16-04-2015,DII,1872.04,1439.77,432.27,FII/FPI,4354.74,4569.1,-214.36
17-04-2015,DII,1758.17,1685.65,72.52,FII/FPI,4625.4,5301.11,-675.71
20-04-2015,DII,2328.19,1365.69,962.5,FII/FPI,5954.52,7461.38,-1506.86
21-04-2015,DII,3347.98,1983.15,1364.83,FII/FPI,22567.6,5078.87,17488.73
22-04-2015,DII,2227.97,2009.99,217.98,FII/FPI,4919.59,5829.74,-910.15
23-04-2015,DII,1808.53,1248.93,559.6,FII/FPI,4938.12,5214.95,-276.83
24-04-2015,DII,2666.64,1770.31,896.33,FII/FPI,6282.92,7058.38,-775.46
27-04-2015,DII,3286.5,1618.96,1667.54,FII/FPI,4933.63,6682.96,-1749.33
28-04-2015,DII,3322.52,1785.44,1537.08,FII/FPI,4601.68,6134.52,-1532.84
29-04-2015,DII,1989.99,1077.53,912.46,FII/FPI,4453.67,5171.98,-718.31
30-04-2015,DII,4676.55,2215.75,2460.8,FII/FPI,7711.13,10868.74,-3157.61
01-05-2015,DII,1098.28,1674.02,-575.74,FII/FPI,2569.89,2097.89,472
02-05-2015,DII,2318.25,1992.64,325.61,FII/FPI,4533.69,4561.12,-27.43
03-05-2015,DII,1704.37,1897.91,-193.54,FII/FPI,4895.44,4815.6,79.84
05-05-2015,DII,2182.05,1202.86,979.19,FII/FPI,4408.29,5164.81,-756.52
06-05-2015,DII,2189.98,1310.48,879.5,FII/FPI,3663.81,4214.1,-550.29
10-05-2015,DII,2409.69,2043.92,365.77,FII/FPI,5203.78,4553.88,649.9
11-05-2015,DII,1883.87,1247.72,636.15,FII/FPI,3915.98,4907.85,-991.87
13-05-2015,DII,2050.55,1796.55,254,FII/FPI,5205.87,5277.07,-71.2
14-05-2015,DII,1367.34,1064.77,302.57,FII/FPI,4513.61,4587.37,-73.76
15-05-2015,DII,1799.79,1236.19,563.6,FII/FPI,3595.53,3633.84,-38.31
18-05-2015,DII,2002.88,1384.34,618.54,FII/FPI,4876.92,5079.04,-202.12
19-05-2015,DII,1693.92,1242.9,451.02,FII/FPI,4901.79,4853.73,48.06
20-05-2015,DII,1617.22,1513.64,103.58,FII/FPI,4303.18,4179.69,123.49
21-05-2015,DII,1721.79,1317.78,404.01,FII/FPI,5938.54,6124.8,-186.26
22-05-2015,DII,1776.79,1539.17,237.62,FII/FPI,6279.25,6067.83,211.42
25-05-2015,DII,1411.95,1411.78,0.17,FII/FPI,2458.33,2384.19,74.14
26-05-2015,DII,1835.47,1711.62,123.85,FII/FPI,4082.62,3967.81,114.81
27-05-2015,DII,2375.06,1781.03,594.03,FII/FPI,5094.23,6029.21,-934.98
28-05-2015,DII,3145.51,2462.22,683.29,FII/FPI,6851.77,7644.31,-792.54
29-05-2015,DII,3198.78,5466.66,-2267.88,FII/FPI,24676.01,22391.71,2284.3
01-06-2015,DII,2646.3,1456.65,1189.65,FII/FPI,3138.11,4708.87,-1570.76
02-06-2015,DII,1339.04,1223.55,115.49,FII/FPI,4126.53,4222.98,-96.45
04-06-2015,DII,1666.97,1837,-170.03,FII/FPI,4437.97,3501.16,936.81
05-06-2015,DII,3073.38,1618.41,1454.97,FII/FPI,5422.22,7121.82,-1699.6
07-06-2015,DII,983.3,1392.96,-409.66,FII/FPI,2863.2,2713.83,149.37
08-06-2015,DII,1432.06,1543.84,-111.78,FII/FPI,4000.7,3891.77,108.93
10-06-2015,DII,2000.74,2425.34,-424.6,FII/FPI,4402.61,3922.37,480.24
11-06-2015,DII,1900.64,1940.09,-39.45,FII/FPI,3160.49,2941.32,219.17
15-06-2015,DII,1390.91,740.44,650.47,FII/FPI,3028.02,3632.88,-604.86
16-06-2015,DII,1656.96,1012.15,644.81,FII/FPI,3512.26,4033.91,-521.65
17-06-2015,DII,2728.31,1281.24,1447.07,FII/FPI,4190.71,5131.62,-940.91
18-06-2015,DII,2297.54,1187.53,1110.01,FII/FPI,4041.26,4825.99,-784.73
19-06-2015,DII,1555.05,1107.5,447.55,FII/FPI,6463.41,6569.53,-106.12
22-06-2015,DII,1353.64,1447.67,-94.03,FII/FPI,3526.32,2875.01,651.31
23-06-2015,DII,1595.91,1191.71,404.2,FII/FPI,3139.18,3514.15,-374.97
24-06-2015,DII,1721.09,1707.57,13.52,FII/FPI,4491.2,4398.63,92.57
25-06-2015,DII,2868.45,2876.9,-8.45,FII/FPI,6954.03,6673.82,280.21
26-06-2015,DII,1775.66,1541.45,234.21,FII/FPI,3326.73,3530.47,-203.74
29-06-2015,DII,2099.06,1192.68,906.38,FII/FPI,2788.64,3500.52,-711.88
30-06-2015,DII,2167.8,1587.21,580.59,FII/FPI,5153.9,5705.28,-551.38
01-07-2015,DII,2265.73,1664.33,601.4,FII/FPI,3290.56,4363.74,-1073.18
04-07-2015,DII,1260.02,1586.08,-326.06,FII/FPI,3718.64,3574.66,143.98
05-07-2015,DII,2732.1,1574.08,1158.02,FII/FPI,3991.69,5352.38,-1360.69
07-07-2015,DII,1379.05,1473.76,-94.71,FII/FPI,3745.14,3721.6,23.54
08-07-2015,DII,1792.2,1758.12,34.08,FII/FPI,3641.31,3735.05,-93.74
09-07-2015,DII,1522.28,1018.17,504.11,FII/FPI,2328.82,3155.74,-826.92
10-07-2015,DII,1427.23,1645.98,-218.75,FII/FPI,4094.77,4145.37,-50.6
12-07-2015,DII,1268.82,1323.72,-54.9,FII/FPI,3686.75,3751.79,-65.04
13-07-2015,DII,1081.26,1252.81,-171.55,FII/FPI,3477.95,2949.97,527.98
14-07-2015,DII,1227.27,1358.17,-130.9,FII/FPI,3148.88,2878.98,269.9
15-07-2015,DII,1384.34,1434.72,-50.38,FII/FPI,3292.92,2885.23,407.69
16-07-2015,DII,1632.69,1731.2,-98.51,FII/FPI,3250.41,2504.6,745.81
17-07-2015,DII,1331.99,1507.14,-175.15,FII/FPI,3347.75,2742.19,605.56
20-07-2015,DII,867.61,1716.37,-848.76,FII/FPI,3273.24,2558.84,714.4
21-07-2015,DII,2195.41,2049.09,146.32,FII/FPI,4366.82,4593.7,-226.88
22-07-2015,DII,1617.62,1969.39,-351.77,FII/FPI,4001.56,3551.24,450.32
23-07-2015,DII,1507.41,1784.1,-276.69,FII/FPI,3851.6,3666.18,185.42
24-07-2015,DII,2187.64,1991.26,196.38,FII/FPI,3424.92,3418.3,6.62
27-07-2015,DII,1780.19,1541.53,238.66,FII/FPI,3837.23,4697.17,-859.94
29-07-2015,DII,1934.8,1292.11,642.69,FII/FPI,4333.77,4520.01,-186.24
30-07-2015,DII,3322.24,2822.59,499.65,FII/FPI,5352,5522.68,-170.68
31-07-2015,DII,2827.52,1806.18,1021.34,FII/FPI,5598.27,5876.04,-277.77
01-08-2015,DII,2174.4,1885.52,288.88,FII/FPI,4685.59,5152.37,-466.78
04-08-2015,DII,1919.31,1536.77,382.54,FII/FPI,4536.32,5015.5,-479.18
05-08-2015,DII,2725.58,1611.2,1114.38,FII/FPI,4236.79,4674.35,-437.56
06-08-2015,DII,1810.3,1280.48,529.82,FII/FPI,2932.64,3681.76,-749.12
07-08-2015,DII,1368.19,1714.9,-346.71,FII/FPI,6943.13,7297.45,-354.32
09-08-2015,DII,1760.13,1312.72,447.41,FII/FPI,2970.3,3629.97,-659.67
10-08-2015,DII,1382.71,1682.46,-299.75,FII/FPI,4092.94,4141.83,-48.89
12-08-2015,DII,1577.24,986.92,590.32,FII/FPI,3109.43,3627.89,-518.46
13-08-2015,DII,2056.47,1510.61,545.86,FII/FPI,3854.34,4480.24,-625.9
14-08-2015,DII,1591.59,1412.39,179.2,FII/FPI,4442.23,4038.47,403.76
17-08-2015,DII,1471.16,1287.44,183.72,FII/FPI,3507.74,3365.4,142.34
18-08-2015,DII,1194.33,1066.83,127.5,FII/FPI,3436.01,3691.43,-255.42
19-08-2015,DII,1743.89,1360.57,383.32,FII/FPI,3132.83,3556.55,-423.72
20-08-2015,DII,2018.09,1450.22,567.87,FII/FPI,4699.37,5706.63,-1007.26
21-08-2015,DII,3028.46,1504.36,1524.1,FII/FPI,4583.5,6924.1,-2340.6
24-08-2015,DII,6071.27,1973.44,4097.83,FII/FPI,4740.89,10016.29,-5275.4
25-08-2015,DII,4509.66,2546.57,1963.09,FII/FPI,6665.15,8745.16,-2080.01
26-08-2015,DII,3358.28,1477.2,1881.08,FII/FPI,5050.82,7396.59,-2345.77
27-08-2015,DII,5078.89,2501.83,2577.06,FII/FPI,7474.44,10821.79,-3347.35
28-08-2015,DII,1832.89,985.46,847.43,FII/FPI,5682.45,5626.04,56.41
31-08-2015,DII,1819.22,1340.63,478.59,FII/FPI,9733.82,10285.01,-551.19
01-09-2015,DII,1876.92,1577.39,299.53,FII/FPI,4182.2,4480.19,-297.99
02-09-2015,DII,1651,1181.45,469.55,FII/FPI,3163.41,3823.71,-660.3
03-09-2015,DII,1486.23,1521.54,-35.31,FII/FPI,5751.95,4913.65,838.3
04-09-2015,DII,2166.98,1674.19,492.79,FII/FPI,5589.4,5395.59,193.81
06-09-2015,DII,1767.86,1075.57,692.29,FII/FPI,3152.89,3797.91,-645.02
07-09-2015,DII,1271.41,1192.33,79.08,FII/FPI,3685.44,3939.54,-254.1
09-09-2015,DII,2312.81,1118.23,1194.58,FII/FPI,4143.08,4595.21,-452.13
10-09-2015,DII,1583.23,1952.23,-369,FII/FPI,3594.01,3110.15,483.86
11-09-2015,DII,2320.16,1698.98,621.18,FII/FPI,3816.91,4677.97,-861.06
12-09-2015,DII,1938.11,1073.4,864.71,FII/FPI,3096.25,3623.66,-527.41
14-09-2015,DII,1142.16,958.26,183.9,FII/FPI,2621.15,2562.4,58.75
15-09-2015,DII,1524.67,1044.17,480.5,FII/FPI,2842.75,3753.6,-910.85
16-09-2015,DII,1664.14,1240.33,423.81,FII/FPI,3812.86,4150.13,-337.27
18-09-2015,DII,1918.39,1503.3,415.09,FII/FPI,10656.63,10013.12,643.51
21-09-2015,DII,1135.69,1031.61,104.08,FII/FPI,3569.39,3414.52,154.87
22-09-2015,DII,1910.71,1532.45,378.26,FII/FPI,3938.67,4990.91,-1052.24
23-09-2015,DII,2008.04,1116.68,891.36,FII/FPI,2987.47,4317.59,-1330.12
24-09-2015,DII,2624.14,2573.47,50.67,FII/FPI,5760.19,5875.29,-115.1
28-09-2015,DII,1802.79,1297.2,505.59,FII/FPI,3259.13,3909.14,-650.01
29-09-2015,DII,2638.23,1762.03,876.2,FII/FPI,4120.3,5232.89,-1112.59
30-09-2015,DII,2349.53,2541.31,-191.78,FII/FPI,7063.3,6947.22,116.08
02-10-2015,DII,2442.08,1590.76,851.32,FII/FPI,4328.7,5589.89,-1261.19
03-10-2015,DII,1872.98,1582.5,290.48,FII/FPI,4292.22,5040.35,-748.13
04-10-2015,DII,1671.41,1806.59,-135.18,FII/FPI,4823.65,4460.86,362.79
06-10-2015,DII,1911.2,1123.14,788.06,FII/FPI,3279.45,3761.56,-482.11
07-10-2015,DII,1785.69,1195.2,590.49,FII/FPI,4991.65,5456.92,-465.27
08-10-2015,DII,1323.23,1373.28,-50.05,FII/FPI,3539.95,3554.38,-14.43
09-10-2015,DII,1321.59,1254.99,66.6,FII/FPI,3536.27,3657.46,-121.19
11-10-2015,DII,2237.44,1579.11,658.33,FII/FPI,3205.53,3867.48,-661.95
12-10-2015,DII,1741.9,1330.98,410.92,FII/FPI,3226.68,3806.96,-580.28
13-10-2015,DII,974.81,1248.32,-273.51,FII/FPI,3618.12,3345.51,272.61
14-10-2015,DII,1316.33,1523.96,-207.63,FII/FPI,3574.14,3452.39,121.75
16-10-2015,DII,1603.17,1500.68,102.49,FII/FPI,3527.27,3090.48,436.79
19-10-2015,DII,1330.05,1576.31,-246.26,FII/FPI,3463.95,2565.72,898.23
20-10-2015,DII,1821.75,2176.71,-354.96,FII/FPI,4496.8,3973.11,523.69
21-10-2015,DII,1469.07,1607.8,-138.73,FII/FPI,2955.76,3004.09,-48.33
23-10-2015,DII,1305.26,1461.15,-155.89,FII/FPI,4532.49,4303.31,229.18
26-10-2015,DII,1115.08,1645.86,-530.78,FII/FPI,4111.58,3387.07,724.51
27-10-2015,DII,1487.76,1653.21,-165.45,FII/FPI,5210.19,5200.69,9.5
28-10-2015,DII,2020.18,1860.01,160.17,FII/FPI,4429.41,5160.58,-731.17
29-10-2015,DII,2713.8,3013,-299.2,FII/FPI,5675.32,5501.2,174.12
30-10-2015,DII,3291.32,1731.21,1560.11,FII/FPI,3385.74,4850.63,-1464.89
02-11-2015,DII,1674.69,1527.2,147.49,FII/FPI,3933.66,4304.93,-371.27
03-11-2015,DII,1697.31,2036.27,-338.96,FII/FPI,4343.92,4788.57,-444.65
05-11-2015,DII,1851.42,1522.85,328.57,FII/FPI,4529.36,4359.39,169.97
06-11-2015,DII,1875.48,1286.19,589.29,FII/FPI,3752.77,4375.66,-622.89
08-11-2015,DII,1510.87,1380.13,130.74,FII/FPI,3488.91,4225.72,-736.81
09-11-2015,DII,1648.25,1236.82,411.43,FII/FPI,2493.91,3248.18,-754.27
11-11-2015,DII,27.47,16.95,10.52,FII/FPI,190.6,202.53,-11.93
12-11-2015,DII,1790.32,1497.44,292.88,FII/FPI,3824.52,3570.79,253.73
13-11-2015,DII,1526.75,1455.86,70.89,FII/FPI,5554.39,6301.09,-746.7
16-11-2015,DII,1664.52,1002.81,661.71,FII/FPI,3345.6,4396.86,-1051.26
17-11-2015,DII,1697.49,914.47,783.02,FII/FPI,3500.4,3992.85,-492.45
18-11-2015,DII,1598.38,839.12,759.26,FII/FPI,2980.98,3749.44,-768.46
19-11-2015,DII,1355.79,1121.97,233.82,FII/FPI,3486.83,3830.01,-343.18
20-11-2015,DII,1876.73,1266.57,610.16,FII/FPI,3302.53,3396.62,-94.09
23-11-2015,DII,1361.82,1271.54,90.28,FII/FPI,3143.41,3178.78,-35.37
24-11-2015,DII,1866.12,1333.99,532.13,FII/FPI,3252.52,3792.64,-540.12
26-11-2015,DII,3343.24,2394.26,948.98,FII/FPI,5980.12,6378.22,-398.1
27-11-2015,DII,2074.43,1173.95,900.48,FII/FPI,2676.99,3196.24,-519.25
30-11-2015,DII,2977.78,2376.05,601.73,FII/FPI,13538.84,14582.68,-1043.84
01-12-2015,DII,1097.14,1428.32,-331.18,FII/FPI,3289.52,3044.57,244.95
02-12-2015,DII,2143.62,1438.09,705.53,FII/FPI,4296.42,4702.7,-406.28
03-12-2015,DII,1643.94,2025.88,-381.94,FII/FPI,5428.9,4695.81,733.09
05-12-2015,DII,2545.56,1213.63,1331.93,FII/FPI,4856.75,6186.18,-1329.43
06-12-2015,DII,1537.78,832.2,705.58,FII/FPI,3119.17,3790.13,-670.96
08-12-2015,DII,2660.03,1436.23,1223.8,FII/FPI,3785.66,5640.68,-1855.02
10-12-2015,DII,1036.58,1211.65,-175.07,FII/FPI,2770.03,2452.47,317.56
14-12-2015,DII,1627.73,1241.26,386.47,FII/FPI,2764.1,2921.17,-157.07
15-12-2015,DII,1663.79,1389.86,273.93,FII/FPI,3277.54,3228.87,48.67
16-12-2015,DII,2288.98,1264.95,1024.03,FII/FPI,2732.49,3235.71,-503.22
17-12-2015,DII,1950.31,2316.54,-366.23,FII/FPI,4108.58,3470.57,638.01
18-12-2015,DII,1448.04,1853.02,-404.98,FII/FPI,5642.44,5649.43,-6.99
21-12-2015,DII,1191.34,1128.64,62.7,FII/FPI,2468.66,2431.29,37.37
22-12-2015,DII,1362.28,1123.92,238.36,FII/FPI,2578.47,2409.74,168.73
23-12-2015,DII,1743.36,1110.72,632.64,FII/FPI,2426.42,2040.6,385.82
24-12-2015,DII,842,833.95,8.05,FII/FPI,1181.13,1293.16,-112.03
28-12-2015,DII,2446.49,1458.67,987.82,FII/FPI,1900.63,2203.25,-302.62
29-12-2015,DII,1473.43,1466.99,6.44,FII/FPI,2278.39,2269.9,8.49
30-12-2015,DII,1414.35,1488.76,-74.41,FII/FPI,2088.07,1935.87,152.2
31-12-2015,DII,2781.23,3038.9,-257.67,FII/FPI,4575.11,3451.7,1123.41
01-01-2016,DII,783.36,864.6,-81.24,FII/FPI,540.77,312.66,228.11
02-01-2016,DII,1104.5,1640.2,-535.7,FII/FPI,4211.32,3957.44,253.88
03-01-2016,DII,2203.55,3038.14,-834.59,FII/FPI,7504.37,4591.78,2912.59
04-01-2016,DII,1159.75,1679.66,-519.91,FII/FPI,3725.52,3511.51,214.01
06-01-2016,DII,1258.41,1418.9,-160.49,FII/FPI,3986.33,3726.43,259.9
07-01-2016,DII,2747.46,1840.41,907.05,FII/FPI,3086.32,3273.83,-187.51
08-01-2016,DII,2159.81,2573.58,-413.77,FII/FPI,5928.19,5201.97,726.22
09-01-2016,DII,2451.15,2142.99,308.16,FII/FPI,3344.28,3645.79,-301.51
11-01-2016,DII,2226.9,2034.8,192.1,FII/FPI,4897.3,5021.26,-123.96
12-01-2016,DII,1879.47,1641.66,237.81,FII/FPI,3499.65,3902.27,-402.62
13-01-2016,DII,2503.24,1884.45,618.79,FII/FPI,4316.56,4392.46,-75.9
14-01-2016,DII,3281.53,1755.31,1526.22,FII/FPI,3096.69,4318.66,-1221.97
15-01-2016,DII,2320.25,1631.41,688.84,FII/FPI,3172.68,4296.47,-1123.79
18-01-2016,DII,2667.92,1545.12,1122.8,FII/FPI,3140.59,4344.43,-1203.84
19-01-2016,DII,2691.27,1304.44,1386.83,FII/FPI,2695.97,3553.67,-857.7
20-01-2016,DII,2882.52,1499.38,1383.14,FII/FPI,3854.92,5179.61,-1324.69
21-01-2016,DII,2544.12,1276.38,1267.74,FII/FPI,4042.16,5789.39,-1747.23
22-01-2016,DII,2310.9,1395.3,915.6,FII/FPI,3920.3,4690.13,-769.83
25-01-2016,DII,1272.53,964.64,307.89,FII/FPI,3261.63,3352.78,-91.15
27-01-2016,DII,1583.49,1083.5,499.99,FII/FPI,4355,4721.93,-366.93
28-01-2016,DII,2872.07,2477.85,394.22,FII/FPI,5889.83,6851.65,-961.82
29-01-2016,DII,2121.61,1881.59,240.02,FII/FPI,5632.66,5060.96,571.7
02-02-2016,DII,1346.11,1669.34,-323.23,FII/FPI,4102.58,4216.56,-113.98
03-02-2016,DII,2024.92,2618.59,-593.67,FII/FPI,5877.6,4440.1,1437.5
05-02-2016,DII,944.81,1054.37,-109.56,FII/FPI,2977.66,2542.73,434.93
06-02-2016,DII,1160.57,1737.43,-576.86,FII/FPI,4472.29,3950.44,521.85
08-02-2016,DII,2234.26,2617.49,-383.23,FII/FPI,4914.92,4378.65,536.27
09-02-2016,DII,2590.57,2455.69,134.88,FII/FPI,3617.63,3386.44,231.19
11-02-2016,DII,2376.08,1968.81,407.27,FII/FPI,3625.45,4292.82,-667.37
12-02-2016,DII,1637.36,2055.94,-418.58,FII/FPI,4041.4,4231.92,-190.52
15-02-2016,DII,3223.71,1236.26,1987.45,FII/FPI,3661.07,4972.66,-1311.59
16-02-2016,DII,1525.18,934.45,590.73,FII/FPI,2898.07,3862.26,-964.19
17-02-2016,DII,1511.72,1127.19,384.53,FII/FPI,3029.01,3589.01,-560
18-02-2016,DII,1663.25,951.13,712.12,FII/FPI,4096.46,3677.82,418.64
19-02-2016,DII,881.27,864.74,16.53,FII/FPI,2772.85,2964.58,-191.73
22-02-2016,DII,1377.85,779.98,597.87,FII/FPI,2617.38,3274.31,-656.93
23-02-2016,DII,1385.32,1127.39,257.93,FII/FPI,3356.14,3645.8,-289.66
24-02-2016,DII,1484.16,878.28,605.88,FII/FPI,2953.79,3684.78,-730.99
25-02-2016,DII,2569.2,1762.23,806.97,FII/FPI,4959.8,6425.48,-1465.68
26-02-2016,DII,2043.48,1259.34,784.14,FII/FPI,2807.45,3502.82,-695.37
29-02-2016,DII,2856.36,1411.11,1445.25,FII/FPI,8321.34,10339.36,-2018.02
02-03-2016,DII,1455.23,1600.01,-144.78,FII/FPI,3160.51,3517.64,-357.13
03-03-2016,DII,1845.35,2310.1,-464.75,FII/FPI,4363.82,3451.84,911.98
05-03-2016,DII,1945.94,1461.3,484.64,FII/FPI,3598.55,4353.83,-755.28
06-03-2016,DII,1439.25,1832.46,-393.21,FII/FPI,5571.69,3986.68,1585.01
08-03-2016,DII,1674.42,2475.17,-800.75,FII/FPI,4698.8,4120.63,578.17
10-03-2016,DII,2479.59,2281.57,198.02,FII/FPI,3745.1,3710.88,34.22
11-03-2016,DII,2775.42,2240.44,534.98,FII/FPI,3060.22,3766.99,-706.77
14-03-2016,DII,1076.66,1882,-805.34,FII/FPI,5564.95,4529.32,1035.63
15-03-2016,DII,1512.28,1814.59,-302.31,FII/FPI,3789.67,3843.68,-54.01
16-03-2016,DII,1031.87,1712.03,-680.16,FII/FPI,3675.19,3049.61,625.58
17-03-2016,DII,1945.25,2113.63,-168.38,FII/FPI,4997.97,4253.48,744.49
18-03-2016,DII,1570.77,1974.14,-403.37,FII/FPI,7132.64,5420.02,1712.62
21-03-2016,DII,1497.69,2116.46,-618.77,FII/FPI,4791.88,3395.55,1396.33
22-03-2016,DII,1167.84,2098.21,-930.37,FII/FPI,4945.28,3849.84,1095.44
23-03-2016,DII,1596.53,2619.11,-1022.58,FII/FPI,3923.97,2947.06,976.91
28-03-2016,DII,1408.82,3903.26,-2494.44,FII/FPI,5346.52,3303.58,2042.94
29-03-2016,DII,1834.08,2390.77,-556.69,FII/FPI,4577.65,4064.2,513.45
30-03-2016,DII,1907.34,2304.24,-396.9,FII/FPI,5866.32,4423.85,1442.47
31-03-2016,DII,3473.08,6363.65,-2890.57,FII/FPI,11230.72,7174.1,4056.62
01-04-2016,DII,1371.47,1594.26,-222.79,FII/FPI,2097.07,2764.22,-667.15
02-04-2016,DII,2040.07,1563.63,476.44,FII/FPI,3121.98,3317.9,-195.92
03-04-2016,DII,1393.43,1926.53,-533.1,FII/FPI,4231.6,3560.03,671.57
04-04-2016,DII,1311.55,1645.29,-333.74,FII/FPI,2948.11,2711.29,236.82
05-04-2016,DII,1664.67,1743.47,-78.8,FII/FPI,3705.95,3772.4,-66.45
07-04-2016,DII,1939.8,1562.35,377.45,FII/FPI,2992.7,2810.42,182.28
08-04-2016,DII,1682.14,2209.25,-527.11,FII/FPI,4144.11,3584.62,559.49
10-04-2016,DII,2315.48,2487.71,-172.23,FII/FPI,4779.15,4435.02,344.13
11-04-2016,DII,5115.39,4025.53,1089.86,FII/FPI,4277.18,4620.48,-343.3
13-04-2016,DII,2519.32,2249.43,269.89,FII/FPI,4923.76,4279.49,644.27
18-04-2016,DII,1628.89,1942.11,-313.22,FII/FPI,6118.62,5140.64,977.98
20-04-2016,DII,1363.42,1663.51,-300.09,FII/FPI,6021.67,6101.77,-80.1
21-04-2016,DII,2168.3,2102.58,65.72,FII/FPI,5625.66,4820.24,805.42
22-04-2016,DII,1500.28,1668.92,-168.64,FII/FPI,3701.43,3510.36,191.07
25-04-2016,DII,1075.18,1823.13,-747.95,FII/FPI,5698.59,5476.25,222.34
26-04-2016,DII,1488.41,1467.2,21.21,FII/FPI,4855.69,4343.47,512.22
27-04-2016,DII,1656.53,1951.6,-295.07,FII/FPI,4412.63,4001.63,411
28-04-2016,DII,2245.92,2662.13,-416.21,FII/FPI,9061.04,8940.41,120.63
29-04-2016,DII,1649.24,1621.11,28.13,FII/FPI,4399.71,4605.01,-205.3
01-05-2016,DII,1631.28,1618.09,13.19,FII/FPI,3361.38,3713.8,-352.42
02-05-2016,DII,2518.01,1757.99,760.02,FII/FPI,3051.02,3657.85,-606.83
04-05-2016,DII,1737.74,1681.89,55.85,FII/FPI,3262.01,4062.8,-800.79
05-05-2016,DII,1397.92,1146.13,251.79,FII/FPI,3721.95,4110.46,-388.51
07-05-2016,DII,1214.93,1662.41,-447.48,FII/FPI,3237.69,2972.06,265.63
08-05-2016,DII,2163.06,1546.74,616.32,FII/FPI,4264.48,3828.85,435.63
10-05-2016,DII,2079.91,2429.77,-349.86,FII/FPI,3449.13,3206.13,243
12-05-2016,DII,1381.33,1217.69,163.64,FII/FPI,3332.96,3650.81,-317.85
13-05-2016,DII,2213.76,1546.73,667.03,FII/FPI,5590.51,4096.63,1493.88
16-05-2016,DII,1480.4,1608.31,-127.91,FII/FPI,3888.85,3968.69,-79.84
18-05-2016,DII,1619.99,1380.08,239.91,FII/FPI,3809.48,4060.18,-250.7
19-05-2016,DII,2725.61,1241.96,1483.65,FII/FPI,4205.43,4970.01,-764.58
20-05-2016,DII,1683.31,1085.82,597.49,FII/FPI,2997.75,3741.61,-743.86
23-05-2016,DII,1646.35,1814.12,-167.77,FII/FPI,3089.85,3155.45,-65.6
24-05-2016,DII,2130.2,1140.25,989.95,FII/FPI,3561.8,4377.33,-815.53
25-05-2016,DII,1891.38,1554.16,337.22,FII/FPI,3741.39,3246.31,495.08
26-05-2016,DII,3047.6,2362.23,685.37,FII/FPI,6476.35,5895.06,581.29
27-05-2016,DII,2021.94,1952.6,69.34,FII/FPI,4618.93,4139.04,479.89
30-05-2016,DII,1318.83,1529.92,-211.09,FII/FPI,4100.58,3745.04,355.54
31-05-2016,DII,2836.68,2776.4,60.28,FII/FPI,18888.61,19003.13,-114.52
01-06-2016,DII,2091.12,1514.55,576.57,FII/FPI,4452.42,4694.9,-242.48
04-06-2016,DII,1727.29,1468.61,258.68,FII/FPI,2600.13,3093.69,-493.56
05-06-2016,DII,1154.35,974.55,179.8,FII/FPI,2768.13,2740.42,27.71
06-06-2016,DII,1288.99,1519.62,-230.63,FII/FPI,5016.42,4988.12,28.3
09-06-2016,DII,2146.33,2414.54,-268.21,FII/FPI,5512.56,4073.84,1438.72
10-06-2016,DII,2285.17,2409.62,-124.45,FII/FPI,3596.12,3242.32,353.8
12-06-2016,DII,1162.7,1327.38,-164.68,FII/FPI,3109.03,2947.23,161.8
13-06-2016,DII,1089.23,1687.06,-597.83,FII/FPI,3847.7,3635.46,212.24
14-06-2016,DII,1303.96,1336.23,-32.27,FII/FPI,2886.71,3000.07,-113.36
15-06-2016,DII,1671.85,1437.75,234.1,FII/FPI,3160.24,3268.47,-108.23
16-06-2016,DII,1802.7,1965.7,-163,FII/FPI,3061.12,3217.87,-156.75
17-06-2016,DII,1538.47,1564.68,-26.21,FII/FPI,4650.86,4618.9,31.96
20-06-2016,DII,2104.4,1380.34,724.06,FII/FPI,3065.4,3602.86,-537.46
21-06-2016,DII,1270.14,1605.67,-335.53,FII/FPI,3714.27,3229.61,484.66
22-06-2016,DII,1856.33,1494.99,361.34,FII/FPI,2841.18,2882.28,-41.1
23-06-2016,DII,1656.05,1452.49,203.56,FII/FPI,3185.92,3104.05,81.87
24-06-2016,DII,2968.9,2853.96,114.94,FII/FPI,3865.55,4494.69,-629.14
27-06-2016,DII,1434.81,1581.88,-147.07,FII/FPI,3420.3,3566.41,-146.11
28-06-2016,DII,1572.52,1815.23,-242.71,FII/FPI,3665.15,3855.58,-190.43
29-06-2016,DII,1565.76,1585.95,-20.19,FII/FPI,3567.28,3464.37,102.91
30-06-2016,DII,3117.9,3308.66,-190.76,FII/FPI,8113.06,7005.64,1107.42
01-07-2016,DII,2237.52,2046.66,190.86,FII/FPI,3610.14,4661.88,-1051.74
06-07-2016,DII,1657.55,1611.22,46.33,FII/FPI,6011.96,5512.23,499.73
07-07-2016,DII,1390.76,1550.74,-159.98,FII/FPI,4306.44,4605.95,-299.51
09-07-2016,DII,2406.07,3174.62,-768.55,FII/FPI,5606.66,4752.6,854.06
10-07-2016,DII,2566.65,1839.85,726.8,FII/FPI,3298.23,3241.98,56.25
11-07-2016,DII,3530.8,2750.94,779.86,FII/FPI,4407.65,4096.47,311.18
12-07-2016,DII,1731.59,1787.87,-56.28,FII/FPI,3941.02,3747.36,193.66
13-07-2016,DII,1912.86,2567.59,-654.73,FII/FPI,5041.83,4751.3,290.53
14-07-2016,DII,1445.86,2320.01,-874.15,FII/FPI,3861.29,2991.45,869.84
15-07-2016,DII,2439.65,3473.62,-1033.97,FII/FPI,5823.5,4362.24,1461.26
18-07-2016,DII,1615.85,2054.94,-439.09,FII/FPI,4126.5,3527.41,599.09
19-07-2016,DII,1737.67,2115.1,-377.43,FII/FPI,4237.66,3688.76,548.9
20-07-2016,DII,2373.99,2419.44,-45.45,FII/FPI,4669.7,4454.49,215.21
21-07-2016,DII,1865.28,2237.68,-372.4,FII/FPI,4293.45,3873.23,420.22
22-07-2016,DII,1609.74,1975.41,-365.67,FII/FPI,3865.06,3427.28,437.78
25-07-2016,DII,1823.28,1891.17,-67.89,FII/FPI,5020.39,4129.38,891.01
26-07-2016,DII,1902.21,2320.5,-418.29,FII/FPI,5488.54,4817.65,670.89
27-07-2016,DII,2554.71,2707.18,-152.47,FII/FPI,4862.01,4457.32,404.69
28-07-2016,DII,2770.94,3845.41,-1074.47,FII/FPI,8470.01,6702.95,1767.06
29-07-2016,DII,2407.01,2258.67,148.34,FII/FPI,5566.32,5580.34,-14.02
01-08-2016,DII,2200.62,1196.63,1003.99,FII/FPI,3802.86,5039.81,-1236.95
02-08-2016,DII,1531.24,1251.75,279.49,FII/FPI,1853.26,1937.82,-84.56
03-08-2016,DII,800.77,2142.28,-1341.51,FII/FPI,7088.18,6313.11,775.07
04-08-2016,DII,1235.43,1394.44,-159.01,FII/FPI,2609.08,2428.81,180.27
06-08-2016,DII,1263.74,1521.5,-257.76,FII/FPI,4207.27,3678.11,529.16
07-08-2016,DII,1217.46,1730.13,-512.67,FII/FPI,4059.13,3728.51,330.62
08-08-2016,DII,1488.9,2365.24,-876.34,FII/FPI,5196.48,4040.29,1156.19
09-08-2016,DII,2152.05,2739.48,-587.43,FII/FPI,4671.07,4559.66,111.41
11-08-2016,DII,2351.69,2057.63,294.06,FII/FPI,3612.74,3526.08,86.66
12-08-2016,DII,1606.08,1541.76,64.32,FII/FPI,4322.71,3623.85,698.86
16-08-2016,DII,1714.96,1823.94,-108.98,FII/FPI,7238.07,6553.34,684.73
17-08-2016,DII,1647.46,1736.83,-89.37,FII/FPI,4033.12,4033.07,0.05
18-08-2016,DII,2261.31,2275.73,-14.42,FII/FPI,4239.15,4076.98,162.17
19-08-2016,DII,2088.81,1982.62,106.19,FII/FPI,4275.47,3865.53,409.94
22-08-2016,DII,1778.26,1725.76,52.5,FII/FPI,3310.95,3611.45,-300.5
23-08-2016,DII,1729.99,2181.86,-451.87,FII/FPI,3587.31,3587.5,-0.19
24-08-2016,DII,2186.71,2057.53,129.18,FII/FPI,3092.45,3131.73,-39.28
25-08-2016,DII,2996.01,3353.03,-357.02,FII/FPI,5619.37,5991.45,-372.08
26-08-2016,DII,1734.67,2001.1,-266.43,FII/FPI,3110.76,2769.41,341.35
29-08-2016,DII,1695.11,1677.62,17.49,FII/FPI,3193,2906.48,286.52
30-08-2016,DII,2443.53,1958.39,485.14,FII/FPI,4118.1,3727.47,390.63
31-08-2016,DII,3600.67,2752.97,847.7,FII/FPI,15455.43,14601.24,854.19
02-09-2016,DII,1634.92,1809.06,-174.14,FII/FPI,1990,2670.7,-680.7
03-09-2016,DII,1170.71,1994.27,-823.56,FII/FPI,4868.19,4405.33,462.86
05-09-2016,DII,1787.25,1436.65,350.6,FII/FPI,3900.44,3676.04,224.4
06-09-2016,DII,1507.03,1824.77,-317.74,FII/FPI,3552,3317.8,234.2
08-09-2016,DII,2302.67,2912.82,-610.15,FII/FPI,4819.72,4675.57,144.15
09-09-2016,DII,1899.86,2228.12,-328.26,FII/FPI,4006.88,4322.12,-315.24
11-09-2016,DII,4753.76,3637.45,1116.31,FII/FPI,5107.63,7202.63,-2095
12-09-2016,DII,1608.44,1318.87,289.57,FII/FPI,3662.72,3462.2,200.52
14-09-2016,DII,2399.36,2407.89,-8.53,FII/FPI,4569.1,5046.43,-477.33
15-09-2016,DII,1804.95,2261.86,-456.91,FII/FPI,3406.73,3061.31,345.42
16-09-2016,DII,2589.56,2802.69,-213.13,FII/FPI,11227.46,10566.87,660.59
19-09-2016,DII,2040.24,2292.52,-252.28,FII/FPI,4070.93,3865.55,205.38
20-09-2016,DII,3118.97,2341.45,777.52,FII/FPI,4118.64,5265.57,-1146.93
21-09-2016,DII,2140.41,2371,-230.59,FII/FPI,4216.63,4032.78,183.85
22-09-2016,DII,2715.69,2405.34,310.35,FII/FPI,4744.31,4407.44,336.87
23-09-2016,DII,2917.21,2421.07,496.14,FII/FPI,5753.41,6053.39,-299.98
26-09-2016,DII,2396.31,2509.66,-113.35,FII/FPI,4381.46,4587.86,-206.4
27-09-2016,DII,2225.44,2134.77,90.67,FII/FPI,3650.87,3806.63,-155.76
28-09-2016,DII,2262.73,2332.26,-69.53,FII/FPI,4766.15,4692.32,73.83
29-09-2016,DII,5372.98,3742.1,1630.88,FII/FPI,11460.35,8046.98,3413.37
30-09-2016,DII,3165.92,1605.63,1560.29,FII/FPI,4474.94,5503.25,-1028.31
02-10-2016,DII,2106.71,1909.79,196.92,FII/FPI,3632.66,4383.99,-751.33
03-10-2016,DII,952.06,1550.09,-598.03,FII/FPI,4727.42,3664.31,1063.11
05-10-2016,DII,1647.05,1578.85,68.2,FII/FPI,3858.41,3529.82,328.59
06-10-2016,DII,1399.39,1565.01,-165.62,FII/FPI,3510.34,3309.02,201.32
08-10-2016,DII,1811.91,2559.18,-747.27,FII/FPI,4219.07,3806.51,412.56
10-10-2016,DII,2058.51,1589.55,468.96,FII/FPI,1742.57,2289.83,-547.26
11-10-2016,DII,2999.8,2360.61,639.19,FII/FPI,5591.93,6325.42,-733.49
13-10-2016,DII,2933.9,2254.41,679.49,FII/FPI,6244.03,7155.56,-911.53
14-10-2016,DII,2837.8,2280.9,556.9,FII/FPI,3983.06,4929.48,-946.42
17-10-2016,DII,2404.48,2168.91,235.57,FII/FPI,4487.25,4943.89,-456.64
18-10-2016,DII,2323.82,2150.46,173.36,FII/FPI,5626.87,5281.83,345.04
19-10-2016,DII,2711.43,1986.79,724.64,FII/FPI,4218.46,4501.23,-282.77
20-10-2016,DII,2480.7,1897.48,583.22,FII/FPI,2751.57,2744.27,7.3
21-10-2016,DII,2517.59,2017.22,500.37,FII/FPI,3501.42,3774.33,-272.91
24-10-2016,DII,2119.48,1786.22,333.26,FII/FPI,3014.06,3339.19,-325.13
25-10-2016,DII,2104.76,1715.65,389.11,FII/FPI,3471.76,4078.1,-606.34
26-10-2016,DII,2825.97,1836.51,989.46,FII/FPI,3905.18,5355.83,-1450.65
27-10-2016,DII,3291.89,2435.39,856.5,FII/FPI,6195.8,6665.73,-469.93
28-10-2016,DII,2926.42,1802.34,1124.08,FII/FPI,4634.23,5411.81,-777.58
30-10-2016,DII,30.96,17.81,13.15,FII/FPI,17.21,123.98,-106.77
01-11-2016,DII,1848.47,947.48,900.99,FII/FPI,3157.82,4477.06,-1319.24
02-11-2016,DII,2953.99,1731.87,1222.12,FII/FPI,2976.24,4088.9,-1112.66
03-11-2016,DII,1163.15,1595.96,-432.81,FII/FPI,3499.01,3120.65,378.36
05-11-2016,DII,2166.17,1436.58,729.59,FII/FPI,4131.71,4493.9,-362.19
07-11-2016,DII,1519.64,2130.21,-610.57,FII/FPI,4865.31,3809.51,1055.8
08-11-2016,DII,1870.93,2492.58,-621.65,FII/FPI,4981.46,4373.11,608.35
11-11-2016,DII,2887.44,2822.72,64.72,FII/FPI,5048.86,6542.13,-1493.27
15-11-2016,DII,4810.16,4914.99,-104.83,FII/FPI,8957.98,11311.8,-2353.82
16-11-2016,DII,4887.66,2543.35,2344.31,FII/FPI,7341.61,9298.65,-1957.04
17-11-2016,DII,2789.11,1644.96,1144.15,FII/FPI,4577.69,5561.62,-983.93
18-11-2016,DII,2641.1,1497.66,1143.44,FII/FPI,4112.43,5038.75,-926.32
21-11-2016,DII,2635.37,1424.36,1211.01,FII/FPI,4323.6,5634.42,-1310.82
22-11-2016,DII,2727.86,1652.66,1075.2,FII/FPI,4418.49,5111.34,-692.85
23-11-2016,DII,2695.57,1440.9,1254.67,FII/FPI,4265.03,5288.15,-1023.12
24-11-2016,DII,3819.15,2170.93,1648.22,FII/FPI,6175.67,8185.82,-2010.15
25-11-2016,DII,2695.81,1697.97,997.84,FII/FPI,3849.34,4222.22,-372.88
28-11-2016,DII,2494.85,1261.06,1233.79,FII/FPI,3960.46,5396.86,-1436.4
29-11-2016,DII,2168.59,1634.39,534.2,FII/FPI,4684.1,5399.4,-715.3
30-11-2016,DII,2997.27,2320.59,676.68,FII/FPI,14567.84,15002.26,-434.42
01-12-2016,DII,1860.65,1719.4,141.25,FII/FPI,3090.47,3631.46,-540.99
02-12-2016,DII,2916.73,2371.66,545.07,FII/FPI,4689.99,5088.36,-398.37
05-12-2016,DII,1553.11,1294.76,258.35,FII/FPI,3483.87,3459.73,24.14
07-12-2016,DII,2150.98,2031.71,119.27,FII/FPI,4115.94,3903.02,212.92
08-12-2016,DII,1908.44,2300.91,-392.47,FII/FPI,5754.75,4551.04,1203.71
09-12-2016,DII,2644.4,2657.3,-12.9,FII/FPI,3565.83,4159.44,-593.61
12-12-2016,DII,962.26,1228.46,-266.2,FII/FPI,2550.99,2645.44,-94.45
13-12-2016,DII,1531.99,1353.07,178.92,FII/FPI,3969.39,6150.42,-2181.03
14-12-2016,DII,1749.48,1538.62,210.86,FII/FPI,4178.33,4810.62,-632.29
15-12-2016,DII,1989.21,2166.69,-177.48,FII/FPI,3780.65,4392.62,-611.97
16-12-2016,DII,2184.45,2153.97,30.48,FII/FPI,6835.01,6925.37,-90.36
19-12-2016,DII,1811.32,1254.96,556.36,FII/FPI,3078.44,3614.21,-535.77
20-12-2016,DII,1798.47,1379.54,418.93,FII/FPI,3278.43,3964.36,-685.93
21-12-2016,DII,2097.8,1039.84,1057.96,FII/FPI,3610.69,4788.77,-1178.08
22-12-2016,DII,1891.26,1571.47,319.79,FII/FPI,3652.17,4266.57,-614.4
23-12-2016,DII,2624.87,1009.93,1614.94,FII/FPI,2073.85,3536.5,-1462.65
26-12-2016,DII,2106.71,1041.32,1065.39,FII/FPI,987.6,2082.64,-1095.04
27-12-2016,DII,2558.64,1056.23,1502.41,FII/FPI,1630.58,2342.75,-712.17
28-12-2016,DII,2206.64,1381.8,824.84,FII/FPI,2294.86,2821.92,-527.06
29-12-2016,DII,3094.12,2136.29,957.83,FII/FPI,4487.84,5150.13,-662.29
30-12-2016,DII,2858.92,2133.66,725.26,FII/FPI,2227.16,2812.8,-585.64
02-01-2017,DII,3460.36,2326.62,1133.74,FII/FPI,5530.41,5437.68,92.73
03-01-2017,DII,3061.44,2807.23,254.21,FII/FPI,5205.38,5403.65,-198.27
06-01-2017,DII,2444.58,2272.93,171.65,FII/FPI,4498.52,5015.83,-517.31
08-01-2017,DII,4313.29,2922.64,1390.65,FII/FPI,4515.64,5461.47,-945.83
09-01-2017,DII,2823.47,2091.75,731.72,FII/FPI,3152.87,3985.68,-832.81
11-01-2017,DII,4519.98,5187.89,-667.91,FII/FPI,6131.83,5093.52,1038.31
12-01-2017,DII,2335.29,2159.1,176.19,FII/FPI,4564.7,4258.59,306.11
13-01-2017,DII,2345.04,2818.54,-473.5,FII/FPI,3227.58,3345.17,-117.59
16-01-2017,DII,2270.61,2067.16,203.45,FII/FPI,2380.5,2727.75,-347.25
17-01-2017,DII,2096.26,2703.49,-607.23,FII/FPI,3448.66,3306.45,142.21
19-01-2017,DII,2544.6,2164.97,379.63,FII/FPI,4091.02,4223.28,-132.26
20-01-2017,DII,2364.1,2539.58,-175.48,FII/FPI,4510.7,4537.04,-26.34
23-01-2017,DII,2765.23,2245.24,519.99,FII/FPI,4301.89,4590.69,-288.8
24-01-2017,DII,2803.45,2269.96,533.49,FII/FPI,5052.29,4958.34,93.95
25-01-2017,DII,3575.81,3192.78,383.03,FII/FPI,8874.28,7495.47,1378.81
27-01-2017,DII,2807.64,2325.12,482.52,FII/FPI,5828.97,5617.2,211.77
30-01-2017,DII,2525.39,2485.35,40.04,FII/FPI,3212.83,2605.47,607.36
31-01-2017,DII,3726.34,3488.97,237.37,FII/FPI,4608.79,5141.67,-532.88
01-02-2017,DII,1630.57,1609.91,20.66,FII/FPI,959.07,1219.71,-260.64
02-02-2017,DII,3083.74,3194.63,-110.89,FII/FPI,5360.88,5252.29,108.59
03-02-2017,DII,3034.36,3117.57,-83.21,FII/FPI,4985.13,4862.19,122.94
05-02-2017,DII,2530.28,1988.89,541.39,FII/FPI,5494.72,6106.54,-611.82
06-02-2017,DII,2420.69,2198.4,222.29,FII/FPI,4246.62,4305.75,-59.13
08-02-2017,DII,2671.26,2904.21,-232.95,FII/FPI,4061.95,3588.23,473.72
11-02-2017,DII,4042.38,4498.89,-456.51,FII/FPI,5441.78,4408.9,1032.88
13-02-2017,DII,1862.36,2034.06,-171.7,FII/FPI,3863.41,3556.67,306.74
14-02-2017,DII,1763.12,1766.32,-3.2,FII/FPI,4382.69,4389.14,-6.45
15-02-2017,DII,2360.89,2111.91,248.98,FII/FPI,5547.95,5322.11,225.84
16-02-2017,DII,2876.6,2030.49,846.11,FII/FPI,5043.1,5258.79,-215.69
17-02-2017,DII,3419.07,9051.06,-5631.99,FII/FPI,13253,5209.86,8043.14
20-02-2017,DII,2689.5,1861.6,827.9,FII/FPI,3008.51,3441.89,-433.38
21-02-2017,DII,2984.2,1448.76,1535.44,FII/FPI,4031.4,5467.16,-1435.76
22-02-2017,DII,3705.51,2787.54,917.97,FII/FPI,5860.9,6120.11,-259.21
23-02-2017,DII,4954.39,5399.43,-445.04,FII/FPI,9571.26,9178.93,392.33
27-02-2017,DII,3684.94,3421.15,263.79,FII/FPI,5176.44,5321.99,-145.55
28-02-2017,DII,3843.93,3575.59,268.34,FII/FPI,9291.34,8145.11,1146.23
01-03-2017,DII,2124.08,1561.81,562.27,FII/FPI,1909.03,2409.52,-500.49
02-03-2017,DII,2354.95,2397.48,-42.53,FII/FPI,5123.63,4769.79,353.84
03-03-2017,DII,2282.05,3019.05,-737,FII/FPI,5269.58,3740.1,1529.48
04-03-2017,DII,3161.51,3128.22,33.29,FII/FPI,3570.72,3036.27,534.45
05-03-2017,DII,2603.01,2490.65,112.36,FII/FPI,3968.93,4486.67,-517.74
07-03-2017,DII,3169.01,2214.67,954.34,FII/FPI,3498.42,4303.09,-804.67
08-03-2017,DII,3068.64,3457.98,-389.34,FII/FPI,5533.65,5509.58,24.07
10-03-2017,DII,3803.19,2250.78,1552.41,FII/FPI,5770.2,6463.23,-693.03
11-03-2017,DII,3877.08,3843.68,33.4,FII/FPI,4660.27,14351.11,-9690.84
14-03-2017,DII,3208.02,4727.96,-1519.94,FII/FPI,10204.74,6116.85,4087.89
15-03-2017,DII,3197.36,3070.61,126.75,FII/FPI,5958.4,4817.27,1141.13
16-03-2017,DII,3187.22,3275.39,-88.17,FII/FPI,5577.13,4217.03,1360.1
17-03-2017,DII,2930,3641.5,-711.5,FII/FPI,11396.65,9864.26,1532.39
20-03-2017,DII,2173.08,2709.29,-536.21,FII/FPI,4931.64,4874.97,56.67
21-03-2017,DII,2426.26,3224.83,-798.57,FII/FPI,8539.14,6876.42,1662.72
22-03-2017,DII,2336.41,3116.32,-779.91,FII/FPI,6557.67,6201.03,356.64
23-03-2017,DII,2449.71,3040.49,-590.78,FII/FPI,5979.77,4885.33,1094.44
24-03-2017,DII,2903.05,2786.55,116.5,FII/FPI,5351.9,4808.55,543.35
27-03-2017,DII,2616.14,3210.62,-594.48,FII/FPI,9200.02,8622.14,577.88
28-03-2017,DII,2972.23,2616,356.23,FII/FPI,11732.22,5316.84,6415.38
29-03-2017,DII,3914.8,2631.77,1283.03,FII/FPI,9130,8669.02,460.98
30-03-2017,DII,6744.76,5042.97,1701.79,FII/FPI,12106.11,12038.14,67.97
31-03-2017,DII,5392.46,3893.05,1499.41,FII/FPI,5359.55,5655.47,-295.92
01-04-2017,DII,1887.48,1460.39,427.09,FII/FPI,3428.23,4228.94,-800.71
05-04-2017,DII,3929.12,3003.02,926.1,FII/FPI,5618.82,6219.94,-601.12
07-04-2017,DII,2778.21,2482.33,295.88,FII/FPI,3749.62,4583.98,-834.36
08-04-2017,DII,3948.95,2931.85,1017.1,FII/FPI,4266.47,5120.27,-853.8
09-04-2017,DII,1883.01,1932.11,-49.1,FII/FPI,2203.26,3077.17,-873.91
10-04-2017,DII,2814.19,2229.31,584.88,FII/FPI,3963.75,4595.89,-632.14
12-04-2017,DII,3207.04,2430.86,776.18,FII/FPI,3988.6,4322.19,-333.59
13-04-2017,DII,2628.59,2563.16,65.43,FII/FPI,3175.58,3583.46,-407.88
17-04-2017,DII,2471.37,2523.75,-52.38,FII/FPI,1954.86,2205.4,-250.54
18-04-2017,DII,3337.42,2459.34,878.08,FII/FPI,3463.95,4394.62,-930.67
19-04-2017,DII,2995.01,2469.49,525.52,FII/FPI,3778.12,4451.5,-673.38
20-04-2017,DII,3340.94,3332.12,8.82,FII/FPI,3959.27,4128.11,-168.84
21-04-2017,DII,3546.28,2413.89,1132.39,FII/FPI,5234.97,6213.31,-978.34
24-04-2017,DII,3479.94,2495.77,984.17,FII/FPI,4001.95,4281.5,-279.55
25-04-2017,DII,3952.59,2954.33,998.26,FII/FPI,5634.16,5455.34,178.82
26-04-2017,DII,3813.44,2802.06,1011.38,FII/FPI,5358.25,5850.77,-492.52
27-04-2017,DII,3862.67,3629.36,233.31,FII/FPI,6340.04,6521.75,-181.71
28-04-2017,DII,3691.34,2006.9,1684.44,FII/FPI,4556.74,5707.17,-1150.43
01-05-2017,DII,2259.39,1810.32,449.07,FII/FPI,4518.96,4605.84,-86.88
04-05-2017,DII,3294.4,3488.45,-194.05,FII/FPI,7797.9,7457.77,340.13
05-05-2017,DII,2967.24,2669.13,298.11,FII/FPI,4839.14,5203.12,-363.98
06-05-2017,DII,1794.45,1780.83,13.62,FII/FPI,4219.86,3743.22,476.64
07-05-2017,DII,2563.41,2488.05,75.36,FII/FPI,3509.33,3281.76,227.57
09-05-2017,DII,2497.88,2023.52,474.36,FII/FPI,2705.72,3084.88,-379.16
10-05-2017,DII,2946,2426.97,519.03,FII/FPI,3201.46,3857.96,-656.5
12-05-2017,DII,3312.51,2238.12,1074.39,FII/FPI,3728.28,5198.84,-1470.56
15-05-2017,DII,2187.18,2252.95,-65.77,FII/FPI,4613.57,4378.24,235.33
16-05-2017,DII,2644.79,3046.68,-401.89,FII/FPI,5578.03,4719.74,858.29
17-05-2017,DII,3386.31,2771.8,614.51,FII/FPI,6286.61,7018,-731.39
18-05-2017,DII,3714.44,2816.48,897.96,FII/FPI,5819.84,6180.43,-360.59
19-05-2017,DII,3344.67,2995.46,349.21,FII/FPI,4715.86,5704.56,-988.7
22-05-2017,DII,3653.14,2390.5,1262.64,FII/FPI,4137.51,4458.78,-321.27
23-05-2017,DII,3415.7,3063.16,352.54,FII/FPI,5724.65,6125.18,-400.53
24-05-2017,DII,3164.59,2967.28,197.31,FII/FPI,5943.44,5861.56,81.88
25-05-2017,DII,4990.22,5226.66,-236.44,FII/FPI,9071.94,8482.83,589.11
26-05-2017,DII,3727.23,2718.67,1008.56,FII/FPI,4460.68,4734.82,-274.14
29-05-2017,DII,3431.84,3141.31,290.53,FII/FPI,3898.94,4608.91,-709.97
30-05-2017,DII,2893.71,2526.74,366.97,FII/FPI,3345.86,3562.96,-217.1
31-05-2017,DII,3785.15,4724.69,-939.54,FII/FPI,16708.87,15659.94,1048.93
01-06-2017,DII,2563.28,2397.99,165.29,FII/FPI,3502.2,3757.41,-255.21
02-06-2017,DII,2774.48,2324.96,449.52,FII/FPI,4079.23,4482.75,-403.52
03-06-2017,DII,2032.43,2514.39,-481.96,FII/FPI,4328.99,3764.84,564.15
04-06-2017,DII,3106.15,3311.79,-205.64,FII/FPI,5130.01,4987.33,142.68
06-06-2017,DII,2305.82,2665.83,-360.01,FII/FPI,4247.75,4186.59,61.16
07-06-2017,DII,2887.4,2571.45,315.95,FII/FPI,4316.86,4332.15,-15.29
09-06-2017,DII,2502,2450.43,51.57,FII/FPI,3017.58,4370.6,-1353.02
10-06-2017,DII,3978.12,2738.38,1239.74,FII/FPI,3601.52,4641.92,-1040.4
11-06-2017,DII,3987.48,4251.32,-263.84,FII/FPI,5164.32,4588.05,576.27
12-06-2017,DII,3416.35,2421.24,995.11,FII/FPI,4819.29,6037.21,-1217.92
13-06-2017,DII,2480.57,2175.99,304.58,FII/FPI,3941.55,4253.95,-312.4
14-06-2017,DII,2760.9,2689.25,71.65,FII/FPI,6715.41,6876.54,-161.13
15-06-2017,DII,3015.31,2160.46,854.85,FII/FPI,4998.79,5644.14,-645.35
16-06-2017,DII,3555.73,2664.82,890.91,FII/FPI,7936.21,8700.69,-764.48
19-06-2017,DII,2539.58,2009.68,529.9,FII/FPI,3843.21,4093.6,-250.39
20-06-2017,DII,2580.21,2103.08,477.13,FII/FPI,4296.89,4609.73,-312.84
21-06-2017,DII,6553.95,6595.34,-41.39,FII/FPI,4834.65,4987.47,-152.82
22-06-2017,DII,3449.68,2994.47,455.21,FII/FPI,6372.36,6179.68,192.68
23-06-2017,DII,2537.14,2582.92,-45.78,FII/FPI,4875.82,4605.87,269.95
28-06-2017,DII,2849.83,2680.86,168.97,FII/FPI,5176.44,5645.53,-469.09
29-06-2017,DII,4728.68,4128.45,600.23,FII/FPI,6833.65,7974.42,-1140.77
30-06-2017,DII,3250.32,2054.61,1195.71,FII/FPI,4385.21,4545.69,-160.48
02-07-2017,DII,8952.68,7332.65,1620.03,FII/FPI,4363.17,4162.04,201.13
03-07-2017,DII,1842.82,2916.57,-1073.75,FII/FPI,4820.04,3899.58,920.46
04-07-2017,DII,3720.66,3305.72,414.94,FII/FPI,5081.79,5344.16,-262.37
06-07-2017,DII,2489.86,2323.64,166.22,FII/FPI,5067.47,4993.68,73.79
07-07-2017,DII,3084.09,2364.01,720.08,FII/FPI,3685.53,4207.61,-522.08
08-07-2017,DII,2572.38,2264.23,308.15,FII/FPI,3789.74,3988.95,-199.21
09-07-2017,DII,3065.64,2820.32,245.32,FII/FPI,5168.73,5732.73,-564
11-07-2017,DII,4168.52,6214.59,-2046.07,FII/FPI,5563.47,5102,461.47
12-07-2017,DII,3850.2,2923.52,926.68,FII/FPI,4483.29,5558.91,-1075.62
13-07-2017,DII,3269.46,2990.33,279.13,FII/FPI,5330.82,5389.97,-59.15
14-07-2017,DII,2472.46,2608.73,-136.27,FII/FPI,4265.62,3592.06,673.56
17-07-2017,DII,2374.8,2821.94,-447.14,FII/FPI,4554.14,4225.53,328.61
18-07-2017,DII,3017.29,3992.3,-975.01,FII/FPI,6676.25,6358.81,317.44
19-07-2017,DII,3503,3515.48,-12.48,FII/FPI,6569.88,5523.23,1046.65
20-07-2017,DII,3220.94,3220.86,0.08,FII/FPI,4299.1,4144.19,154.91
21-07-2017,DII,2719.65,2571.99,147.66,FII/FPI,5313.04,5300.14,12.9
24-07-2017,DII,3149.51,2480.64,668.87,FII/FPI,4789.38,5156.22,-366.84
25-07-2017,DII,3501.33,3710.83,-209.5,FII/FPI,5603.93,5333.16,270.77
26-07-2017,DII,3544.97,2868.36,676.61,FII/FPI,5423.43,5484.03,-60.6
27-07-2017,DII,5749.88,6409.91,-660.03,FII/FPI,9719.93,7850.01,1869.92
28-07-2017,DII,3627.12,3202.45,424.67,FII/FPI,5141.27,5364.39,-223.12
31-07-2017,DII,4864.71,3096.28,1768.43,FII/FPI,5485.32,6682.26,-1196.94
02-08-2017,DII,1952.93,2119.75,-166.82,FII/FPI,4524.65,4652.34,-127.69
03-08-2017,DII,1678.6,3413.72,-1735.12,FII/FPI,7540.73,3967.69,3573.04
05-08-2017,DII,2951.37,2288.04,663.33,FII/FPI,3404.26,3946.73,-542.47
06-08-2017,DII,3641.87,2903.09,738.78,FII/FPI,5834.64,5743.86,90.78
08-08-2017,DII,3151.6,2353.05,798.55,FII/FPI,6245.66,4705.84,1539.82
09-08-2017,DII,2859.43,2371.46,487.97,FII/FPI,3736.92,3993.34,-256.42
11-08-2017,DII,6917.14,3878.98,3038.16,FII/FPI,12418.41,16256.68,-3838.27
12-08-2017,DII,4426.73,3183.73,1243,FII/FPI,6123.79,6798.95,-675.16
14-08-2017,DII,3652.65,2033.48,1619.17,FII/FPI,3230.73,4869.56,-1638.83
16-08-2017,DII,3569.72,2232.81,1336.91,FII/FPI,5399.89,6489.99,-1090.1
17-08-2017,DII,2764.95,1936.36,828.59,FII/FPI,3453.31,4434.36,-981.05
18-08-2017,DII,3699.36,3114.77,584.59,FII/FPI,4784.99,6967.11,-2182.12
21-08-2017,DII,2929.98,2455.26,474.72,FII/FPI,4236.34,6219.73,-1983.39
22-08-2017,DII,2842.75,2407.7,435.05,FII/FPI,3415.48,4244.17,-828.69
23-08-2017,DII,3112.84,2183,929.84,FII/FPI,3925.97,5083.49,-1157.52
24-08-2017,DII,3686.43,2642.05,1044.38,FII/FPI,4243.92,4940.85,-696.93
28-08-2017,DII,2546.38,2070.12,476.26,FII/FPI,5926.89,6051.63,-124.74
29-08-2017,DII,2985.42,1594.09,1391.33,FII/FPI,4264.09,5723.73,-1459.64
30-08-2017,DII,2238.99,1948.21,290.78,FII/FPI,4169.51,4181.97,-12.46
31-08-2017,DII,4406.12,3896.41,509.71,FII/FPI,8381.82,8304.24,77.58
01-09-2017,DII,1919.83,1823.01,96.82,FII/FPI,2183.14,2508.24,-325.1
02-09-2017,DII,1898.95,2278.58,-379.63,FII/FPI,4782.57,4425.94,356.63
03-09-2017,DII,2646.67,2635.69,10.98,FII/FPI,4304.41,3816.8,487.61
05-09-2017,DII,2367.71,2350.79,16.92,FII/FPI,4955.74,4622.87,332.87
06-09-2017,DII,2536.55,2211.85,324.7,FII/FPI,4014.78,4115.77,-100.99
08-09-2017,DII,2886.47,2333.3,553.17,FII/FPI,3238.44,4079.88,-841.44
10-09-2017,DII,2585.48,2530.06,55.42,FII/FPI,2882.87,3357.98,-475.11
11-09-2017,DII,3444.24,3212.99,231.25,FII/FPI,5653.62,6367.37,-713.75
13-09-2017,DII,3379.36,2653.46,725.9,FII/FPI,3695.52,4522.29,-826.77
14-09-2017,DII,3604.18,2810.87,793.31,FII/FPI,3693.01,5027.24,-1334.23
15-09-2017,DII,3049.33,2923.78,125.55,FII/FPI,11764.47,11345.61,418.86
18-09-2017,DII,3443.44,2667.83,775.61,FII/FPI,3383.14,3480.06,-96.92
19-09-2017,DII,3602.27,3679.95,-77.68,FII/FPI,2984.38,4704,-1719.62
20-09-2017,DII,3088.33,2142.1,946.23,FII/FPI,6115.16,7300.6,-1185.44
21-09-2017,DII,3754.57,2338.02,1416.55,FII/FPI,4776.11,5981.06,-1204.95
22-09-2017,DII,4204.67,3683.5,521.17,FII/FPI,4528.7,5770.43,-1241.73
25-09-2017,DII,4502.22,3492.24,1009.98,FII/FPI,5502.66,6752.11,-1249.45
26-09-2017,DII,4433.83,2896.73,1537.1,FII/FPI,3556.76,5472.3,-1915.54
27-09-2017,DII,4231.83,2373.54,1858.29,FII/FPI,5383.36,6239.64,-856.28
28-09-2017,DII,9521.63,4325.03,5196.6,FII/FPI,7171.4,12499.86,-5328.46
29-09-2017,DII,4959.5,2894.87,2064.63,FII/FPI,4905.51,6452.37,-1546.86
01-10-2017,DII,2458.26,2204.9,253.36,FII/FPI,3569.04,3590.24,-21.2
02-10-2017,DII,2493.61,2718.37,-224.76,FII/FPI,4927.71,4423.2,504.51
03-10-2017,DII,2505.54,2519.45,-13.91,FII/FPI,4622.04,4209.9,412.14
04-10-2017,DII,2856.64,2654.95,201.69,FII/FPI,3747.19,4463.38,-716.19
05-10-2017,DII,2359.75,2589.48,-229.73,FII/FPI,4631.97,3738.61,893.36
07-10-2017,DII,2416.15,1521.58,894.57,FII/FPI,2286.09,2183.82,102.27
08-10-2017,DII,4085.04,3263.32,821.72,FII/FPI,4384.52,5555.73,-1171.21
10-10-2017,DII,3045.65,2643.5,402.15,FII/FPI,3518.19,4023.01,-504.82
11-10-2017,DII,5467.58,3546.71,1920.87,FII/FPI,4690.07,5219.29,-529.22
13-10-2017,DII,4722.6,3132.47,1590.13,FII/FPI,5348.89,7047.39,-1698.5
16-10-2017,DII,3215.99,2943.3,272.69,FII/FPI,5286.91,5316.83,-29.92
17-10-2017,DII,3386.69,2577.66,809.03,FII/FPI,4373.7,4858.62,-484.92
18-10-2017,DII,4054.52,3150.25,904.27,FII/FPI,4936.95,6188.11,-1251.16
19-10-2017,DII,44.16,3.38,40.78,FII/FPI,15.36,59.1,-43.74
23-10-2017,DII,3080.52,2772.68,307.84,FII/FPI,6646.46,6727.97,-81.51
24-10-2017,DII,3666.45,3074.17,592.28,FII/FPI,4033.61,5340.37,-1306.76
25-10-2017,DII,7808.67,7964.38,-155.71,FII/FPI,13402.22,9819.72,3582.5
26-10-2017,DII,6751.09,7274.63,-523.54,FII/FPI,10216.36,10591.99,-375.63
27-10-2017,DII,4154.09,4097.52,56.57,FII/FPI,6105.99,6746.94,-640.95
30-10-2017,DII,3773.89,3634.21,139.68,FII/FPI,4946.4,5132.44,-186.04
31-10-2017,DII,3905.61,3308.69,596.92,FII/FPI,5991.94,6523.76,-531.82
01-11-2017,DII,3964.24,2848.09,1116.15,FII/FPI,3906.72,4534.02,-627.3
04-11-2017,DII,3587.51,2760.85,826.66,FII/FPI,4659.06,5409.58,-750.52
05-11-2017,DII,2585.8,3622.98,-1037.18,FII/FPI,5025.81,3719.1,1306.71
07-11-2017,DII,3394.66,3058.91,335.75,FII/FPI,5716.84,5534.79,182.05
08-11-2017,DII,5085.82,3068.98,2016.84,FII/FPI,4119.5,6063.36,-1943.86
09-11-2017,DII,3741.67,2864.3,877.37,FII/FPI,3993.31,4385.83,-392.52
10-11-2017,DII,3469.48,3235.68,233.8,FII/FPI,5489.27,5597.22,-107.95
12-11-2017,DII,3098.14,2989.2,108.94,FII/FPI,4881.28,5066.88,-185.6
13-11-2017,DII,3658.98,3927.75,-268.77,FII/FPI,4620.5,4854.06,-233.56
14-11-2017,DII,3211.77,3213.07,-1.3,FII/FPI,8052.25,5475.27,2576.98
15-11-2017,DII,3895.02,3025.93,869.09,FII/FPI,5294.73,5676.15,-381.42
16-11-2017,DII,3181.07,2333.62,847.45,FII/FPI,4551.77,4999.19,-447.42
17-11-2017,DII,4377.74,2910.8,1466.94,FII/FPI,6715.94,5439.32,1276.62
20-11-2017,DII,2858.34,2245.34,613,FII/FPI,4698.76,5057.5,-358.74
21-11-2017,DII,4073.23,3247.73,825.5,FII/FPI,5995.72,6722.73,-727.01
22-11-2017,DII,3438.83,2601.61,837.22,FII/FPI,4717.84,5159.3,-441.46
23-11-2017,DII,3101.46,2879.25,222.21,FII/FPI,4395.98,4322.76,73.22
24-11-2017,DII,3389.69,2962.06,427.63,FII/FPI,4327.32,4743.6,-416.28
27-11-2017,DII,2902.5,2833.1,69.4,FII/FPI,4087.75,4512.52,-424.77
28-11-2017,DII,3890.03,4318.18,-428.15,FII/FPI,4438.78,4426.54,12.24
29-11-2017,DII,3805.47,3034.4,771.07,FII/FPI,4660.25,5519.52,-859.27
30-11-2017,DII,7397.41,6194.84,1202.57,FII/FPI,15964.32,17465.08,-1500.76
01-12-2017,DII,2224.14,2334.22,-110.08,FII/FPI,3395.82,3408.59,-12.77
04-12-2017,DII,3342.36,2641.24,701.12,FII/FPI,4150.03,4730.73,-580.7
05-12-2017,DII,2484.04,3194.87,-710.83,FII/FPI,4759.47,3917.67,841.8
06-12-2017,DII,2395.15,2458.26,-63.11,FII/FPI,3279.42,3448.67,-169.25
07-12-2017,DII,2603.71,2934.29,-330.58,FII/FPI,4562.89,4201.64,361.25
09-12-2017,DII,4012.24,2699.16,1313.08,FII/FPI,3992.62,5223.36,-1230.74
10-12-2017,DII,3507.55,2635.01,872.54,FII/FPI,4095.62,4763.75,-668.13
12-12-2017,DII,2633.71,3487.38,-853.67,FII/FPI,6888.97,6045.77,843.2
13-12-2017,DII,3493.61,3610.09,-116.48,FII/FPI,5335.71,5914.36,-578.65
14-12-2017,DII,3535.15,3909.36,-374.21,FII/FPI,4976.35,4744.18,232.17
15-12-2017,DII,4812.6,4177.16,635.44,FII/FPI,9250.86,10171.89,-921.03
18-12-2017,DII,4099.72,3022.91,1076.81,FII/FPI,4297.2,4728.97,-431.77
19-12-2017,DII,4298.37,3940.97,357.4,FII/FPI,5638.36,6046.19,-407.83
20-12-2017,DII,4388.5,4242.33,146.17,FII/FPI,4776.52,6281.56,-1505.04
21-12-2017,DII,4730.99,3156.69,1574.3,FII/FPI,4753.35,5137.34,-383.99
22-12-2017,DII,3783.08,3411.55,371.53,FII/FPI,3653.46,3545.59,107.87
26-12-2017,DII,4487.19,3942.69,544.5,FII/FPI,2029.12,2073.19,-44.07
27-12-2017,DII,3060.42,3267.1,-206.68,FII/FPI,2825.84,2653.52,172.32
28-12-2017,DII,5561.74,6335.83,-774.09,FII/FPI,5485.87,4923.32,562.55
29-12-2017,DII,4282.72,3821.35,461.37,FII/FPI,3586.68,2991.64,595.04
01-01-2018,DII,2499.42,3799.73,-1300.31,FII/FPI,769.77,443.86,325.91
02-01-2018,DII,5001.78,5360.28,-358.5,FII/FPI,7658.46,6558.68,1099.78
03-01-2018,DII,3323.03,3326.32,-3.29,FII/FPI,5514.41,5272.56,241.85
06-01-2018,DII,3434.78,3096.81,337.97,FII/FPI,4460.24,4663.04,-202.8
08-01-2018,DII,3603.37,4165.7,-562.33,FII/FPI,4514,4609.94,-95.94
10-01-2018,DII,4948.82,3143.88,1804.94,FII/FPI,5687.74,7529.37,-1841.63
15-01-2018,DII,3864.42,4037.7,-173.28,FII/FPI,5146.96,5114.04,32.92
16-01-2018,DII,4002.63,4249.01,-246.38,FII/FPI,8203.03,7509.86,693.17
17-01-2018,DII,4688.22,4519.61,168.61,FII/FPI,7883.29,7258.16,625.13
18-01-2018,DII,4396.02,5053.48,-657.46,FII/FPI,9014.99,7120,1894.99
19-01-2018,DII,3716.09,3506.23,209.86,FII/FPI,6104.97,5116.72,988.25
22-01-2018,DII,3583.17,4045.04,-461.87,FII/FPI,7002.31,5434.8,1567.51
23-01-2018,DII,6324.24,6155.21,169.03,FII/FPI,8312.42,7083.07,1229.35
24-01-2018,DII,5435.95,5629.82,-193.87,FII/FPI,7723.45,6947.03,776.42
25-01-2018,DII,6756.82,7722.49,-965.67,FII/FPI,9091.88,8154.57,937.31
29-01-2018,DII,4620.09,4530.01,90.08,FII/FPI,8487.54,8195.68,291.86
30-01-2018,DII,4636.1,4917.75,-281.65,FII/FPI,6182.63,6288.19,-105.56
31-01-2018,DII,5822.73,4528.07,1294.66,FII/FPI,7030.47,7167.1,-136.63
01-02-2018,DII,3230.34,3165.64,64.7,FII/FPI,3162.36,2639.62,522.74
02-02-2018,DII,4945.3,5454.08,-508.78,FII/FPI,7957.38,7007.38,950
04-02-2018,DII,2960.72,2547.56,413.16,FII/FPI,4031.89,4721.64,-689.75
05-02-2018,DII,3152.94,2987.1,165.84,FII/FPI,6921.85,7447.78,-525.93
08-02-2018,DII,2617.19,2957.49,-340.3,FII/FPI,4264.91,4904.78,-639.87
11-02-2018,DII,5168.37,4315.38,852.99,FII/FPI,9069.85,9266.75,-196.9
14-02-2018,DII,3545.62,3698.01,-152.39,FII/FPI,6413.02,7141.73,-728.71
15-02-2018,DII,3024.47,2974.55,49.92,FII/FPI,4272,4512.29,-240.29
16-02-2018,DII,3926.11,2798.33,1127.78,FII/FPI,3104.56,4170.55,-1065.99
19-02-2018,DII,3120.87,2534.35,586.52,FII/FPI,3368.46,4264.25,-895.79
20-02-2018,DII,4124.06,2686.82,1437.24,FII/FPI,3052.98,3903.33,-850.35
21-02-2018,DII,4218.31,2842.83,1375.48,FII/FPI,5860.21,7074.39,-1214.18
22-02-2018,DII,6510.35,5450.93,1059.42,FII/FPI,7595.33,9930.67,-2335.34
23-02-2018,DII,4240.79,2726.76,1514.03,FII/FPI,5344.49,5830.81,-486.32
26-02-2018,DII,3899.26,2489.81,1409.45,FII/FPI,4274.02,5393.53,-1119.51
27-02-2018,DII,3609.18,2562.51,1046.67,FII/FPI,4383.74,5290.6,-906.86
28-02-2018,DII,4791.02,3194.13,1596.89,FII/FPI,8739.25,10489.77,-1750.52
01-03-2018,DII,3081.06,3350.26,-269.2,FII/FPI,4529.24,4432.93,96.31
04-03-2018,DII,3329.77,2850.59,479.18,FII/FPI,5463.44,5839.95,-376.51
05-03-2018,DII,2568.47,3147.39,-578.92,FII/FPI,5677.52,5825.94,-148.42
07-03-2018,DII,2457.2,2178.36,278.84,FII/FPI,2959.67,4002.98,-1043.31
08-03-2018,DII,3291.99,3204.91,87.08,FII/FPI,4737.3,4743.17,-5.87
09-03-2018,DII,3716.84,4258.96,-542.12,FII/FPI,4251.55,4272.68,-21.13
10-03-2018,DII,4785.31,3382.84,1402.47,FII/FPI,7488.54,9038.58,-1550.04
12-03-2018,DII,3487.98,4294.43,-806.45,FII/FPI,5273.53,4980.41,293.12
13-03-2018,DII,5281.93,3668.54,1613.39,FII/FPI,11366.34,4337.92,7028.42
14-03-2018,DII,2673.68,3105.71,-432.03,FII/FPI,4093.56,4352.54,-258.98
15-03-2018,DII,3113.11,2856.66,256.45,FII/FPI,4247.51,4952.91,-705.4
16-03-2018,DII,4485.7,5256.23,-770.53,FII/FPI,14024.67,14175.13,-150.46
19-03-2018,DII,3966.58,4158.1,-191.52,FII/FPI,4288.03,3995.8,292.23
20-03-2018,DII,3573.71,2842.54,731.17,FII/FPI,4976.33,4632.17,344.16
21-03-2018,DII,3692.23,3494.45,197.78,FII/FPI,5514.9,5416.46,98.44
22-03-2018,DII,3692.36,3282.47,409.89,FII/FPI,5224.75,5063.64,161.11
23-03-2018,DII,4202.8,5138.21,-935.41,FII/FPI,7245.51,5617.32,1628.19
26-03-2018,DII,6444.07,4426.12,2017.95,FII/FPI,4134.47,4875.66,-741.19
27-03-2018,DII,5501.54,3328.63,2172.91,FII/FPI,6108.8,5045.68,1063.12
28-03-2018,DII,9501.71,7541.04,1960.67,FII/FPI,10134.19,11324.74,-1190.55
01-04-2018,DII,3816.57,3491.33,325.24,FII/FPI,4624.1,4412.05,212.05
05-04-2018,DII,3258.17,2174.08,1084.09,FII/FPI,3398.5,5026.73,-1628.23
06-04-2018,DII,3071.28,3783.69,-712.41,FII/FPI,8939.86,6585.83,2354.03
07-04-2018,DII,3036.89,2425.88,611.01,FII/FPI,3903.2,4187.78,-284.58
09-04-2018,DII,4889.4,4910.81,-21.41,FII/FPI,4342.64,4310,32.64
10-04-2018,DII,6132.11,4308.52,1823.59,FII/FPI,5387.49,8148.12,-2760.63
12-04-2018,DII,2215.19,2736.57,-521.38,FII/FPI,5228.96,5284.85,-55.89
13-04-2018,DII,3564.73,3258.68,306.05,FII/FPI,4338,4737.59,-399.59
16-04-2018,DII,2998.66,3027.63,-28.97,FII/FPI,3923.95,4232.08,-308.13
17-04-2018,DII,3232.34,2508.53,723.81,FII/FPI,4559.84,5511.23,-951.39
18-04-2018,DII,3379.06,2509.36,869.7,FII/FPI,4064.6,4980.31,-915.71
19-04-2018,DII,3371.41,2922.8,448.61,FII/FPI,4838.37,5463.36,-624.99
20-04-2018,DII,4063.05,3952.04,111.01,FII/FPI,5297.51,5318.53,-21.02
23-04-2018,DII,3299.3,2912.04,387.26,FII/FPI,4093.36,4352.44,-259.08
24-04-2018,DII,3383.4,2874.85,508.55,FII/FPI,4356.2,5037.19,-680.99
25-04-2018,DII,3445.94,3009.96,435.98,FII/FPI,4675.32,4980.11,-304.79
26-04-2018,DII,5736.47,5052.36,684.11,FII/FPI,7339.31,8395.65,-1056.34
27-04-2018,DII,3757.34,3123.63,633.71,FII/FPI,4721.89,5481.1,-759.21
30-04-2018,DII,2180.04,1918.06,261.98,FII/FPI,3792.24,4177.71,-385.47
01-05-2018,DII,3984.73,3741.6,243.13,FII/FPI,5811.9,5230.47,581.43
02-05-2018,DII,4889.79,3726.15,1163.64,FII/FPI,5805.68,7069.25,-1263.57
03-05-2018,DII,3159.68,3313.88,-154.2,FII/FPI,6115,6481.6,-366.6
04-05-2018,DII,4560.79,3945.51,615.28,FII/FPI,4460.59,4568.61,-108.02
06-05-2018,DII,3221.39,2747.06,474.33,FII/FPI,4739.58,4897.09,-157.51
07-05-2018,DII,3386.96,3683.93,-296.97,FII/FPI,3870.59,4029.96,-159.37
09-05-2018,DII,5098.55,4921.6,176.95,FII/FPI,5548.58,5932.25,-383.67
10-05-2018,DII,6434.73,4532.66,1902.07,FII/FPI,4867.87,8238.01,-3370.14
11-05-2018,DII,2188,2809.94,-621.94,FII/FPI,4458.1,4445.76,12.34
12-05-2018,DII,2303.99,3095.58,-791.59,FII/FPI,5062.16,5419.98,-357.82
14-05-2018,DII,3667.73,2980.5,687.23,FII/FPI,4734.72,4016.73,717.99
15-05-2018,DII,5263.69,4732.36,531.33,FII/FPI,5308.14,5826.61,-518.47
16-05-2018,DII,3395.74,3166.68,229.06,FII/FPI,4914.44,5613.66,-699.22
17-05-2018,DII,3847.31,3418.39,428.92,FII/FPI,4825.32,5656.26,-830.94
18-05-2018,DII,3992.82,3843.24,149.58,FII/FPI,5602.98,5769.13,-166.15
21-05-2018,DII,4411.58,3221.02,1190.56,FII/FPI,4721.22,5217.25,-496.03
22-05-2018,DII,4351.03,2854.2,1496.83,FII/FPI,3072.35,4723.98,-1651.63
23-05-2018,DII,4248.94,3459.16,789.78,FII/FPI,4503.36,4814.47,-311.11
24-05-2018,DII,4265.29,2784.78,1480.51,FII/FPI,4376.04,5077.97,-701.93
25-05-2018,DII,3512.46,2624.7,887.76,FII/FPI,4614.27,5382.56,-768.29
28-05-2018,DII,3958.98,2941.33,1017.65,FII/FPI,3678.86,4473.92,-795.06
29-05-2018,DII,3559.45,2981.07,578.38,FII/FPI,3672.67,4080,-407.33
30-05-2018,DII,3518.65,3026.19,492.46,FII/FPI,5273.96,6560.87,-1286.91
31-05-2018,DII,7178.57,7444.59,-266.02,FII/FPI,23055.8,23071.11,-15.31
02-06-2018,DII,5594.31,3894.57,1699.74,FII/FPI,5873.56,8199.66,-2326.1
03-06-2018,DII,3006.68,3741.01,-734.33,FII/FPI,5931.75,5311.67,620.08
04-06-2018,DII,3773.95,2468.5,1305.45,FII/FPI,3926.61,4451.46,-524.85
06-06-2018,DII,3650.73,2938.42,712.31,FII/FPI,4024.34,4105.74,-81.4
07-06-2018,DII,4003.43,2522.61,1480.82,FII/FPI,4074.74,5042.92,-968.18
08-06-2018,DII,3312.86,3094.22,218.64,FII/FPI,4120.33,3871.63,248.7
09-06-2018,DII,3428.89,2816.91,611.98,FII/FPI,5663.96,6118.96,-455
11-06-2018,DII,2749.81,2631.12,118.69,FII/FPI,3753.54,4253.25,-499.71
12-06-2018,DII,2893.21,3282.99,-389.78,FII/FPI,5529.92,5457.45,72.47
13-06-2018,DII,4093.19,3606.41,486.78,FII/FPI,4765.75,4836.52,-70.77
14-06-2018,DII,3132.59,2556.4,576.19,FII/FPI,4320.09,5692.93,-1372.84
15-06-2018,DII,4396.02,3835.01,561.01,FII/FPI,9785.23,11309.97,-1524.74
18-06-2018,DII,2970.15,2146.05,824.1,FII/FPI,3216.91,3971.34,-754.43
19-06-2018,DII,3327.68,2674,653.68,FII/FPI,4416.11,5741.03,-1324.92
20-06-2018,DII,3487.82,2014.17,1473.65,FII/FPI,3898.97,6341.58,-2442.61
21-06-2018,DII,3398.8,2735.23,663.57,FII/FPI,6385.35,5258.6,1126.75
22-06-2018,DII,3955.86,2850.1,1105.76,FII/FPI,5105.25,6448.69,-1343.44
25-06-2018,DII,2867.35,2953.57,-86.22,FII/FPI,4150.72,3952.04,198.68
26-06-2018,DII,3487.96,3249.91,238.05,FII/FPI,4820.6,5359,-538.4
27-06-2018,DII,3572.3,3487.99,84.31,FII/FPI,5646.56,5579.12,67.44
28-06-2018,DII,6089.15,5646.51,442.64,FII/FPI,7373.58,8325.09,-951.51
29-06-2018,DII,4718.78,2455.95,2262.83,FII/FPI,6538.99,6696.14,-157.15
02-07-2018,DII,4011.31,3550.12,461.19,FII/FPI,5874.54,6897.04,-1022.5
03-07-2018,DII,3950.27,3540.93,409.34,FII/FPI,4879.62,5599.4,-719.78
05-07-2018,DII,3352.64,2315.41,1037.23,FII/FPI,3841.79,4477.03,-635.24
06-07-2018,DII,4110.87,2912.98,1197.89,FII/FPI,3619.64,4145.04,-525.4
08-07-2018,DII,2720.97,3040.87,-319.9,FII/FPI,3668.23,3353.4,314.83
09-07-2018,DII,4623.47,3681.02,942.45,FII/FPI,4816.7,4779.14,37.56
11-07-2018,DII,30.96,3.85,27.11,FII/FPI,66.4,35.38,31.02
12-07-2018,DII,3045.72,2803.16,242.56,FII/FPI,3651.38,4468.78,-817.4
13-07-2018,DII,4010.9,3138.9,872,FII/FPI,4662.05,5766.7,-1104.65
16-07-2018,DII,3167.36,3237.66,-70.3,FII/FPI,3821.19,4446.87,-625.68
17-07-2018,DII,3410.59,2570.53,840.06,FII/FPI,4113.54,4787.53,-673.99
18-07-2018,DII,3194.59,3083.58,111.01,FII/FPI,4642.55,4546.87,95.68
19-07-2018,DII,2950.25,2480.23,470.02,FII/FPI,3480.53,3796.22,-315.69
20-07-2018,DII,2853.6,2904.33,-50.73,FII/FPI,4654.79,4344.52,310.27
23-07-2018,DII,3559.53,3434.71,124.82,FII/FPI,4410.52,4151.15,259.37
24-07-2018,DII,4434.15,3920.37,513.78,FII/FPI,5098.19,4993.85,104.34
25-07-2018,DII,3366.56,3268.92,97.64,FII/FPI,4087.48,5283.23,-1195.75
26-07-2018,DII,4570.61,7286.65,-2716.04,FII/FPI,9455.99,7002.42,2453.57
27-07-2018,DII,3903.39,3497.27,406.12,FII/FPI,4872.96,4134.91,738.05
30-07-2018,DII,4320.87,4272.29,48.58,FII/FPI,4812.83,5046.87,-234.04
31-07-2018,DII,4209.82,4500.69,-290.87,FII/FPI,5748.95,5176.74,572.21
01-08-2018,DII,3709.76,3916.06,-206.3,FII/FPI,5636.67,4943.84,692.83
02-08-2018,DII,5670.62,3297.03,2373.59,FII/FPI,4395.66,6692.75,-2297.09
03-08-2018,DII,3950.62,3275.36,675.26,FII/FPI,5253.66,5618.46,-364.8
05-08-2018,DII,4112.37,3189.12,923.25,FII/FPI,6013.34,6110.49,-97.15
06-08-2018,DII,3464.66,3005.22,459.44,FII/FPI,4875.04,5097.54,-222.5
08-08-2018,DII,3013.15,2982.9,30.25,FII/FPI,3973.77,3405.14,568.63
10-08-2018,DII,5153.58,3179.61,1973.97,FII/FPI,5414.14,7219.21,-1805.07
13-08-2018,DII,3472.28,3255.99,216.29,FII/FPI,3417.54,4389.4,-971.86
14-08-2018,DII,3497.1,3105.63,391.47,FII/FPI,3867.36,4246.2,-378.84
16-08-2018,DII,3957.73,3823.95,133.78,FII/FPI,6331.51,7156.59,-825.08
17-08-2018,DII,3014.84,2862.95,151.89,FII/FPI,4769.07,4621.76,147.31
20-08-2018,DII,3598.42,3005.2,593.22,FII/FPI,4067.29,4550.33,-483.04
21-08-2018,DII,3742.89,3545.02,197.87,FII/FPI,5205.31,4951.06,254.25
23-08-2018,DII,4224.04,4082.04,142,FII/FPI,6368.32,5935.11,433.21
24-08-2018,DII,3565.61,2660.86,904.75,FII/FPI,4570.75,4646.53,-75.78
27-08-2018,DII,3953.87,2836.63,1117.24,FII/FPI,4097.72,3845.2,252.52
28-08-2018,DII,2962.38,3161.66,-199.28,FII/FPI,4082.28,4243.33,-161.05
29-08-2018,DII,4315.96,3201.6,1114.36,FII/FPI,3589.15,5005.02,-1415.87
30-08-2018,DII,4704.33,6303,-1598.67,FII/FPI,6910.26,5952.25,958.01
31-08-2018,DII,4851.85,4679.93,171.92,FII/FPI,9332,9544.81,-212.81
01-09-2018,DII,4017.72,3494.82,522.9,FII/FPI,4872.45,5176.39,-303.94
02-09-2018,DII,3151.85,2563.43,588.42,FII/FPI,3563.44,4915.14,-1351.7
03-09-2018,DII,2865.87,2930.87,-65,FII/FPI,4514.2,3963.84,550.36
04-09-2018,DII,3523.36,3164.01,359.35,FII/FPI,4447.12,5748.05,-1300.93
05-09-2018,DII,3544.17,2879.25,664.92,FII/FPI,4044.41,4748.44,-704.03
07-09-2018,DII,2847.67,2107.28,740.39,FII/FPI,4490.76,5060.67,-569.91
08-09-2018,DII,3938.97,4024.36,-85.39,FII/FPI,3874.77,3504.09,370.68
10-09-2018,DII,3956.84,2430.84,1526,FII/FPI,4610.61,5853.07,-1242.46
11-09-2018,DII,3039.8,3377.08,-337.28,FII/FPI,6394.98,5780.84,614.14
14-09-2018,DII,3084.35,2969.21,115.14,FII/FPI,7369.36,6278.8,1090.56
17-09-2018,DII,2441.9,2622.26,-180.36,FII/FPI,4005.96,4112.5,-106.54
18-09-2018,DII,3191.29,2926.63,264.66,FII/FPI,4704.44,5848.17,-1143.73
19-09-2018,DII,3962.55,2761.25,1201.3,FII/FPI,4265.45,6450,-2184.55
21-09-2018,DII,6336.08,5839.05,497.03,FII/FPI,15442.5,14681.8,760.7
24-09-2018,DII,5471,3943.33,1527.67,FII/FPI,7589.48,8113.42,-523.94
25-09-2018,DII,6271.86,3987.6,2284.26,FII/FPI,6043.84,7275.54,-1231.7
26-09-2018,DII,4982.95,3427.51,1555.44,FII/FPI,5867.51,6677.46,-809.95
27-09-2018,DII,6559.62,6746.31,-186.69,FII/FPI,8870.72,8318.28,552.44
28-09-2018,DII,8022.84,4766.5,3256.34,FII/FPI,7354.62,9054.56,-1699.94
01-10-2018,DII,3943.39,3343.15,600.24,FII/FPI,3796.92,4369.18,-572.26
04-10-2018,DII,3633.18,2979.53,653.65,FII/FPI,4186.05,4871.04,-684.99
05-10-2018,DII,3455.13,2554.44,900.69,FII/FPI,4751.89,5116.77,-364.88
07-10-2018,DII,3496.61,3202.65,293.96,FII/FPI,5302.76,5323.49,-20.73
08-10-2018,DII,3424.59,2966.76,457.83,FII/FPI,5411.76,5922.42,-510.66
09-10-2018,DII,3521.5,3811.16,-289.66,FII/FPI,5433.65,6275.33,-841.68
10-10-2018,DII,5347.23,3454.29,1892.94,FII/FPI,5976.88,7072.93,-1096.05
12-10-2018,DII,3585.42,3731.22,-145.8,FII/FPI,4041.44,3925.22,116.22
15-10-2018,DII,2477.8,2183.02,294.78,FII/FPI,3913.95,3846.09,67.86
16-10-2018,DII,3781.17,2721.73,1059.44,FII/FPI,3941.17,5106.8,-1165.63
17-10-2018,DII,3547.7,3890.81,-343.11,FII/FPI,4680.64,4540.62,140.02
19-10-2018,DII,4225.6,4227.74,-2.14,FII/FPI,6916.01,7534.27,-618.26
22-10-2018,DII,3775.75,3472.54,303.21,FII/FPI,4827.11,5339.02,-511.91
23-10-2018,DII,4907.48,4791.07,116.41,FII/FPI,4996.8,5337.15,-340.35
24-10-2018,DII,5330.32,3456.81,1873.51,FII/FPI,4544.54,6591.08,-2046.54
25-10-2018,DII,7810.65,7471.05,339.6,FII/FPI,6666.82,8162.53,-1495.71
26-10-2018,DII,4220.65,2344.76,1875.89,FII/FPI,4230.71,5587.37,-1356.66
29-10-2018,DII,5452.14,2925.24,2526.9,FII/FPI,4411.77,6642.56,-2230.79
30-10-2018,DII,3794.23,2431.19,1363.04,FII/FPI,3974.81,5566.83,-1592.02
31-10-2018,DII,5177.01,4052.09,1124.92,FII/FPI,8828.39,9022.04,-193.65
01-11-2018,DII,3635.6,2865.58,770.02,FII/FPI,4977.52,5601.15,-623.63
04-11-2018,DII,3249.4,3137.58,111.82,FII/FPI,4832.1,4469.8,362.3
05-11-2018,DII,4486.98,3323.63,1163.35,FII/FPI,3911.49,4236.93,-325.44
06-11-2018,DII,4192.89,3130.07,1062.82,FII/FPI,4017.16,5173.93,-1156.77
07-11-2018,DII,3728.65,3713.32,15.33,FII/FPI,4962.89,4326.62,636.27
09-11-2018,DII,4006.24,3256.62,749.62,FII/FPI,8015.47,9469.83,-1454.36
10-11-2018,DII,5168.47,3280.29,1888.18,FII/FPI,4936.43,7805.84,-2869.41
12-11-2018,DII,5183.28,2927.6,2255.68,FII/FPI,3763.76,6184.82,-2421.06
13-11-2018,DII,2681.5,2345.72,335.78,FII/FPI,3408.13,3903.08,-494.95
14-11-2018,DII,4795.18,5067.42,-272.24,FII/FPI,5516.81,5239.43,277.38
15-11-2018,DII,3284.61,3449.92,-165.31,FII/FPI,6077.91,4034.85,2043.06
16-11-2018,DII,3866.07,4238.31,-372.24,FII/FPI,5637.94,4793.12,844.82
19-11-2018,DII,2894.59,3204.85,-310.26,FII/FPI,4750.06,3646.7,1103.36
20-11-2018,DII,2790.96,2835.02,-44.06,FII/FPI,3278.92,4032.09,-753.17
21-11-2018,DII,3682.97,3076.24,606.73,FII/FPI,3237.55,4889.59,-1652.04
22-11-2018,DII,2294.96,2245.28,49.68,FII/FPI,3402.36,2956.12,446.24
26-11-2018,DII,4276.96,3925.18,351.78,FII/FPI,4756.12,4693.38,62.74
27-11-2018,DII,3370.14,3338.93,31.21,FII/FPI,5654.3,4842.78,811.52
28-11-2018,DII,3692.76,4023.05,-330.29,FII/FPI,6286.63,5325.37,961.26
29-11-2018,DII,7649.48,6676.17,973.31,FII/FPI,8878.36,8054.89,823.47
30-11-2018,DII,5015.36,3525.71,1489.65,FII/FPI,12172.1,12504.72,-332.62
01-12-2018,DII,3264.47,2568.22,696.25,FII/FPI,5857.14,6015.3,-158.16
02-12-2018,DII,3941.56,2598.86,1342.7,FII/FPI,4344.74,5158.85,-814.11
03-12-2018,DII,2917.61,3382.2,-464.59,FII/FPI,5309.09,4934.44,374.65
04-12-2018,DII,3262.6,3878.41,-615.81,FII/FPI,4713.7,4344.8,368.9
06-12-2018,DII,4286.05,2958.6,1327.45,FII/FPI,4243.13,5412.01,-1168.88
07-12-2018,DII,3822.12,3455.72,366.4,FII/FPI,4057.47,4800.1,-742.63
09-12-2018,DII,3379.78,2838.34,541.44,FII/FPI,4219.56,5305.95,-1086.39
10-12-2018,DII,4564.8,3277.51,1287.29,FII/FPI,4735.26,6057.39,-1322.13
11-12-2018,DII,2054.48,3128.32,-1073.84,FII/FPI,4499.38,3667.23,832.15
12-12-2018,DII,4215.09,3093.8,1121.29,FII/FPI,4177.05,5476.48,-1299.43
13-12-2018,DII,3131.57,3183.43,-51.86,FII/FPI,4932.99,4257.85,675.14
14-12-2018,DII,2778.14,3080.66,-302.52,FII/FPI,3722.25,2860.31,861.94
17-12-2018,DII,2421.03,2497.87,-76.84,FII/FPI,3220.76,3281.71,-60.95
18-12-2018,DII,2618.05,2800.65,-182.6,FII/FPI,4353.14,4208.38,144.76
19-12-2018,DII,3730.98,4212.44,-481.46,FII/FPI,5900.74,4691.53,1209.21
20-12-2018,DII,2905.17,2817.21,87.96,FII/FPI,3955.48,4341.92,-386.44
21-12-2018,DII,3984.76,4473.31,-488.55,FII/FPI,6527.14,6393,134.14
24-12-2018,DII,2076.76,1890.62,186.14,FII/FPI,1732.56,2309.66,-577.1
26-12-2018,DII,2872.45,3010.08,-137.63,FII/FPI,1789.74,1709.46,80.28
27-12-2018,DII,5731.12,6394.12,-663,FII/FPI,5535.79,3803.88,1731.91
28-12-2018,DII,3190.57,1991.17,1199.4,FII/FPI,2531.77,2651.37,-119.6
31-12-2018,DII,2300.55,1978.57,321.98,FII/FPI,1614.9,1941.77,-326.87
01-01-2019,DII,1591.3,1448.72,142.58,FII/FPI,1665.45,1713.64,-48.19
02-01-2019,DII,4024.98,4030.05,-5.07,FII/FPI,7118.42,5802.53,1315.89
03-01-2019,DII,3650.67,3533.62,117.05,FII/FPI,9442.25,9243.87,198.38
04-01-2019,DII,3653.65,4686.46,-1032.81,FII/FPI,5775.37,4876.58,898.79
07-01-2019,DII,2328.04,2379.03,-50.99,FII/FPI,3247.54,2821.01,426.53
08-01-2019,DII,4591.19,4029.91,561.28,FII/FPI,5161.29,6217.84,-1056.55
10-01-2019,DII,5177.01,3673.99,1503.02,FII/FPI,5462.42,6760.98,-1298.56
11-01-2019,DII,3979.06,4115.56,-136.5,FII/FPI,6069.3,5535.93,533.37
14-01-2019,DII,3297.15,2769.66,527.49,FII/FPI,3222.69,3955.15,-732.46
15-01-2019,DII,3712.9,3295.46,417.44,FII/FPI,4248.73,4089.13,159.6
16-01-2019,DII,3034.98,2730.71,304.27,FII/FPI,3864.31,3954.41,-90.1
17-01-2019,DII,2510.11,3237.57,-727.46,FII/FPI,4295.51,3453.38,842.13
18-01-2019,DII,3281.77,3282.74,-0.97,FII/FPI,3458.07,3582.98,-124.91
21-01-2019,DII,3316.66,2795.86,520.8,FII/FPI,3646.69,3946.48,-299.79
22-01-2019,DII,3342.42,3426.57,-84.15,FII/FPI,5308.21,5386.74,-78.53
23-01-2019,DII,3222.18,2638.41,583.77,FII/FPI,3787.89,4563.71,-775.82
24-01-2019,DII,2812.58,2422.62,389.96,FII/FPI,4121.29,4215.74,-94.45
25-01-2019,DII,3118.67,3266.02,-147.35,FII/FPI,5042.36,4353.08,689.28
28-01-2019,DII,3717.26,3624.94,92.32,FII/FPI,6678.52,6455.08,223.44
29-01-2019,DII,3740.77,3659.5,81.27,FII/FPI,5958.38,6312.74,-354.36
30-01-2019,DII,4715.38,4213.12,502.26,FII/FPI,6581.86,6451.61,130.25
31-01-2019,DII,5751.35,7385.67,-1634.32,FII/FPI,10962.01,7955.6,3006.41
01-02-2019,DII,3075.06,3301.24,-226.18,FII/FPI,2573.57,3194.63,-621.06
04-02-2019,DII,3319.76,3757.46,-437.7,FII/FPI,5509.67,4966.31,543.36
05-02-2019,DII,2784.07,3575.76,-791.69,FII/FPI,5759.4,5161.86,597.54
07-02-2019,DII,1871.9,1730.81,141.09,FII/FPI,4093.74,4605.74,-512
08-02-2019,DII,5646.16,2833.5,2812.66,FII/FPI,4792.82,7680.88,-2888.06
12-02-2019,DII,4038.27,3284.28,753.99,FII/FPI,6559.42,8290.75,-1731.33
13-02-2019,DII,3092.68,2379.58,713.1,FII/FPI,4536.03,5212.66,-676.63
14-02-2019,DII,3416.14,2190.9,1225.24,FII/FPI,5405.02,5655.25,-250.23
15-02-2019,DII,4220.15,3366.9,853.25,FII/FPI,4947.3,5913.73,-966.43
18-02-2019,DII,4278.77,1942.03,2336.74,FII/FPI,6304,7543.79,-1239.79
19-02-2019,DII,2901.97,1738.12,1163.85,FII/FPI,3435.8,4249.56,-813.76
20-02-2019,DII,2561.58,2448.31,113.27,FII/FPI,4701.54,3988.07,713.47
21-02-2019,DII,2465.24,2263.14,202.1,FII/FPI,4872.17,4816.69,55.48
22-02-2019,DII,3717.9,2879.02,838.88,FII/FPI,10437.99,4126.98,6311.01
25-02-2019,DII,3363.37,5109.77,-1746.4,FII/FPI,7076.26,4941.91,2134.35
26-02-2019,DII,3525.23,4245.5,-720.27,FII/FPI,6529.61,4855.44,1674.17
27-02-2019,DII,3795.57,3728.76,66.81,FII/FPI,5053.89,4630.85,423.04
28-02-2019,DII,5374.99,10615.61,-5240.62,FII/FPI,12892.93,9682.33,3210.6
01-03-2019,DII,2835.58,2801.06,34.52,FII/FPI,3941.51,4914.32,-972.81
04-03-2019,DII,3538.02,3618.85,-80.83,FII/FPI,5387.33,6427.81,-1040.48
05-03-2019,DII,3476.54,3419.47,57.07,FII/FPI,4034.84,4435.52,-400.68
06-03-2019,DII,2587.64,3050.33,-462.69,FII/FPI,7752.61,4683.73,3068.88
07-03-2019,DII,2777.45,2489.88,287.57,FII/FPI,3330.86,3721.04,-390.18
09-03-2019,DII,3472.6,2221.25,1251.35,FII/FPI,3515.3,5531.5,-2016.2
10-03-2019,DII,3600.32,2737.78,862.54,FII/FPI,4762.86,5573.58,-810.72
12-03-2019,DII,3788.71,2824.74,963.97,FII/FPI,4838.7,5969.82,-1131.12
13-03-2019,DII,3332.87,4841.01,-1508.14,FII/FPI,8602.7,5880.42,2722.28
14-03-2019,DII,2805.84,3623.61,-817.77,FII/FPI,5645.98,4162.99,1482.99
15-03-2019,DII,4013.27,6143.63,-2130.36,FII/FPI,16119.53,11796.04,4323.49
18-03-2019,DII,2988.52,4257.43,-1268.91,FII/FPI,5570.03,3747.04,1822.99
19-03-2019,DII,2957.25,4210.92,-1253.67,FII/FPI,6162.01,4029.65,2132.36
20-03-2019,DII,3319.03,4642.2,-1323.17,FII/FPI,7252.39,5480.78,1771.61
22-03-2019,DII,4456.26,5131.63,-675.37,FII/FPI,8149.94,6775.37,1374.57
25-03-2019,DII,3207.21,3219.73,-12.52,FII/FPI,6510.26,6359.86,150.4
26-03-2019,DII,3766.08,3962.78,-196.7,FII/FPI,4916.71,3917.69,999.02
27-03-2019,DII,3987.85,3852.93,134.92,FII/FPI,6961.1,5479.99,1481.11
28-03-2019,DII,7066.2,9146.42,-2080.22,FII/FPI,10169.95,6575.44,3594.51
29-03-2019,DII,7108.38,5383.99,1724.39,FII/FPI,9044.62,9130.83,-86.21
01-04-2019,DII,2843.61,2603.01,240.6,FII/FPI,3130.6,3288.32,-157.72
02-04-2019,DII,2644.42,2709.64,-65.22,FII/FPI,3729.46,3841.59,-112.13
04-04-2019,DII,5014.05,3807.89,1206.16,FII/FPI,5570.03,5796.22,-226.19
06-04-2019,DII,2338.9,2694.32,-355.42,FII/FPI,4921.33,5337.41,-416.08
07-04-2019,DII,2811.26,2752.67,58.59,FII/FPI,3037.7,3066.65,-28.95
09-04-2019,DII,3623.64,2319.06,1304.58,FII/FPI,3759.82,5498.31,-1738.49
10-04-2019,DII,3757.64,3151.36,606.28,FII/FPI,4862.69,5545.62,-682.93
11-04-2019,DII,3297.77,3798.01,-500.24,FII/FPI,4625.98,4764.51,-138.53
12-04-2019,DII,4326.93,3422.8,904.13,FII/FPI,4828.69,5609.75,-781.06
15-04-2019,DII,3938.03,3356.67,581.36,FII/FPI,3913.47,3200.25,713.22
16-04-2019,DII,4563.75,4526.53,37.22,FII/FPI,5284.33,4245.75,1038.58
18-04-2019,DII,2996.35,3333.94,-337.59,FII/FPI,7699.74,6661.28,1038.46
22-04-2019,DII,2796.39,2864.55,-68.16,FII/FPI,2606.37,2533.29,73.08
23-04-2019,DII,2933.64,2735.29,198.35,FII/FPI,3508.9,3746.37,-237.47
24-04-2019,DII,3181.77,3838.83,-657.06,FII/FPI,5235.16,4260.28,974.88
25-04-2019,DII,4542.14,8612.12,-4069.98,FII/FPI,10239.36,6453.63,3785.73
26-04-2019,DII,4080.51,3159.63,920.88,FII/FPI,4344.39,4415.12,-70.73
30-04-2019,DII,4241.3,3511.28,730.02,FII/FPI,8263.78,8149.19,114.59
02-05-2019,DII,2947.18,2752.87,194.31,FII/FPI,3061.63,2640.98,420.65
03-05-2019,DII,4916.21,4335.35,580.86,FII/FPI,5496.12,4744.2,751.92
04-05-2019,DII,3131.21,3456.79,-325.58,FII/FPI,4279.32,3481.42,797.9
07-05-2019,DII,4178.9,3903.27,275.63,FII/FPI,3628.39,3717.77,-89.38
08-05-2019,DII,4950.94,3079.67,1871.27,FII/FPI,4778.51,6795.24,-2016.73
09-05-2019,DII,3029.92,2330.61,699.31,FII/FPI,3637.65,4198.82,-561.17
11-05-2019,DII,3163.93,4757.64,-1593.71,FII/FPI,5551.26,5078.09,473.17
12-05-2019,DII,2846.29,3256.78,-410.49,FII/FPI,4893.44,4240.08,653.36
13-05-2019,DII,3847.54,2789.63,1057.91,FII/FPI,2972.22,4028.23,-1056.01
14-05-2019,DII,5086.56,2843.65,2242.91,FII/FPI,4696.49,6708.34,-2011.85
15-05-2019,DII,3675.01,3003.24,671.77,FII/FPI,4275.63,5418.07,-1142.44
16-05-2019,DII,3504.19,2556.19,948,FII/FPI,3526.95,4480.18,-953.23
17-05-2019,DII,4699.59,2889.83,1809.76,FII/FPI,4296.73,5354.55,-1057.82
20-05-2019,DII,5129.52,5672.23,-542.71,FII/FPI,7610.68,5876.23,1734.45
21-05-2019,DII,3332.26,4422.58,-1090.32,FII/FPI,6587.6,5402.16,1185.44
22-05-2019,DII,3579.28,3737.03,-157.75,FII/FPI,4685.54,5650.56,-965.02
23-05-2019,DII,6775.56,7369.1,-593.54,FII/FPI,8339.24,6987.04,1352.2
24-05-2019,DII,3839.67,4035.02,-195.35,FII/FPI,8059.76,6033.43,2026.33
27-05-2019,DII,3740.3,4068.16,-327.86,FII/FPI,4732.4,3517.04,1215.36
28-05-2019,DII,4088.07,3818.85,269.22,FII/FPI,18471.16,18972.27,-501.11
29-05-2019,DII,2907.56,3097.14,-189.58,FII/FPI,4520.66,4824.93,-304.27
30-05-2019,DII,4145.83,5268.43,-1122.6,FII/FPI,7162.17,5497.43,1664.74
31-05-2019,DII,3815.19,3421.1,394.09,FII/FPI,9474.09,8797.94,676.15
02-06-2019,DII,3509.34,2984.08,525.26,FII/FPI,4040.48,3345.51,694.97
03-06-2019,DII,3503.63,4382.08,-878.45,FII/FPI,6369,5238.22,1130.78
05-06-2019,DII,3361.38,3271.49,89.89,FII/FPI,3859.48,4808.46,-948.98
06-06-2019,DII,4050.97,4701.81,-650.84,FII/FPI,6977.43,8426.42,-1448.99
08-06-2019,DII,5481.75,3192.7,2289.05,FII/FPI,5109.85,7217.78,-2107.93
09-06-2019,DII,3300.64,2093.44,1207.2,FII/FPI,3317.21,4274.26,-957.05
11-06-2019,DII,3561.07,4678.32,-1117.25,FII/FPI,5903.74,4892.25,1011.49
12-06-2019,DII,2965.39,2754.67,210.72,FII/FPI,3673.34,4541,-867.66
13-06-2019,DII,2241.17,2686.04,-444.87,FII/FPI,5023.52,4851.17,172.35
14-06-2019,DII,2169.48,1793.01,376.47,FII/FPI,5163.62,5402.26,-238.64
17-06-2019,DII,4073.89,2816.03,1257.86,FII/FPI,4718.81,5050.08,-331.27
18-06-2019,DII,2855.89,2674.86,181.03,FII/FPI,4653.19,4621.46,31.73
19-06-2019,DII,2770.2,2875.11,-104.91,FII/FPI,4603.56,4700.61,-97.05
20-06-2019,DII,3455.56,2214.33,1241.23,FII/FPI,4463.92,4902.33,-438.41
21-06-2019,DII,3327.06,2881.31,445.75,FII/FPI,11105.04,11835.62,-730.58
24-06-2019,DII,3141.51,2157.08,984.43,FII/FPI,3385.39,3178.06,207.33
25-06-2019,DII,3154.5,2777.28,377.22,FII/FPI,4896.25,3738.38,1157.87
26-06-2019,DII,3267.69,3319.16,-51.47,FII/FPI,4267.33,4161.07,106.26
27-06-2019,DII,6974.82,6778.25,196.57,FII/FPI,6970.7,6971.41,-0.71
28-06-2019,DII,3052.36,2869.96,182.4,FII/FPI,5175.39,5689.3,-513.91
01-07-2019,DII,2492.8,2634.77,-141.97,FII/FPI,4252.17,3515.99,736.18
02-07-2019,DII,3019.57,2725.46,294.11,FII/FPI,3330.61,2912.6,418.01
03-07-2019,DII,3111.73,4037.19,-925.46,FII/FPI,5349.39,4211.54,1137.85
05-07-2019,DII,3113.36,2294.52,818.84,FII/FPI,4854.6,5499.68,-645.08
06-07-2019,DII,2489.85,2310.06,179.79,FII/FPI,3031.66,3510.5,-478.84
08-07-2019,DII,3990.96,3459.4,531.56,FII/FPI,5240.25,5623.91,-383.66
10-07-2019,DII,4191.17,3286.35,904.82,FII/FPI,3023.15,3517.36,-494.21
11-07-2019,DII,3818.14,4453.73,-635.59,FII/FPI,6377.16,5450.56,926.6
15-07-2019,DII,3171.74,2580.02,591.72,FII/FPI,3606.61,3823.05,-216.44
16-07-2019,DII,3520.83,2883.12,637.71,FII/FPI,3709.45,4154.44,-444.99
17-07-2019,DII,3102.24,2893.36,208.88,FII/FPI,3813.78,3830.75,-16.97
18-07-2019,DII,3546.87,3217.82,329.05,FII/FPI,4104.11,5508.97,-1404.86
19-07-2019,DII,3906.06,3172.14,733.92,FII/FPI,4791.13,5741.28,-950.15
22-07-2019,DII,4665.5,2835.6,1829.9,FII/FPI,3415.71,5332.62,-1916.91
23-07-2019,DII,5611.42,2986.32,2625.1,FII/FPI,4226.12,6834.09,-2607.97
24-07-2019,DII,5419,3278.74,2140.26,FII/FPI,4130.62,5524.33,-1393.71
25-07-2019,DII,5579.11,5180.58,398.53,FII/FPI,6135.47,6262.12,-126.65
26-07-2019,DII,3845.28,1927.76,1917.52,FII/FPI,3275.78,4779.04,-1503.26
29-07-2019,DII,4643.99,3292.35,1351.64,FII/FPI,3439.74,4144.16,-704.42
30-07-2019,DII,5423.73,4344.01,1079.72,FII/FPI,4523.09,5167.68,-644.59
31-07-2019,DII,6486.11,4006.73,2479.38,FII/FPI,5935.22,7432.29,-1497.07
01-08-2019,DII,3343.63,2645.46,698.17,FII/FPI,3437.43,3991.21,-553.78
02-08-2019,DII,2865.18,3825.22,-960.04,FII/FPI,4434.51,3590.78,843.73
03-08-2019,DII,2944.86,3415.56,-470.7,FII/FPI,5038.53,3943.47,1095.06
04-08-2019,DII,2452.9,3076.71,-623.81,FII/FPI,5062.17,4732.57,329.6
05-08-2019,DII,3411.5,3178.55,232.95,FII/FPI,5012,5713.07,-701.07
07-08-2019,DII,4054.9,3733.77,321.13,FII/FPI,3625.47,4027.46,-401.99
08-08-2019,DII,4192.61,3901.32,291.29,FII/FPI,5428.61,5866,-437.39
11-08-2019,DII,3840.39,4424.87,-584.48,FII/FPI,6432.37,5500.17,932.2
13-08-2019,DII,4796.22,4594.69,201.53,FII/FPI,5741.91,6380.19,-638.28
14-08-2019,DII,4385.7,2765.88,1619.82,FII/FPI,6859.68,5245.05,1614.63
16-08-2019,DII,3201.58,2143.3,1058.28,FII/FPI,5789.77,7129.04,-1339.27
19-08-2019,DII,2336.2,1949.97,386.23,FII/FPI,3227.61,3533.35,-305.74
20-08-2019,DII,2814.78,2518.37,296.41,FII/FPI,5626.28,5253.05,373.23
21-08-2019,DII,3475.42,3121.45,353.97,FII/FPI,3833.65,4604.46,-770.81
22-08-2019,DII,4967.25,3248.18,1719.07,FII/FPI,5345.72,6248.71,-902.99
23-08-2019,DII,4150.62,2602.13,1548.49,FII/FPI,4365.18,6102.38,-1737.2
26-08-2019,DII,4729.02,3456.73,1272.29,FII/FPI,4084.78,4837.68,-752.9
27-08-2019,DII,5888.07,4725.42,1162.65,FII/FPI,13433.32,14357.26,-923.94
28-08-2019,DII,3166.1,2806.78,359.32,FII/FPI,3761.05,4696.32,-935.27
29-08-2019,DII,5291.34,4802.11,489.23,FII/FPI,3870.93,4857.51,-986.58
30-08-2019,DII,4580.74,3078.47,1502.27,FII/FPI,7343.93,6180.98,1162.95
01-09-2019,DII,3658.89,3219.22,439.67,FII/FPI,4410.43,4134.29,276.14
04-09-2019,DII,2700.06,3388.71,-688.65,FII/FPI,4784.29,3571.94,1212.35
05-09-2019,DII,3159.88,2481.97,677.91,FII/FPI,5088.03,5743.39,-655.36
07-09-2019,DII,4545.33,3834.42,710.91,FII/FPI,4334.19,5008.45,-674.26
08-09-2019,DII,4568.72,3961.8,606.92,FII/FPI,4734.7,4530.97,203.73
09-09-2019,DII,3104.19,2417.72,686.47,FII/FPI,2828.35,3016.43,-188.08
10-09-2019,DII,3771.36,2815.1,956.26,FII/FPI,5513.36,5998.6,-485.24
12-09-2019,DII,2296.07,2221.14,74.93,FII/FPI,4185.86,3726.64,459.22
13-09-2019,DII,2977.32,2767.76,209.56,FII/FPI,3141.44,3546.89,-405.45
16-09-2019,DII,2501.95,2193.39,308.56,FII/FPI,4067.62,4818.88,-751.26
17-09-2019,DII,3141.11,3055.35,85.76,FII/FPI,4271.41,5079.7,-808.29
18-09-2019,DII,2879.19,2098.74,780.45,FII/FPI,2814.12,3773.21,-959.09
19-09-2019,DII,3092.89,2447.17,645.72,FII/FPI,2510.71,3403.23,-892.52
20-09-2019,DII,11174.91,8173.59,3001.32,FII/FPI,17032.28,16996.5,35.78
23-09-2019,DII,10074.6,9782.65,291.95,FII/FPI,11057.79,8373.74,2684.05
24-09-2019,DII,5150.44,4677.63,472.81,FII/FPI,5340.81,6169.3,-828.49
25-09-2019,DII,3888.78,4651.26,-762.48,FII/FPI,6997.31,7339.71,-342.4
26-09-2019,DII,7486.66,7147.38,339.28,FII/FPI,9934.75,9197.58,737.17
27-09-2019,DII,3428.17,2969.49,458.68,FII/FPI,3941.44,4155.04,-213.6
30-09-2019,DII,5315,4810.31,504.69,FII/FPI,5662.31,6131.71,-469.4
01-10-2019,DII,3390.9,3379.92,10.98,FII/FPI,4018.48,4363.06,-344.58
04-10-2019,DII,3174.13,2712.84,461.29,FII/FPI,6433.94,5004.02,1429.92
05-10-2019,DII,3812.31,2754.89,1057.42,FII/FPI,3449.3,4694.44,-1245.14
06-10-2019,DII,2245.43,2074.81,170.62,FII/FPI,3738.65,3522.45,216.2
07-10-2019,DII,3499.57,2832.17,667.4,FII/FPI,3853.73,4458.67,-604.94
10-10-2019,DII,4043.14,3540.47,502.67,FII/FPI,4763.46,5026.57,-263.11
12-10-2019,DII,2696.96,2358.56,338.4,FII/FPI,4072.56,4439.35,-366.79
14-10-2019,DII,3562.06,3987.21,-425.15,FII/FPI,4916.46,4020.83,895.63
15-10-2019,DII,4104.19,3174.8,929.39,FII/FPI,6473.7,6037.68,436.02
16-10-2019,DII,5078.73,3473.28,1605.45,FII/FPI,5765.06,5078.73,686.33
17-10-2019,DII,3702.38,4214.14,-511.76,FII/FPI,5659.99,4501.36,1158.63
18-10-2019,DII,5071.17,4484.29,586.88,FII/FPI,5423.72,5387.16,36.56
22-10-2019,DII,5136.52,6121.99,-985.47,FII/FPI,7878.6,8436.1,-557.5
23-10-2019,DII,3961.03,4098.41,-137.38,FII/FPI,5182.47,5395.7,-213.23
24-10-2019,DII,3837.33,4576.08,-738.75,FII/FPI,5885.49,5958.36,-72.87
25-10-2019,DII,4351.14,3910.98,440.16,FII/FPI,5370.33,5805.75,-435.42
27-10-2019,DII,60.91,6.52,54.39,FII/FPI,31.73,25.12,6.61
29-10-2019,DII,4972.25,4827.5,144.75,FII/FPI,8011.44,7134.8,876.64
30-10-2019,DII,4164.15,4350.02,-185.87,FII/FPI,12523.06,5330.64,7192.42
31-10-2019,DII,4886.64,5537.37,-650.73,FII/FPI,9004.58,7133.71,1870.87
01-11-2019,DII,3810.21,3687.04,123.17,FII/FPI,3195.08,3882.28,-687.2
02-11-2019,DII,3027.08,3259.63,-232.55,FII/FPI,3981.86,4106.91,-125.05
03-11-2019,DII,3317.7,5273.25,-1955.55,FII/FPI,8163.17,4352.57,3810.6
04-11-2019,DII,2879.46,2896.04,-16.58,FII/FPI,4679.16,4202.65,476.51
06-11-2019,DII,2224.14,2375.15,-151.01,FII/FPI,4317.71,4221.92,95.79
07-11-2019,DII,3593.95,2874.21,719.74,FII/FPI,3177.83,3494.69,-316.86
09-11-2019,DII,4444.73,3312.31,1132.42,FII/FPI,5406.02,5139.13,266.89
10-11-2019,DII,3607.44,4310.46,-703.02,FII/FPI,5721.61,4971.87,749.74
11-11-2019,DII,2890.91,3135.97,-245.06,FII/FPI,4072.17,3407.97,664.2
12-11-2019,DII,3421.44,3181.57,239.87,FII/FPI,5022.53,4417.12,605.41
13-11-2019,DII,3368.95,4258.98,-890.03,FII/FPI,7160.19,6575.27,584.92
14-11-2019,DII,3863.52,3780.78,82.74,FII/FPI,5100.87,5662.92,-562.05
15-11-2019,DII,4339.31,3801.57,537.74,FII/FPI,5113.19,6121.56,-1008.37
18-11-2019,DII,3338.82,3029.37,309.45,FII/FPI,4375.8,4646.46,-270.66
19-11-2019,DII,4310.87,4048.52,262.35,FII/FPI,7785.13,8700.5,-915.37
20-11-2019,DII,4850.66,4667.25,183.41,FII/FPI,5840.2,5273.68,566.52
21-11-2019,DII,3347.32,3595.06,-247.74,FII/FPI,10556.67,5533.13,5023.54
22-11-2019,DII,2838.11,3015.48,-177.37,FII/FPI,5138.86,4833.14,305.72
25-11-2019,DII,3378.86,3592.52,-213.66,FII/FPI,5257.86,4296.96,960.9
26-11-2019,DII,5501.94,9743.95,-4242.01,FII/FPI,39885.28,35207.53,4677.75
27-11-2019,DII,3999.3,3559.79,439.51,FII/FPI,4526.38,4483.45,42.93
28-11-2019,DII,4132,4287.47,-155.47,FII/FPI,5250.85,4241.96,1008.89
29-11-2019,DII,4407.04,3453.42,953.62,FII/FPI,4769.15,6661.44,-1892.29
02-12-2019,DII,2441.11,2563.75,-122.64,FII/FPI,4020.15,4486.93,-466.78
03-12-2019,DII,4184.73,5175.21,-990.48,FII/FPI,8613.9,6136.18,2477.72
04-12-2019,DII,3157.49,3173.48,-15.99,FII/FPI,3985.73,3088.28,897.45
06-12-2019,DII,2216.85,1945.7,271.15,FII/FPI,3545.92,4596.35,-1050.43
07-12-2019,DII,4066.91,3126.79,940.12,FII/FPI,4810.46,5660.57,-850.11
09-12-2019,DII,2786.99,2913.81,-126.82,FII/FPI,4524.38,3740.83,783.55
12-12-2019,DII,3474.22,2663.99,810.23,FII/FPI,4480.31,5164.14,-683.83
13-12-2019,DII,3954.84,3569.92,384.92,FII/FPI,4632.38,4516.68,115.7
16-12-2019,DII,1988.37,2784.75,-796.38,FII/FPI,5349.12,4620.99,728.13
17-12-2019,DII,3038.74,3946.9,-908.16,FII/FPI,7896.28,6647.81,1248.47
18-12-2019,DII,3154.92,4422.49,-1267.57,FII/FPI,7710.44,5873.63,1836.81
19-12-2019,DII,2535.44,3029.39,-493.95,FII/FPI,5315.81,4576.38,739.43
20-12-2019,DII,4412.85,4698.26,-285.41,FII/FPI,9729.14,9390.28,338.86
23-12-2019,DII,2421.51,4368.87,-1947.36,FII/FPI,4673.51,3210.23,1463.28
24-12-2019,DII,1920.41,2265.63,-345.22,FII/FPI,1935.51,2049.89,-114.38
26-12-2019,DII,3442.9,3322.44,120.46,FII/FPI,1823.17,2327.3,-504.13
27-12-2019,DII,2587.53,2461.76,125.77,FII/FPI,2762.85,2681.48,81.37
30-12-2019,DII,2734.01,2532.69,201.32,FII/FPI,2592.08,2722.6,-130.52
31-12-2019,DII,3697.29,3112.22,585.07,FII/FPI,2202.96,3468.06,-1265.1
01-01-2020,DII,1688.37,1479.9,208.47,FII/FPI,340.21,399.08,-58.87
02-01-2020,DII,4513.02,4476.38,36.64,FII/FPI,1049.2,2248.73,-1199.53
04-01-2020,DII,2772.09,3222.45,-450.36,FII/FPI,5581.89,6698.68,-1116.79
06-01-2020,DII,4890.67,5349.92,-459.25,FII/FPI,7015.34,5439.88,1575.46
07-01-2020,DII,3669.48,2292.35,1377.13,FII/FPI,3629.77,5326.22,-1696.45
09-01-2020,DII,3436.41,4211.64,-775.23,FII/FPI,7444.55,6958.46,486.09
10-01-2020,DII,3277.14,3017.68,259.46,FII/FPI,4708.03,3075.78,1632.25
12-01-2020,DII,3644.5,4687.71,-1043.21,FII/FPI,11337.25,8095.25,3242
13-01-2020,DII,595.5,1724.39,-1128.89,FII/FPI,4881.89,4761.1,120.79
14-01-2020,DII,3934.36,4576.83,-642.47,FII/FPI,4880.95,5086.51,-205.56
15-01-2020,DII,3897.86,4546.2,-648.34,FII/FPI,6026.82,5747.29,279.53
16-01-2020,DII,3686.43,3871.08,-184.65,FII/FPI,4758.32,5153.56,-395.24
17-01-2020,DII,3615.43,4115.6,-500.17,FII/FPI,6609.58,6345.32,264.26
20-01-2020,DII,3332.28,4752.13,-1419.85,FII/FPI,5050.19,5044.32,5.87
21-01-2020,DII,3255.07,3562.88,-307.81,FII/FPI,6095.57,6145.65,-50.08
22-01-2020,DII,4286.22,4612.44,-326.22,FII/FPI,5254.68,5431.11,-176.43
23-01-2020,DII,6729.56,7714.12,-984.56,FII/FPI,7969.55,6617.42,1352.13
24-01-2020,DII,3748.79,3330.83,417.96,FII/FPI,4884.53,4225.42,659.11
27-01-2020,DII,3451.63,3441.12,10.51,FII/FPI,3025.73,3464.58,-438.85
28-01-2020,DII,4857.64,4145.94,711.7,FII/FPI,4871.86,6229.42,-1357.56
29-01-2020,DII,4662.96,3142.06,1520.9,FII/FPI,5012.44,6026.71,-1014.27
30-01-2020,DII,3748.39,3456.04,292.35,FII/FPI,4674.24,5636.52,-962.28
31-01-2020,DII,7024.62,3208.18,3816.44,FII/FPI,5142.69,9321.81,-4179.12
01-02-2020,DII,3490.16,3426.21,63.95,FII/FPI,2670.78,1982.02,688.76
03-02-2020,DII,5097.47,3958.73,1138.74,FII/FPI,6376.11,7730.83,-1354.72
06-02-2020,DII,5065.9,4624.85,441.05,FII/FPI,12157.07,4658.78,7498.29
07-02-2020,DII,5134.57,4225.93,908.64,FII/FPI,4054.33,4611.05,-556.72
09-02-2020,DII,3157.15,3814.63,-657.48,FII/FPI,6640.39,5649.82,990.57
11-02-2020,DII,3816.19,4350.16,-533.97,FII/FPI,6824.79,6084.18,740.61
12-02-2020,DII,3377.19,5013.16,-1635.97,FII/FPI,9295.46,8938.11,357.35
13-02-2020,DII,2951.69,3912.17,-960.48,FII/FPI,5501.59,4440.2,1061.39
14-02-2020,DII,4037.42,3817.88,219.54,FII/FPI,4271.61,4976.53,-704.92
17-02-2020,DII,3294.42,3448.67,-154.25,FII/FPI,3406.75,3780.81,-374.06
18-02-2020,DII,4360.84,4670.27,-309.43,FII/FPI,5132.62,5207.01,-74.39
19-02-2020,DII,3123.58,2533.46,590.12,FII/FPI,4806.74,4997.4,-190.66
20-02-2020,DII,3768.28,4467.9,-699.62,FII/FPI,7632.11,6136.86,1495.25
24-02-2020,DII,4171.7,3655.49,516.21,FII/FPI,5969.32,7130.22,-1160.9
25-02-2020,DII,4386.78,2821.5,1565.28,FII/FPI,5356.93,7672,-2315.07
26-02-2020,DII,6635.51,3849.84,2785.67,FII/FPI,5821.6,9158.2,-3336.6
27-02-2020,DII,6695.91,3198.41,3497.5,FII/FPI,5548.34,8675.7,-3127.36
28-02-2020,DII,11757.09,4135.93,7621.16,FII/FPI,14161.82,15590.56,-1428.74
01-03-2020,DII,2750.87,3780.07,-1029.2,FII/FPI,4514.35,3251.3,1263.05
02-03-2020,DII,5825.21,4538.58,1286.63,FII/FPI,5834.38,7034.65,-1200.27
03-03-2020,DII,6177.35,3042.11,3135.24,FII/FPI,5679.09,8094.89,-2415.8
04-03-2020,DII,3568.24,3341.69,226.55,FII/FPI,7596.78,9557.75,-1960.97
06-03-2020,DII,4633.07,5414.86,-781.79,FII/FPI,9979.47,8128.35,1851.12
07-03-2020,DII,3094.36,3426.32,-331.96,FII/FPI,3325.35,2468.06,857.29
08-03-2020,DII,4719.84,4855.39,-135.55,FII/FPI,13299.91,5481.42,7818.49
09-03-2020,DII,3301.57,3181.49,120.08,FII/FPI,5127.27,5119.55,7.72
11-03-2020,DII,4316.48,5417.4,-1100.92,FII/FPI,8481.57,6207.17,2274.4
12-03-2020,DII,4693.02,6132.76,-1439.74,FII/FPI,14473.15,10835.73,3637.42
13-03-2020,DII,13264.47,7396.57,5867.9,FII/FPI,8336.42,14364,-6027.58
16-03-2020,DII,8198.16,5583.62,2614.54,FII/FPI,6908.97,10718.9,-3809.93
17-03-2020,DII,7632.05,4209.93,3422.12,FII/FPI,6655.46,10700.15,-4044.69
18-03-2020,DII,11245.21,7608.77,3636.44,FII/FPI,6853.17,11938.52,-5085.35
19-03-2020,DII,8692.51,4325.08,4367.43,FII/FPI,6766.44,11389.37,-4622.93
20-03-2020,DII,8229.44,5798.2,2431.24,FII/FPI,9550.97,12896.92,-3345.95
23-03-2020,DII,6897.22,5814.98,1082.24,FII/FPI,5701.63,8690.92,-2989.29
24-03-2020,DII,5860.39,4306.73,1553.66,FII/FPI,7407.77,9561.12,-2153.35
25-03-2020,DII,5303.16,4565.18,737.98,FII/FPI,9310.2,11203.56,-1893.36
26-03-2020,DII,4961.44,5731.37,-769.93,FII/FPI,9423.25,9908.03,-484.78
27-03-2020,DII,5594.3,3890.58,1703.72,FII/FPI,8999.97,8644.19,355.78
30-03-2020,DII,6314.21,2763.88,3550.33,FII/FPI,4726.47,9090.08,-4363.61
31-03-2020,DII,6955.41,3379.18,3576.23,FII/FPI,6295.4,9340.34,-3044.94
02-04-2020,DII,4216.53,3614.67,601.86,FII/FPI,7504.47,7138.26,366.21
03-04-2020,DII,5859.55,5095.42,764.13,FII/FPI,8228.73,9107.11,-878.38
05-04-2020,DII,3756.63,5418.24,-1661.61,FII/FPI,5482.19,6856.17,-1373.98
06-04-2020,DII,3622.8,4470.11,-847.31,FII/FPI,8506.04,5601,2905.04
08-04-2020,DII,3650.09,4315.78,-665.69,FII/FPI,5426.42,4722.68,703.74
09-04-2020,DII,3784.71,4241.59,-456.88,FII/FPI,4931.66,6820.44,-1888.78
11-04-2020,DII,4428.91,4437.04,-8.13,FII/FPI,6302.82,6156.6,146.22
12-04-2020,DII,4062.46,6034.06,-1971.6,FII/FPI,9863.79,6894.2,2969.59
13-04-2020,DII,2986.36,4083.25,-1096.89,FII/FPI,3908.16,5151.9,-1243.74
15-04-2020,DII,4671.97,5769.83,-1097.86,FII/FPI,14199.31,12840,1359.31
16-04-2020,DII,4655.41,3333.97,1321.44,FII/FPI,6779.21,9699.57,-2920.36
17-04-2020,DII,4145.97,3611.73,534.24,FII/FPI,7494.64,8886.62,-1391.98
20-04-2020,DII,3448.46,4237.33,-788.87,FII/FPI,5817.14,6083.03,-265.89
21-04-2020,DII,4285.48,4353.94,-68.46,FII/FPI,3997.53,6092.76,-2095.23
22-04-2020,DII,4352.95,3489.13,863.82,FII/FPI,5441.64,6767.73,-1326.09
23-04-2020,DII,3828.87,3490.6,338.27,FII/FPI,6171.82,6286.4,-114.58
24-04-2020,DII,3903.74,4897.72,-993.98,FII/FPI,5668.62,5875.91,-207.29
27-04-2020,DII,4502.75,3360.78,1141.97,FII/FPI,3888.01,4804.43,-916.42
28-04-2020,DII,4249.74,3860.74,389,FII/FPI,4877.7,4999.85,-122.15
29-04-2020,DII,5011.57,4225.17,786.4,FII/FPI,5733.65,5011.57,722.08
30-04-2020,DII,5919.28,5340.25,579.03,FII/FPI,8792.04,6823.24,1968.8
02-05-2020,DII,5142.23,4879.48,262.75,FII/FPI,7151.42,6902.48,248.94
03-05-2020,DII,5056.28,2545.39,2510.89,FII/FPI,5980.14,8456.89,-2476.75
05-05-2020,DII,936.35,994.56,-58.21,FII/FPI,4813.92,5137.78,-323.86
06-05-2020,DII,3539.03,3491.74,47.29,FII/FPI,4585.79,4488.18,97.61
08-05-2020,DII,3055.35,3481.33,-425.98,FII/FPI,5976.57,6036.75,-60.18
10-05-2020,DII,2779.65,3251.21,-471.56,FII/FPI,5685.56,5448.85,236.71
11-05-2020,DII,3588.71,5796.89,-2208.18,FII/FPI,9962.68,4594.37,5368.31
13-05-2020,DII,4847.22,4614.57,232.65,FII/FPI,6192.1,6475.53,-283.43
14-05-2020,DII,4146.16,3343.8,802.36,FII/FPI,4655.18,6807.7,-2152.52
15-05-2020,DII,3501.57,2276.04,1225.53,FII/FPI,3905.69,6293.73,-2388.04
18-05-2020,DII,4381.64,4534.06,-152.42,FII/FPI,4648.07,7160.89,-2512.82
19-05-2020,DII,4362.13,2702.39,1659.74,FII/FPI,13613.73,14942.04,-1328.31
20-05-2020,DII,4855.06,2481.87,2373.19,FII/FPI,4522.3,5988.82,-1466.52
21-05-2020,DII,3602.92,3201.14,401.78,FII/FPI,6102.7,6361.43,-258.73
22-05-2020,DII,4164.03,4508.19,-344.16,FII/FPI,4404.88,5758.78,-1353.9
26-05-2020,DII,6700.02,3858.93,2841.09,FII/FPI,11849.98,7133.85,4716.13
27-05-2020,DII,5684.69,3275.84,2408.85,FII/FPI,6191.51,6526.25,-334.74
28-05-2020,DII,5044.02,4899.19,144.83,FII/FPI,8584.41,6230.27,2354.14
29-05-2020,DII,8144.45,7177.02,967.43,FII/FPI,25389.42,23928.71,1460.71
01-06-2020,DII,3778.78,3802.48,-23.7,FII/FPI,3732,3835.84,-103.84
02-06-2020,DII,4545.19,4241.18,304.01,FII/FPI,6251.69,6812.05,-560.36
03-06-2020,DII,6861.39,4317.61,2543.78,FII/FPI,6745.54,10340.38,-3594.84
05-06-2020,DII,3811.57,3489.1,322.47,FII/FPI,4544.82,5038.5,-493.68
07-06-2020,DII,4205.92,3942.45,263.47,FII/FPI,4111.43,3763.08,348.35
08-06-2020,DII,3042.83,3510.83,-468,FII/FPI,5578.69,4941.26,637.43
10-06-2020,DII,3076.87,4011.71,-934.84,FII/FPI,6072.97,4971.21,1101.76
11-06-2020,DII,2950.98,5889.64,-2938.66,FII/FPI,9450.25,4580.38,4869.87
15-06-2020,DII,3826.07,2749.69,1076.38,FII/FPI,3247.57,6207.9,-2960.33
16-06-2020,DII,4742.48,3580.97,1161.51,FII/FPI,4608.09,6086.61,-1478.52
17-06-2020,DII,3759.97,3591.92,168.05,FII/FPI,4910.75,5397.37,-486.62
18-06-2020,DII,3671.35,2540.08,1131.27,FII/FPI,4918,4551.43,366.57
19-06-2020,DII,6511.56,7392.22,-880.66,FII/FPI,14764.29,13527.29,1237
22-06-2020,DII,4781.76,6069.45,-1287.69,FII/FPI,5467.93,5043.72,424.21
23-06-2020,DII,4753.26,4298.78,454.48,FII/FPI,23234.73,23065.77,168.96
24-06-2020,DII,4527.64,6052.54,-1524.9,FII/FPI,8721.09,6954.19,1766.9
25-06-2020,DII,7786.25,8041.84,-255.59,FII/FPI,5716.86,6767.47,-1050.61
26-06-2020,DII,4763.5,3459.32,1304.18,FII/FPI,4220.4,4973.58,-753.18
29-06-2020,DII,4337.18,3301.05,1036.13,FII/FPI,3964.64,5901.7,-1937.06
30-06-2020,DII,5247.06,3195.75,2051.31,FII/FPI,4796.39,6796.47,-2000.08
01-07-2020,DII,4205.16,3893.97,311.19,FII/FPI,3911.17,4593.4,-682.23
02-07-2020,DII,3936.37,4114.96,-178.59,FII/FPI,5048.96,4887.03,161.93
04-07-2020,DII,5156.45,4733.94,422.51,FII/FPI,10341.45,9599.68,741.77
05-07-2020,DII,7050.9,3232.49,3818.41,FII/FPI,23369.82,4313.33,19056.49
07-07-2020,DII,3512.24,4296.71,-784.47,FII/FPI,6580.15,5750.25,829.9
08-07-2020,DII,3442.99,3881.61,-438.62,FII/FPI,6034.73,5637.41,397.32
09-07-2020,DII,2987.83,3803.65,-815.82,FII/FPI,3496.26,3503.19,-6.93
10-07-2020,DII,2970.15,4099.64,-1129.49,FII/FPI,6044.21,4950.4,1093.81
12-07-2020,DII,4287.14,7054.23,-2767.09,FII/FPI,8796.14,5004.08,3792.06
13-07-2020,DII,2803.89,4289.48,-1485.59,FII/FPI,3730.71,3508.95,221.76
14-07-2020,DII,3536.39,4186.09,-649.7,FII/FPI,3557.86,5123.48,-1565.62
15-07-2020,DII,4198.17,5097.54,-899.37,FII/FPI,4579.58,4801.28,-221.7
16-07-2020,DII,5544.6,3884.69,1659.91,FII/FPI,4489.16,5580.24,-1091.08
17-07-2020,DII,4072.47,4281.89,-209.42,FII/FPI,5202.81,4505.73,697.08
20-07-2020,DII,3306.19,4828.18,-1521.99,FII/FPI,4960.3,3250.33,1709.97
21-07-2020,DII,3465.53,4192.92,-727.39,FII/FPI,8209.13,5943.25,2265.88
22-07-2020,DII,3694.53,4833.36,-1138.83,FII/FPI,6908.58,5243.01,1665.57
23-07-2020,DII,3825.47,4757.38,-931.91,FII/FPI,5509.38,3768.88,1740.5
24-07-2020,DII,4079.67,5082.65,-1002.98,FII/FPI,5776.01,5366.13,409.88
27-07-2020,DII,3560.65,4538.53,-977.88,FII/FPI,4090.97,4544.28,-453.31
28-07-2020,DII,3990.8,5008.2,-1017.4,FII/FPI,5836.36,5590.41,245.95
29-07-2020,DII,4301.09,4806.71,-505.62,FII/FPI,5725.05,6077.67,-352.62
30-07-2020,DII,5558.41,5945.65,-387.24,FII/FPI,6462.05,6254.75,207.3
31-07-2020,DII,4447.93,4005.2,442.73,FII/FPI,4283.29,5241.93,-958.64
01-08-2020,DII,5162.02,4413.62,748.4,FII/FPI,4109.04,4624.89,-515.85
04-08-2020,DII,3471.38,5229.17,-1757.79,FII/FPI,8916.39,6972.98,1943.41
05-08-2020,DII,3416.61,4919.75,-1503.14,FII/FPI,6091.97,4367.26,1724.71
06-08-2020,DII,4212.26,5450.49,-1238.23,FII/FPI,6081.97,5268.7,813.27
07-08-2020,DII,3721.81,4575.22,-853.41,FII/FPI,5473.24,6468.11,-994.87
09-08-2020,DII,4162.36,3542.07,620.29,FII/FPI,3659.41,4715.93,-1056.52
10-08-2020,DII,4992.59,4972.74,19.85,FII/FPI,6586.24,5607.87,978.37
12-08-2020,DII,3912.38,6553.31,-2640.93,FII/FPI,8473.34,5563.74,2909.6
13-08-2020,DII,3693.86,4457.4,-763.54,FII/FPI,4569.17,4152.89,416.28
14-08-2020,DII,3255.49,4052.57,-797.08,FII/FPI,5184.05,5137.66,46.39
17-08-2020,DII,2766.3,3483.92,-717.62,FII/FPI,3828.93,3496.03,332.9
18-08-2020,DII,2893.29,3272.67,-379.38,FII/FPI,5409.49,4274.92,1134.57
19-08-2020,DII,3595.59,3692.72,-97.13,FII/FPI,4934.93,4475.92,459.01
20-08-2020,DII,3438.24,4110.47,-672.23,FII/FPI,4680.39,4948.85,-268.46
21-08-2020,DII,4277.43,4528.08,-250.65,FII/FPI,3975.11,3564.95,410.16
24-08-2020,DII,3344.75,3680.39,-335.64,FII/FPI,4444.08,4225.01,219.07
25-08-2020,DII,3913.03,4086,-172.97,FII/FPI,5640.95,4159.75,1481.2
26-08-2020,DII,3785.61,4980.23,-1194.62,FII/FPI,6857.48,5276.17,1581.31
27-08-2020,DII,3339.96,4149.23,-809.27,FII/FPI,6625.39,5461.07,1164.32
28-08-2020,DII,5341.4,5884.96,-543.56,FII/FPI,6618.88,5614.77,1004.11
31-08-2020,DII,5760.96,5080.08,680.88,FII/FPI,16290.34,19685.83,-3395.49
01-09-2020,DII,5020.49,4601.27,419.22,FII/FPI,4716.4,5147.51,-431.11
03-09-2020,DII,9971.24,4996.44,4974.8,FII/FPI,6076.45,12672.01,-6595.56
04-09-2020,DII,4135.32,4601.34,-466.02,FII/FPI,7277.03,5539.41,1737.62
06-09-2020,DII,4043.52,4776.85,-733.33,FII/FPI,6502.25,6011.44,490.81
07-09-2020,DII,2872.1,3675.49,-803.39,FII/FPI,4516.59,4303.82,212.77
09-09-2020,DII,3974.56,4238.53,-263.97,FII/FPI,5079.82,6038.91,-959.09
10-09-2020,DII,4154.21,4027.6,126.61,FII/FPI,6284.33,6323.72,-39.39
11-09-2020,DII,3030.65,6066.96,-3036.31,FII/FPI,9163.22,4614.83,4548.39
12-09-2020,DII,3834.91,6328.01,-2493.1,FII/FPI,9574.48,6010.25,3564.23
14-09-2020,DII,5851.26,5971.61,-120.35,FII/FPI,6172.11,5873.89,298.22
15-09-2020,DII,3922.08,4817.71,-895.63,FII/FPI,5391.77,4220.88,1170.89
16-09-2020,DII,4259.67,4471.88,-212.21,FII/FPI,4980.88,4716.22,264.66
17-09-2020,DII,3883.84,4951.67,-1067.83,FII/FPI,4580.45,4830.27,-249.82
18-09-2020,DII,6248.89,6349.72,-100.83,FII/FPI,19932.3,19727.15,205.15
21-09-2020,DII,4333.23,4851.18,-517.95,FII/FPI,5230.5,5770.31,-539.81
22-09-2020,DII,4963.84,4084.93,878.91,FII/FPI,3805.95,5878.71,-2072.76
23-09-2020,DII,5186.24,3557.01,1629.23,FII/FPI,4190.07,8102.51,-3912.44
24-09-2020,DII,7839.03,7650.39,188.64,FII/FPI,6301.62,8187.31,-1885.69
25-09-2020,DII,4210.84,2140.21,2070.63,FII/FPI,4383.11,6463.32,-2080.21
28-09-2020,DII,3041.27,2498.93,542.34,FII/FPI,4414.51,4441.49,-26.98
29-09-2020,DII,3244.85,2668.35,576.5,FII/FPI,4346.69,5803.35,-1456.66
30-09-2020,DII,3010.51,2601.04,409.47,FII/FPI,5725.27,6437.75,-712.48
01-10-2020,DII,4438.75,4690.49,-251.74,FII/FPI,4679.66,4101.38,578.28
02-10-2020,DII,2866.79,3602.58,-735.79,FII/FPI,4665.04,4849.62,-184.58
06-10-2020,DII,3179.77,2679.07,500.7,FII/FPI,4432.22,5351.48,-919.26
07-10-2020,DII,2777.56,3208.77,-431.21,FII/FPI,2489.45,3520.45,-1031
08-10-2020,DII,3963.32,4468.24,-504.92,FII/FPI,4892.69,4589.81,302.88
09-10-2020,DII,3224.77,3542.07,-317.3,FII/FPI,5897.92,5059.55,838.37
11-10-2020,DII,6626.38,8935.57,-2309.19,FII/FPI,14188.59,8561.27,5627.32
12-10-2020,DII,3390.71,5665.93,-2275.22,FII/FPI,7663.53,5403.55,2259.98
13-10-2020,DII,3029.17,4703.63,-1674.46,FII/FPI,5797.32,4965.18,832.14
14-10-2020,DII,2962.67,4238.81,-1276.14,FII/FPI,7151.46,6329.6,821.86
15-10-2020,DII,3251.11,4059.4,-808.29,FII/FPI,6544.15,7148.22,-604.07
16-10-2020,DII,2545.89,2975.7,-429.81,FII/FPI,4605.47,5085.06,-479.59
19-10-2020,DII,3278.52,4900.25,-1621.73,FII/FPI,5994.22,4337.44,1656.78
20-10-2020,DII,2928.16,4561.39,-1633.23,FII/FPI,6335.73,4750.66,1585.07
21-10-2020,DII,3951.48,5585.01,-1633.53,FII/FPI,8448.11,6339.63,2108.48
22-10-2020,DII,3207.37,5227.24,-2019.87,FII/FPI,8325.73,7207.27,1118.46
23-10-2020,DII,3705.8,4597.66,-891.86,FII/FPI,6024.92,5117.99,906.93
26-10-2020,DII,3112.15,4091.31,-979.16,FII/FPI,5323.21,5442.63,-119.42
27-10-2020,DII,4310.08,5880.88,-1570.8,FII/FPI,11020.94,7506.05,3514.89
28-10-2020,DII,3843.24,3841.76,1.48,FII/FPI,7833.41,8964.39,-1130.98
29-10-2020,DII,3325.98,3579.39,-253.41,FII/FPI,5606.53,6027.48,-420.95
30-10-2020,DII,2694.06,2062.95,631.11,FII/FPI,6329.42,7200.3,-870.88
02-11-2020,DII,3819.48,3474.85,344.63,FII/FPI,4705.54,4914.93,-209.39
03-11-2020,DII,7345.59,4510.13,2835.46,FII/FPI,9721.28,13236.66,-3515.38
05-11-2020,DII,3799.19,4620.79,-821.6,FII/FPI,5383.01,4848.14,534.87
06-11-2020,DII,3027.31,3901.66,-874.35,FII/FPI,3805.18,4610.32,-805.14
08-11-2020,DII,2759.01,4174.55,-1415.54,FII/FPI,6227.7,5214.04,1013.66
09-11-2020,DII,3004.57,3728.88,-724.31,FII/FPI,5468.87,4293.06,1175.81
11-11-2020,DII,4578.17,8042.03,-3463.86,FII/FPI,14549.31,8342.12,6207.19
12-11-2020,DII,3726.16,6085.16,-2359,FII/FPI,10402.09,6206.66,4195.43
13-11-2020,DII,2265.3,4727.72,-2462.42,FII/FPI,9389.23,7453.31,1935.92
17-11-2020,DII,3076.21,6905.37,-3829.16,FII/FPI,14689.87,9784.52,4905.35
18-11-2020,DII,3672.2,6462.05,-2789.85,FII/FPI,10146.94,7075.01,3071.93
19-11-2020,DII,3162.07,6017.01,-2854.94,FII/FPI,10852.05,9671.44,1180.61
20-11-2020,DII,2975.8,5844.46,-2868.66,FII/FPI,11000.78,7140,3860.78
23-11-2020,DII,3909.28,6853.33,-2944.05,FII/FPI,12442.96,7704.52,4738.44
24-11-2020,DII,3954.39,6476.5,-2522.11,FII/FPI,12480.89,7917.71,4563.18
25-11-2020,DII,3724.49,5564.82,-1840.33,FII/FPI,6931.7,6907.5,24.2
26-11-2020,DII,3016.07,6416.17,-3400.1,FII/FPI,8036.86,6009.55,2027.31
27-11-2020,DII,4875.77,9844.67,-4968.9,FII/FPI,74741.85,67028.87,7712.98
02-12-2020,DII,3795.48,3456.29,339.19,FII/FPI,5071.12,5022.31,48.81
03-12-2020,DII,12340.09,8421.85,3918.24,FII/FPI,9161.05,12636.34,-3475.29
05-12-2020,DII,5326.5,5690.5,-364,FII/FPI,6231.71,7893.74,-1662.03
06-12-2020,DII,5251.66,3306.51,1945.15,FII/FPI,3579.73,4891.22,-1311.49
08-12-2020,DII,3560.3,4499.97,-939.67,FII/FPI,4938.95,4587.8,351.15
10-12-2020,DII,1960.27,2989.04,-1028.77,FII/FPI,6100.23,5485.06,615.17
11-12-2020,DII,3810.02,6049.45,-2239.43,FII/FPI,10143.06,8628.94,1514.12
14-12-2020,DII,3813.97,5535.08,-1721.11,FII/FPI,7589.88,5325.5,2264.38
15-12-2020,DII,3564.69,6231.48,-2666.79,FII/FPI,8612.92,6128.83,2484.09
16-12-2020,DII,3748.65,5467.1,-1718.45,FII/FPI,8209.33,6227.56,1981.77
17-12-2020,DII,3125.72,5620.08,-2494.36,FII/FPI,8609.38,6254.13,2355.25
18-12-2020,DII,4224.56,6649.17,-2424.61,FII/FPI,14649.69,11928.74,2720.95
21-12-2020,DII,5948.66,5462.54,486.12,FII/FPI,6595.73,6919.28,-323.55
22-12-2020,DII,5205.19,5866.7,-661.51,FII/FPI,6616.43,5463.43,1153
23-12-2020,DII,4040.67,5367.59,-1326.92,FII/FPI,5365.66,4829.53,536.13
24-12-2020,DII,3456.22,5354.14,-1897.92,FII/FPI,5316.24,4090.55,1225.69
28-12-2020,DII,2714.07,4100.62,-1386.55,FII/FPI,3456.27,1867.34,1588.93
29-12-2020,DII,2386.77,4397.27,-2010.5,FII/FPI,5426.77,3077.24,2349.53
30-12-2020,DII,3372.43,3959.86,-587.43,FII/FPI,5345.63,3521.11,1824.52
31-12-2020,DII,4209.73,4467.37,-257.64,FII/FPI,6855.31,5719.72,1135.59
01-01-2021,DII,2505.67,2436.27,69.4,FII/FPI,1072.54,566.33,506.21
02-01-2021,DII,6603.46,6693.92,-90.46,FII/FPI,10168.32,8674.09,1494.23
03-01-2021,DII,4262.45,4457.33,-194.88,FII/FPI,6674.54,6549.39,125.15
04-01-2021,DII,3621.88,3918.72,-296.84,FII/FPI,7279.28,7129.87,149.41
06-01-2021,DII,4363.99,4133.5,230.49,FII/FPI,4507.92,4957.78,-449.86
07-01-2021,DII,4721.48,3840.88,880.6,FII/FPI,4395.8,5641.09,-1245.29
09-01-2021,DII,5498.07,6785.94,-1287.87,FII/FPI,9384.32,8717.66,666.66
10-01-2021,DII,6093.82,6706.9,-613.08,FII/FPI,7049.23,6917.84,131.39
11-01-2021,DII,5516.93,5400.92,116.01,FII/FPI,8251.05,8453.18,-202.13
12-01-2021,DII,6651.88,3184.86,3467.02,FII/FPI,8588.49,11354.33,-2765.84
13-01-2021,DII,5777.2,8147.37,-2370.17,FII/FPI,10263.57,8384.51,1879.06
14-01-2021,DII,5772.8,5960.9,-188.1,FII/FPI,10175.47,9098.85,1076.62
15-01-2021,DII,4914.07,5856.14,-942.07,FII/FPI,7240.81,6269.75,971.06
18-01-2021,DII,6371.06,6413.57,-42.51,FII/FPI,7847.77,7197.17,650.6
19-01-2021,DII,5146.41,5345.71,-199.3,FII/FPI,6715.91,6458.36,257.55
20-01-2021,DII,5084.73,5949.35,-864.62,FII/FPI,7701.29,5412.24,2289.05
21-01-2021,DII,5053.57,6093.05,-1039.48,FII/FPI,9104.25,7489.59,1614.66
22-01-2021,DII,4859.95,6150.3,-1290.35,FII/FPI,8326.77,8962.46,-635.69
25-01-2021,DII,5090.23,5477.99,-387.76,FII/FPI,8423.37,9188.67,-765.3
27-01-2021,DII,6222.79,6226.17,-3.38,FII/FPI,11236.79,12925.01,-1688.22
28-01-2021,DII,6351.07,4614.15,1736.92,FII/FPI,8493.91,12206.42,-3712.51
29-01-2021,DII,7582.45,5139.25,2443.2,FII/FPI,11875.01,17805.67,-5930.66
02-02-2021,DII,7755.23,9790.43,-2035.2,FII/FPI,13585.57,7404.01,6181.56
03-02-2021,DII,4315.34,5169.38,-854.04,FII/FPI,8978.71,6755.55,2223.16
06-02-2021,DII,4657.4,4415.64,241.76,FII/FPI,11510.79,10589.69,921.1
07-02-2021,DII,4922.08,3991.69,930.39,FII/FPI,4860.51,5843.31,-982.8
08-02-2021,DII,6478.18,4972.36,1505.82,FII/FPI,6550.89,8090.77,-1539.88
09-02-2021,DII,6368.33,5986.63,381.7,FII/FPI,9113.34,8764.82,348.52
11-02-2021,DII,5771.97,5777.97,-6,FII/FPI,7815.53,7570.66,244.87
12-02-2021,DII,5828.03,4455.38,1372.65,FII/FPI,9064.65,9974.36,-909.71
15-02-2021,DII,4293.84,5342.39,-1048.55,FII/FPI,5121.51,3887.36,1234.15
16-02-2021,DII,4632.12,6191.65,-1559.53,FII/FPI,6825.94,5681.85,1144.09
17-02-2021,DII,4441.26,5724.64,-1283.38,FII/FPI,8499.18,7490.98,1008.2
18-02-2021,DII,5281.7,6499.04,-1217.34,FII/FPI,9725.77,8822.7,903.07
19-02-2021,DII,3542.36,4717.34,-1174.98,FII/FPI,8611.06,8492.31,118.75
22-02-2021,DII,4804.05,5723.93,-919.88,FII/FPI,9454.13,10347.38,-893.25
23-02-2021,DII,4918.49,4701.82,216.67,FII/FPI,8112.33,9681.37,-1569.04
24-02-2021,DII,3573.61,3343.17,230.44,FII/FPI,35295.57,6556.4,28739.17
25-02-2021,DII,5174.63,5921.2,-746.57,FII/FPI,14123.81,13935.73,188.08
26-02-2021,DII,7534.99,6035.29,1499.7,FII/FPI,22163.45,30458.62,-8295.17
02-03-2021,DII,6427.49,6827.23,-399.74,FII/FPI,11546.18,9025.26,2520.92
03-03-2021,DII,5414.38,5021.47,392.91,FII/FPI,10944.98,8856.28,2088.7
05-03-2021,DII,4366.26,3813.34,552.92,FII/FPI,4273.18,6562.64,-2289.46
06-03-2021,DII,4726,5004.97,-278.97,FII/FPI,7323.5,6244.3,1079.2
08-03-2021,DII,6571.69,6870.23,-298.54,FII/FPI,8993.55,6876.95,2116.6
09-03-2021,DII,6397.78,5729.18,668.6,FII/FPI,7492.49,6723.91,768.58
11-03-2021,DII,5554.9,5359.34,195.56,FII/FPI,9011.72,9413.2,-401.48
12-03-2021,DII,5896.49,4247.7,1648.79,FII/FPI,7842.92,11199.09,-3356.17
15-03-2021,DII,4036.19,4785.9,-749.71,FII/FPI,6658.82,7760.17,-1101.35
16-03-2021,DII,4518.78,5687.37,-1168.59,FII/FPI,7819.91,6127.6,1692.31
17-03-2021,DII,5874.44,6436.59,-562.15,FII/FPI,9973.21,7347.39,2625.82
18-03-2021,DII,4692.9,5809.07,-1116.17,FII/FPI,7994.23,6735.76,1258.47
19-03-2021,DII,7503.7,6944.08,559.62,FII/FPI,24193.67,22775.24,1418.43
22-03-2021,DII,4659.69,4116.99,542.7,FII/FPI,6436.46,7223.44,-786.98
23-03-2021,DII,4882.49,5412.18,-529.69,FII/FPI,7811.31,7919.55,-108.24
24-03-2021,DII,5581.34,4968.54,612.8,FII/FPI,5577.51,7529.41,-1951.9
25-03-2021,DII,7823.37,5555.68,2267.69,FII/FPI,6669.49,10053.09,-3383.6
26-03-2021,DII,5876.74,4173.6,1703.14,FII/FPI,6317,6367.13,-50.13
30-03-2021,DII,11262.39,9081.38,2181.01,FII/FPI,10119.5,9350.03,769.47
31-03-2021,DII,6160.75,4079.23,2081.52,FII/FPI,7657.89,9343.8,-1685.91
01-04-2021,DII,4575.57,5290.78,-715.21,FII/FPI,5331.17,3487.95,1843.22
02-04-2021,DII,6314.21,7082.76,-768.55,FII/FPI,11826.54,9889.8,1936.74
03-04-2021,DII,4342.9,5131.09,-788.19,FII/FPI,11733.98,11957.09,-223.11
05-04-2021,DII,4952.6,3965.26,987.34,FII/FPI,5849.01,7621.38,-1772.37
06-04-2021,DII,3883.29,5058.3,-1175.01,FII/FPI,7683.55,6184.18,1499.37
08-04-2021,DII,7888.75,8300.11,-411.36,FII/FPI,9850.33,7021.76,2828.57
10-04-2021,DII,6837.52,6609.46,228.06,FII/FPI,14121.78,13261.28,860.5
11-04-2021,DII,55.67,17.42,38.25,FII/FPI,42.52,370.63,-328.11
13-04-2021,DII,4557.77,4313.97,243.8,FII/FPI,8556.44,9287.25,-730.81
15-04-2021,DII,4979.59,5506.22,-526.63,FII/FPI,11711.48,10731.78,979.7
16-04-2021,DII,5523.58,4866.03,657.55,FII/FPI,7512.32,7074.81,437.51
19-04-2021,DII,6843.13,4487.57,2355.56,FII/FPI,6381.91,8015.61,-1633.7
20-04-2021,DII,5595,4271.99,1323.01,FII/FPI,8722.73,9805.06,-1082.33
22-04-2021,DII,5737.09,4887.11,849.98,FII/FPI,9619.52,10529.08,-909.56
23-04-2021,DII,5151.62,3456.03,1695.59,FII/FPI,6729.46,8090.22,-1360.76
26-04-2021,DII,6518.02,5495.45,1022.57,FII/FPI,7660.72,8772.61,-1111.89
27-04-2021,DII,6484.69,5021.25,1463.44,FII/FPI,5527.78,6982.53,-1454.75
28-04-2021,DII,6349.17,5912.97,436.2,FII/FPI,7822.55,7056.53,766.02
29-04-2021,DII,4222.29,5164.64,-942.35,FII/FPI,6399.32,5589.95,809.37
30-04-2021,DII,5761.78,4342.47,1419.31,FII/FPI,7951.05,11416.12,-3465.07
01-05-2021,DII,5092,5582.03,-490.03,FII/FPI,7039.45,6053.15,986.3
02-05-2021,DII,6202.57,7621.22,-1418.65,FII/FPI,9402.17,7940.46,1461.71
03-05-2021,DII,3633.06,4824.25,-1191.19,FII/FPI,9383.17,11397.33,-2014.16
04-05-2021,DII,5097.54,5022.06,75.48,FII/FPI,4443.84,5375.5,-931.66
05-05-2021,DII,4255.47,4496.08,-240.61,FII/FPI,4955.96,6066.46,-1110.5
07-05-2021,DII,4578.52,3932.93,645.59,FII/FPI,3222.8,3561.23,-338.43
08-05-2021,DII,8541.88,7809.96,731.92,FII/FPI,8746.6,9466.48,-719.88
10-05-2021,DII,8711.87,6843.64,1868.23,FII/FPI,8732.1,10647.18,-1915.08
14-05-2021,DII,5444.16,4830.9,613.26,FII/FPI,5856.4,8464.25,-2607.85
17-05-2021,DII,7096.88,5148.4,1948.48,FII/FPI,5797.54,8053.38,-2255.84
18-05-2021,DII,6301.03,5851.51,449.52,FII/FPI,8433.44,7814.95,618.49
19-05-2021,DII,4722.98,5575.5,-852.52,FII/FPI,7138.11,7835.86,-697.75
20-05-2021,DII,4723.27,5599.33,-876.06,FII/FPI,8149.8,8078.76,71.04
21-05-2021,DII,6089.36,5440.26,649.1,FII/FPI,7950.66,7440.5,510.16
24-05-2021,DII,5329.13,6036.82,-707.69,FII/FPI,7830.55,7245.19,585.36
25-05-2021,DII,4299.61,4863.2,-563.59,FII/FPI,7282.89,6323.12,959.77
26-05-2021,DII,3623.92,4062.51,-438.59,FII/FPI,5114.13,4872.53,241.6
27-05-2021,DII,6139.4,6027.02,112.38,FII/FPI,42734.21,43395.11,-660.9
28-05-2021,DII,6440.88,5165.66,1275.22,FII/FPI,5917.71,5004.12,913.59
31-05-2021,DII,4912.06,4732.28,179.78,FII/FPI,7456.51,5044.12,2412.39
01-06-2021,DII,5686.04,6066.45,-380.41,FII/FPI,6733.28,7216.92,-483.64
04-06-2021,DII,4518.84,4102.25,416.59,FII/FPI,4825.29,5918.04,-1092.75
05-06-2021,DII,4036.91,4669.42,-632.51,FII/FPI,6326.62,5104.04,1222.58
07-06-2021,DII,5867.38,5346.08,521.3,FII/FPI,4221.77,4765.07,-543.3
08-06-2021,DII,6439.14,7070.14,-631,FII/FPI,6511.05,6580.42,-69.37
09-06-2021,DII,5825.04,5277.73,547.31,FII/FPI,5389.54,5978.9,-589.36
10-06-2021,DII,5826.16,6824.85,-998.69,FII/FPI,7357.95,8160.76,-802.81
12-06-2021,DII,4780.05,3078.49,1701.56,FII/FPI,4130.25,7491.53,-3361.28
14-06-2021,DII,4801.07,4256.81,544.26,FII/FPI,4339.27,4842.78,-503.51
15-06-2021,DII,3875.29,4524.58,-649.29,FII/FPI,7621.18,6987.49,633.69
16-06-2021,DII,4027.52,4901.72,-874.2,FII/FPI,5940.25,6810.54,-870.29
17-06-2021,DII,5107.52,5062.28,45.24,FII/FPI,6727.57,7607.3,-879.73
18-06-2021,DII,7052.77,6606.57,446.2,FII/FPI,20440.85,17760.28,2680.57
21-06-2021,DII,4028.31,3890.22,138.09,FII/FPI,4675.48,5920.19,-1244.71
22-06-2021,DII,5099.01,4796.56,302.45,FII/FPI,6488.06,7516,-1027.94
23-06-2021,DII,4982.56,3665.36,1317.2,FII/FPI,13648.63,10492.1,3156.53
24-06-2021,DII,5377.76,4239,1138.76,FII/FPI,7094.36,9985.3,-2890.94
25-06-2021,DII,6844.01,5011.25,1832.76,FII/FPI,6766.31,7445.15,-678.84
28-06-2021,DII,5634.19,4357.11,1277.08,FII/FPI,4275.71,5934.43,-1658.72
29-06-2021,DII,8687.31,6877.26,1810.05,FII/FPI,10932.02,10815.39,116.63
30-06-2021,DII,6171.14,4650.96,1520.18,FII/FPI,6057.48,7704.14,-1646.66
01-07-2021,DII,4815.72,5805.22,-989.5,FII/FPI,8481.77,8099.47,382.3
04-07-2021,DII,4903.19,4522.11,381.08,FII/FPI,7380.16,7152.74,227.42
05-07-2021,DII,6414.23,4946.14,1468.09,FII/FPI,7159.99,8302.74,-1142.75
06-07-2021,DII,5644.06,4660.09,983.97,FII/FPI,6811.49,6997.95,-186.46
07-07-2021,DII,4345.38,4577.18,-231.8,FII/FPI,5963.59,5430.65,532.94
09-07-2021,DII,5160.43,5297,-136.57,FII/FPI,6640.48,6785.93,-145.45
10-07-2021,DII,7892.67,5364.03,2528.64,FII/FPI,6734.6,8498.85,-1764.25
12-07-2021,DII,6637.69,4031.88,2605.81,FII/FPI,7625.01,10209.98,-2584.97
13-07-2021,DII,5589.72,5245.53,344.19,FII/FPI,5215.72,5101.89,113.83
14-07-2021,DII,5085.07,3749.16,1335.91,FII/FPI,5234.2,6538.15,-1303.95
15-07-2021,DII,5266.49,4827.08,439.41,FII/FPI,5547.11,5811.88,-264.77
16-07-2021,DII,5619.29,4953.22,666.07,FII/FPI,4988.34,5454.64,-466.3
19-07-2021,DII,5913.3,4865.64,1047.66,FII/FPI,6366.78,8565.49,-2198.71
20-07-2021,DII,5675.86,4802.72,873.14,FII/FPI,4276.7,7111.66,-2834.96
22-07-2021,DII,6386.46,5443.91,942.55,FII/FPI,8329.28,8576.87,-247.59
23-07-2021,DII,7415.99,5228.19,2187.8,FII/FPI,7663.49,7826.8,-163.31
26-07-2021,DII,5885.63,4334.36,1551.27,FII/FPI,5495.57,7872.36,-2376.79
27-07-2021,DII,6332.46,5602.5,729.96,FII/FPI,8522.42,9981.5,-1459.08
28-07-2021,DII,6663.07,5741.62,921.45,FII/FPI,6941.15,9215.92,-2274.77
29-07-2021,DII,7181.58,5134.62,2046.96,FII/FPI,8373.72,9239.98,-866.26
30-07-2021,DII,8047.43,5090.75,2956.68,FII/FPI,8506.05,12354.36,-3848.31
01-08-2021,DII,4792.7,7165.24,-2372.54,FII/FPI,13171.18,7141.35,6029.83
02-08-2021,DII,5356.49,5861.35,-504.86,FII/FPI,8017.52,6140.92,1876.6
03-08-2021,DII,3838.89,3355.27,483.62,FII/FPI,5918.33,7412.82,-1494.49
04-08-2021,DII,4854.39,4301.61,552.78,FII/FPI,8752.01,8641.16,110.85
06-08-2021,DII,3936.21,5563.19,-1626.98,FII/FPI,7646.87,6224.16,1422.71
07-08-2021,DII,3864.15,4813.33,-949.18,FII/FPI,5344.41,5899.33,-554.92
09-08-2021,DII,5390.91,5390.31,0.6,FII/FPI,8772.31,9574.82,-802.51
10-08-2021,DII,5697.83,5866.02,-168.19,FII/FPI,6583.35,6647.36,-64.01
11-08-2021,DII,6933.85,5022.08,1911.77,FII/FPI,12747.47,13608.12,-860.65
12-08-2021,DII,7182.85,5447.35,1735.5,FII/FPI,8150.87,8730.14,-579.27
13-08-2021,DII,6104.54,5955.04,149.5,FII/FPI,8016.33,7196.56,819.77
16-08-2021,DII,5203.45,4697.24,506.21,FII/FPI,4271.83,5360.15,-1088.32
17-08-2021,DII,5521.8,5255.37,266.43,FII/FPI,9253.8,9597.53,-343.73
18-08-2021,DII,4726.39,5455.88,-729.49,FII/FPI,9557.63,10152.95,-595.32
20-08-2021,DII,6526.92,6407.62,119.3,FII/FPI,10276.57,12563.6,-2287.03
23-08-2021,DII,6437.59,4985.08,1452.51,FII/FPI,7990.23,9353.59,-1363.36
24-08-2021,DII,7418.2,5038.15,2380.05,FII/FPI,7371.72,9016.63,-1644.91
25-08-2021,DII,4877.56,5028.95,-151.39,FII/FPI,6700.93,7772.76,-1071.83
26-08-2021,DII,6544.18,5488.97,1055.21,FII/FPI,6663.43,8637.91,-1974.48
27-08-2021,DII,6055.14,4408.95,1646.19,FII/FPI,7265.52,8044.27,-778.75
30-08-2021,DII,6678.62,5989.77,688.85,FII/FPI,8408.62,7205.81,1202.81
31-08-2021,DII,5991.84,7864.24,-1872.4,FII/FPI,22832.93,18951.77,3881.16
02-09-2021,DII,4649.82,6406.06,-1756.24,FII/FPI,11599.6,10298.95,1300.65
03-09-2021,DII,6216.33,4966.11,1250.22,FII/FPI,11281.25,8479.38,2801.87
06-09-2021,DII,5895.55,6167.25,-271.7,FII/FPI,7088.53,7934.9,-846.37
07-09-2021,DII,4360.25,4253.7,106.55,FII/FPI,3852.21,4976.86,-1124.65
08-09-2021,DII,4657.93,5374.08,-716.15,FII/FPI,6240.73,6028.82,211.91
09-09-2021,DII,5229.6,4525.39,704.21,FII/FPI,10253.03,9829.59,423.44
11-09-2021,DII,7108.59,5690.96,1417.63,FII/FPI,7773.2,10218.45,-2445.25
12-09-2021,DII,5623.94,4841.1,782.84,FII/FPI,6194.93,7780.48,-1585.55
13-09-2021,DII,4163.88,4723.47,-559.59,FII/FPI,8682.14,7262.83,1419.31
14-09-2021,DII,5613.31,5923.62,-310.31,FII/FPI,10755.82,9106.22,1649.6
15-09-2021,DII,7452.63,7284.96,167.67,FII/FPI,11172.43,10939.59,232.84
16-09-2021,DII,6905.29,7700.42,-795.13,FII/FPI,11766.93,10145.05,1621.88
17-09-2021,DII,8006.52,9405.07,-1398.55,FII/FPI,26776.57,25223.98,1552.59
20-09-2021,DII,6026.53,7653.11,-1626.58,FII/FPI,7779.47,7686.93,92.54
21-09-2021,DII,8010.59,5842.97,2167.62,FII/FPI,8110.81,7068.89,1041.92
22-09-2021,DII,7454,5603.98,1850.02,FII/FPI,7355.32,9298.58,-1943.26
23-09-2021,DII,7976.47,6803.38,1173.09,FII/FPI,15839.77,15481.84,357.93
24-09-2021,DII,7087.07,7602.92,-515.85,FII/FPI,11782.97,11340.48,442.49
27-09-2021,DII,6910.79,5513.1,1397.69,FII/FPI,8019.79,8614.42,-594.63
28-09-2021,DII,7926.05,7764.6,161.45,FII/FPI,8825.85,10783.55,-1957.7
29-09-2021,DII,13948.96,10686.8,3262.16,FII/FPI,12949.38,14395.4,-1446.02
30-09-2021,DII,6795.08,6697.9,97.18,FII/FPI,10773.65,12999.25,-2225.6
02-10-2021,DII,4749.91,6825.59,-2075.68,FII/FPI,9072.1,7285.13,1786.97
03-10-2021,DII,4059.79,3612.12,447.67,FII/FPI,6534.99,6550.68,-15.69
05-10-2021,DII,5851.72,6327.98,-476.26,FII/FPI,6860.97,6277.28,583.69
06-10-2021,DII,4282.21,4857.4,-575.19,FII/FPI,7447.97,6118.27,1329.7
08-10-2021,DII,6338.36,5649.36,689,FII/FPI,6674.19,6852.7,-178.51
11-10-2021,DII,6903.17,6136.22,766.95,FII/FPI,9112.99,9582.49,-469.5
12-10-2021,DII,4477.51,4090.88,386.63,FII/FPI,5595.06,6687.46,-1092.4
13-10-2021,DII,7681.34,8113.06,-431.72,FII/FPI,8528.34,7591.03,937.31
14-10-2021,DII,7706.79,9457.38,-1750.59,FII/FPI,10607.59,8925.99,1681.6
18-10-2021,DII,7720.49,9424.36,-1703.87,FII/FPI,13343.73,12831.29,512.44
19-10-2021,DII,5456.9,8035.12,-2578.22,FII/FPI,9298.03,9803.82,-505.79
20-10-2021,DII,7364.58,9045.31,-1680.73,FII/FPI,15676.44,17519.53,-1843.09
21-10-2021,DII,8370.14,7941.69,428.45,FII/FPI,11816.22,14635.12,-2818.9
22-10-2021,DII,8040.03,7010.06,1029.97,FII/FPI,5926.83,8624.53,-2697.7
25-10-2021,DII,11137.25,8747.02,2390.23,FII/FPI,6854.2,9313.3,-2459.1
26-10-2021,DII,8494.57,7109.16,1385.41,FII/FPI,7292.05,9660.71,-2368.66
27-10-2021,DII,7986.46,7513.98,472.48,FII/FPI,9323.8,11237.16,-1913.36
28-10-2021,DII,8311.63,7475.03,836.6,FII/FPI,8215.03,12033.54,-3818.51
29-10-2021,DII,9716.1,5373.59,4342.51,FII/FPI,7303.32,12445.95,-5142.63
01-11-2021,DII,4496.85,7106.98,-2610.13,FII/FPI,9652.29,6513.39,3138.9
02-11-2021,DII,4271.11,4978.79,-707.68,FII/FPI,5627.71,4683.35,944.36
05-11-2021,DII,5172.16,5848.83,-676.67,FII/FPI,6577.06,6913.06,-336
06-11-2021,DII,5212.5,4546.14,666.36,FII/FPI,5161.16,5142.52,18.64
08-11-2021,DII,6592.55,6386.27,206.28,FII/FPI,7301.31,7063.17,238.14
10-11-2021,DII,6585.38,6958.66,-373.28,FII/FPI,13318.24,14621.46,-1303.22
11-11-2021,DII,5429.96,4984.2,445.76,FII/FPI,7188.28,8825.74,-1637.46
15-11-2021,DII,6336.76,4812.09,1524.67,FII/FPI,8557.01,8132.27,424.74
16-11-2021,DII,6404.64,5827.3,577.34,FII/FPI,9633.7,10194.37,-560.67
17-11-2021,DII,5736.59,5797.73,-61.14,FII/FPI,9321.89,9666.24,-344.35
18-11-2021,DII,6846.1,4960.44,1885.66,FII/FPI,8781.77,12712.39,-3930.62
22-11-2021,DII,7927.88,5876.7,2051.18,FII/FPI,11705.76,15144.52,-3438.76
23-11-2021,DII,9030.24,7618.19,1412.05,FII/FPI,10101.07,14578.13,-4477.06
24-11-2021,DII,7537.61,3727.99,3809.62,FII/FPI,9608.48,14731.13,-5122.65
25-11-2021,DII,6056.57,4688.77,1367.8,FII/FPI,9017.44,11318.09,-2300.65
26-11-2021,DII,9352.28,7058.17,2294.11,FII/FPI,6588.99,12374.82,-5785.83
29-11-2021,DII,9527.82,4916.41,4611.41,FII/FPI,5625.13,8957.34,-3332.21
30-11-2021,DII,11199.34,5849.11,5350.23,FII/FPI,42957.1,48402.35,-5445.25
01-12-2021,DII,5556.61,6891.11,-1334.5,FII/FPI,9354.82,8783.35,571.47
02-12-2021,DII,3647.82,4245.44,-597.62,FII/FPI,4252.21,4289.54,-37.33
03-12-2021,DII,4789.89,4953.76,-163.87,FII/FPI,12080.56,13023.16,-942.6
04-12-2021,DII,7165.01,6932.25,232.76,FII/FPI,6519.91,8266.34,-1746.43
05-12-2021,DII,5372.26,6076.62,-704.36,FII/FPI,5312,6572.59,-1260.59
07-12-2021,DII,4188.51,3741.09,447.42,FII/FPI,8575.06,9321.03,-745.97
08-12-2021,DII,5590.47,5282.72,307.75,FII/FPI,5690.17,5902.28,-212.11
10-12-2021,DII,5976.21,6717.43,-741.22,FII/FPI,7484,7762.32,-278.32
11-12-2021,DII,6818.71,5967.3,851.41,FII/FPI,10362.94,9851.84,511.1
13-12-2021,DII,6301.91,4950.88,1351.03,FII/FPI,7862.77,10606.21,-2743.44
14-12-2021,DII,5210.59,4785.16,425.43,FII/FPI,9498.29,10261.47,-763.18
15-12-2021,DII,5721.32,4168.31,1553.01,FII/FPI,5373.66,8780.7,-3407.04
16-12-2021,DII,5426.59,3893.44,1533.15,FII/FPI,7439.82,8908.53,-1468.71
17-12-2021,DII,9499.96,8021.44,1478.52,FII/FPI,13370.05,15439.95,-2069.9
20-12-2021,DII,8746.23,5982.21,2764.02,FII/FPI,6744.39,10309.75,-3565.36
21-12-2021,DII,6138.6,4733.71,1404.89,FII/FPI,5883.4,7093.22,-1209.82
22-12-2021,DII,5315.61,3722.2,1593.41,FII/FPI,6162.32,6989.58,-827.26
23-12-2021,DII,5280.2,4083.72,1196.48,FII/FPI,5415.35,5686.94,-271.59
24-12-2021,DII,3909.5,3952.74,-43.24,FII/FPI,2360.05,3075.05,-715
27-12-2021,DII,4016.54,3060.75,955.79,FII/FPI,1996.94,3035.19,-1038.25
28-12-2021,DII,4112,3544.53,567.47,FII/FPI,4761.39,4554.08,207.31
29-12-2021,DII,5016.04,4009.11,1006.93,FII/FPI,3417.8,4393.03,-975.23
30-12-2021,DII,9450.33,8872.59,577.74,FII/FPI,4512.12,5498.44,-986.32
31-12-2021,DII,4853.82,3688.2,1165.62,FII/FPI,4083.37,3507.98,575.39
02-01-2022,DII,7906.24,6308.54,1597.7,FII/FPI,7145.99,7167.78,-21.79
04-01-2022,DII,5148.47,5332.26,-183.79,FII/FPI,8279.77,6369.99,1909.78
06-01-2022,DII,5457.08,4472.97,984.11,FII/FPI,6446.02,8376.18,-1930.16
07-01-2022,DII,6588.46,5277.75,1310.71,FII/FPI,4979.59,7304.33,-2324.74
08-01-2022,DII,5331.92,6154.15,-822.23,FII/FPI,16377.49,14056.88,2320.61
13-01-2022,DII,7051.03,5985.71,1065.32,FII/FPI,7418.36,8809.21,-1390.85
14-01-2022,DII,5560.51,5189.1,371.41,FII/FPI,6143.95,7742.15,-1598.2
17-01-2022,DII,5605.54,5720.85,-115.31,FII/FPI,5792.76,6648.23,-855.47
18-01-2022,DII,5794.75,6014.95,-220.2,FII/FPI,5409.34,6664.29,-1254.95
19-01-2022,DII,7241.45,7436.52,-195.07,FII/FPI,7690.73,10395.5,-2704.77
20-01-2022,DII,6385.75,5616.49,769.26,FII/FPI,7974.39,12654.23,-4679.84
21-01-2022,DII,6930.43,6661.07,269.36,FII/FPI,7564.37,10712.95,-3148.58
24-01-2022,DII,8243.09,8168.21,74.88,FII/FPI,5030.52,8782.1,-3751.58
25-01-2022,DII,10764.4,6229.87,4534.53,FII/FPI,7357.33,14451.81,-7094.48
27-01-2022,DII,10727.48,7846.16,2881.32,FII/FPI,11417.36,17684.11,-6266.75
28-01-2022,DII,9617.43,6258.76,3358.67,FII/FPI,8222.94,13268.28,-5045.34
31-01-2022,DII,9167.06,5518.41,3648.65,FII/FPI,6014.14,9638.62,-3624.48
02-02-2022,DII,7713.43,7287.47,425.96,FII/FPI,6001.43,6185.03,-183.6
03-02-2022,DII,10264.64,7202.94,3061.7,FII/FPI,12971.68,17310.62,-4338.94
05-02-2022,DII,6621.75,4670.65,1951.1,FII/FPI,5041.77,6895.23,-1853.46
06-02-2022,DII,4677.17,4546.54,130.63,FII/FPI,7131.8,7583.62,-451.82
08-02-2022,DII,6208.86,6091.07,117.79,FII/FPI,7526.33,6701.15,825.18
14-02-2022,DII,7698.04,5527.75,2170.29,FII/FPI,5457.75,9711.45,-4253.7
15-02-2022,DII,8739.16,4327.56,4411.6,FII/FPI,6353.59,8652.35,-2298.76
16-02-2022,DII,5334.3,4154.16,1180.14,FII/FPI,5879.05,7770.01,-1890.96
17-02-2022,DII,4617.33,3716.23,901.1,FII/FPI,6078.38,7320.48,-1242.1
18-02-2022,DII,4992.67,3063.59,1929.08,FII/FPI,4314.48,6844.44,-2529.96
21-02-2022,DII,6187.26,3794.41,2392.85,FII/FPI,4160.37,6422.27,-2261.9
22-02-2022,DII,8143.69,4035.11,4108.58,FII/FPI,8614.37,11859.89,-3245.52
23-02-2022,DII,6892.39,3868.02,3024.37,FII/FPI,4623.64,8040.8,-3417.16
24-02-2022,DII,14452.42,6784.67,7667.75,FII/FPI,9231.8,15680.04,-6448.24
25-02-2022,DII,9655.31,5337.07,4318.24,FII/FPI,5690.93,10161.63,-4470.7
28-02-2022,DII,9128.63,4985.81,4142.82,FII/FPI,14629.66,18578.13,-3948.47
01-03-2022,DII,4815.58,4012.47,803.11,FII/FPI,4226.3,3323.66,902.64
02-03-2022,DII,6089.96,6460.54,-370.58,FII/FPI,4630.52,6228.06,-1597.54
03-03-2022,DII,11803.36,7004.12,4799.24,FII/FPI,7153.44,13798.09,-6644.65
06-03-2022,DII,6890.49,4529.98,2360.51,FII/FPI,5804.83,9575.34,-3770.51
08-03-2022,DII,5865.37,6383.79,-518.42,FII/FPI,10148.58,9383.41,765.17
14-03-2022,DII,6385.66,5287.04,1098.62,FII/FPI,8151.62,8328.14,-176.52
15-03-2022,DII,6957.09,6858.84,98.25,FII/FPI,10225.3,11475.04,-1249.74
16-03-2022,DII,5206.82,4434.27,772.55,FII/FPI,9098.13,8786.14,311.99
17-03-2022,DII,7756.01,8434.46,-678.45,FII/FPI,25393.17,22593.03,2800.14
21-03-2022,DII,4611.3,4358.39,252.91,FII/FPI,6838.69,9800.81,-2962.12
22-03-2022,DII,4499.91,5101.96,-602.05,FII/FPI,9858.98,9474.5,384.48
23-03-2022,DII,4653.22,4947.45,-294.23,FII/FPI,10223.97,9742.64,481.33
24-03-2022,DII,6980.92,4889.85,2091.07,FII/FPI,13101.11,14841.82,-1740.71
25-03-2022,DII,5969.61,4596.59,1373.02,FII/FPI,6543.08,8050.45,-1507.37
28-03-2022,DII,5323.73,4162.03,1161.7,FII/FPI,6114.46,6915.87,-801.41
29-03-2022,DII,5860.54,4147.23,1713.31,FII/FPI,7360.87,7325.4,35.47
30-03-2022,DII,12848.14,11632.14,1216,FII/FPI,10271.37,8913.9,1357.47
31-03-2022,DII,7944.47,6799.19,1145.28,FII/FPI,12274.81,9186.08,3088.73
01-04-2022,DII,5250.38,4717.41,532.97,FII/FPI,5834.72,4560.86,1273.86
02-04-2022,DII,6196.26,5574.28,621.98,FII/FPI,5377.41,7645.27,-2267.86
03-04-2022,DII,11668.66,6929.67,4738.99,FII/FPI,5996.25,13627.27,-7631.02
04-04-2022,DII,9883.2,8208.19,1675.01,FII/FPI,7532.61,6380.4,1152.21
05-04-2022,DII,6399.46,5061.46,1338,FII/FPI,17062.94,20351.12,-3288.18
07-04-2022,DII,6461.14,4772.75,1688.39,FII/FPI,3981.28,6130.84,-2149.56
08-04-2022,DII,5255.26,5302.05,-46.79,FII/FPI,8705.19,7230.42,1474.77
13-04-2022,DII,6426.35,5015.5,1410.85,FII/FPI,5027.99,7089.03,-2061.04
18-04-2022,DII,9637.18,6295.22,3341.96,FII/FPI,7589.12,13976.57,-6387.45
19-04-2022,DII,10920.78,6939.97,3980.81,FII/FPI,9638.89,15510.58,-5871.69
20-04-2022,DII,7915.34,5269.52,2645.82,FII/FPI,6339.45,9348.71,-3009.26
21-04-2022,DII,8635.07,5811.64,2823.43,FII/FPI,9320.24,10033.93,-713.69
22-04-2022,DII,6377.03,4774.68,1602.35,FII/FPI,7939.33,10401.05,-2461.72
25-04-2022,DII,6432.06,4561.61,1870.45,FII/FPI,4932.28,8235.13,-3302.85
26-04-2022,DII,6818.1,5174.26,1643.84,FII/FPI,7340.46,8514.51,-1174.05
27-04-2022,DII,7425.48,5507.97,1917.51,FII/FPI,6385.59,10450.13,-4064.54
28-04-2022,DII,5746.02,4965.08,780.94,FII/FPI,12333.87,11590.65,743.22
29-04-2022,DII,8426.33,4936.03,3490.3,FII/FPI,9263.84,12912.14,-3648.3
01-05-2022,DII,7001.1,5729.15,1271.95,FII/FPI,7610.53,7273.7,336.83
04-05-2022,DII,6384.18,6278.76,105.42,FII/FPI,7096.6,6721.71,374.89
05-05-2022,DII,7111.87,4882.56,2229.31,FII/FPI,5293.36,7368.1,-2074.74
07-05-2022,DII,5191.05,5448.64,-257.59,FII/FPI,6675.59,5379.75,1295.84
08-05-2022,DII,7260.62,7756.56,-495.94,FII/FPI,8348.69,6742.88,1605.81
13-05-2022,DII,7960.57,4790.95,3169.62,FII/FPI,7660.72,11440.8,-3780.08
16-05-2022,DII,4737.96,3309.57,1428.39,FII/FPI,4205.88,5994.81,-1788.93
17-05-2022,DII,7315.14,5020.72,2294.42,FII/FPI,6128.11,8320.55,-2192.44
18-05-2022,DII,5562.4,5186.79,375.61,FII/FPI,8919,10173.64,-1254.64
19-05-2022,DII,7414.25,4188.71,3225.54,FII/FPI,6389.87,11289.79,-4899.92
20-05-2022,DII,5724.32,3575.37,2148.95,FII/FPI,8550.14,9815.55,-1265.41
23-05-2022,DII,6281.53,4836.14,1445.39,FII/FPI,7039.52,8990.69,-1951.17
24-05-2022,DII,6171.84,4223.35,1948.49,FII/FPI,7947.05,10340.5,-2393.45
25-05-2022,DII,7025.71,4795.89,2229.82,FII/FPI,6371.24,8174.3,-1803.06
26-05-2022,DII,7535.24,4628.78,2906.46,FII/FPI,8248.29,9846.13,-1597.84
27-05-2022,DII,6397.19,3669.72,2727.47,FII/FPI,4954.34,6897.44,-1943.1
30-05-2022,DII,5979.06,4454.57,1524.49,FII/FPI,6853.96,6351.88,502.08
31-05-2022,DII,8620.46,6775.31,1845.15,FII/FPI,45737.96,46741.52,-1003.56
01-06-2022,DII,6661.19,5860.28,800.91,FII/FPI,6563.72,8490.49,-1926.77
04-06-2022,DII,6961.91,6338.99,622.92,FII/FPI,6324.77,8604.74,-2279.97
05-06-2022,DII,8522.04,5507.19,3014.85,FII/FPI,4525.89,10042.97,-5517.08
06-06-2022,DII,5593.21,3653.21,1940,FII/FPI,4546.52,6944.17,-2397.65
07-06-2022,DII,7751.44,6287.11,1464.33,FII/FPI,7355.76,7685.89,-330.13
13-06-2022,DII,6969.98,4155.48,2814.5,FII/FPI,3927.38,8091.39,-4164.01
14-06-2022,DII,7035.27,3227.67,3807.6,FII/FPI,4423.52,8925.77,-4502.25
15-06-2022,DII,5417.16,2829.16,2588,FII/FPI,3943.45,7474.6,-3531.15
16-06-2022,DII,6604.58,4675.44,1929.14,FII/FPI,4573.97,7831.62,-3257.65
17-06-2022,DII,9889.7,3802.78,6086.92,FII/FPI,10292.63,18111.24,-7818.61
20-06-2022,DII,6099.48,4006.09,2093.39,FII/FPI,4355.02,5572.14,-1217.12
21-06-2022,DII,6527.22,3460.81,3066.41,FII/FPI,4617.83,7319.04,-2701.21
22-06-2022,DII,4861.57,3002.5,1859.07,FII/FPI,4516.03,7436.64,-2920.61
23-06-2022,DII,5620.06,3181.75,2438.31,FII/FPI,4603.67,6922.73,-2319.06
24-06-2022,DII,5651.6,3438.16,2213.44,FII/FPI,4658.85,7012.62,-2353.77
27-06-2022,DII,5101.29,3916.82,1184.47,FII/FPI,4539.25,5817.67,-1278.42
28-06-2022,DII,5177.24,3971.61,1205.63,FII/FPI,5348.85,6593.29,-1244.44
29-06-2022,DII,8308.26,7460.8,847.46,FII/FPI,5946.83,6797.89,-851.06
30-06-2022,DII,6230.96,4852.76,1378.2,FII/FPI,9684.54,10822.59,-1138.05
01-07-2022,DII,5718.29,5833.95,-115.66,FII/FPI,8183.82,7687.55,496.27
02-07-2022,DII,4644.47,6020.96,-1376.49,FII/FPI,6281.52,7438.75,-1157.23
03-07-2022,DII,13168.04,7837.01,5331.03,FII/FPI,7443.11,14925.19,-7482.08
04-07-2022,DII,7676.3,5901.6,1774.7,FII/FPI,9346.3,14355.92,-5009.62
06-07-2022,DII,5062.4,3751.26,1311.14,FII/FPI,5637.32,7931.3,-2293.98
07-07-2022,DII,6974.09,5993.5,980.59,FII/FPI,5847.89,6773.11,-925.22
13-07-2022,DII,6217.62,4418.4,1799.22,FII/FPI,5093.2,7932.72,-2839.52
14-07-2022,DII,4224.29,4780.69,-556.4,FII/FPI,7139.02,6829.96,309.06
15-07-2022,DII,5278.66,4219.2,1059.46,FII/FPI,5300.67,6950.03,-1649.36
18-07-2022,DII,6273.77,5429.44,844.33,FII/FPI,15055.01,14898.93,156.08
19-07-2022,DII,5085.73,5186.46,-100.73,FII/FPI,6177.59,5201.19,976.4
20-07-2022,DII,6032.73,6262.95,-230.22,FII/FPI,7606.04,5825.1,1780.94
21-07-2022,DII,5071.58,5383.87,-312.29,FII/FPI,8279.42,6480.1,1799.32
22-07-2022,DII,5072.01,4332.63,739.38,FII/FPI,5335.17,6010.62,-675.45
25-07-2022,DII,5270.58,5342.84,-72.26,FII/FPI,13602.03,14446.81,-844.78
26-07-2022,DII,6428.26,5428.9,999.36,FII/FPI,4031.75,5580.04,-1548.29
27-07-2022,DII,5448.69,4736.66,712.03,FII/FPI,4940.81,5377.62,-436.81
28-07-2022,DII,6941.15,6340.86,600.29,FII/FPI,7300.21,5662.52,1637.69
29-07-2022,DII,6720.39,6721.3,-0.91,FII/FPI,8531.17,7484.85,1046.32
02-08-2022,DII,6674.2,5559.2,1115,FII/FPI,7225.08,9192.97,-1967.89
03-08-2022,DII,12923.51,6433.92,6489.59,FII/FPI,8283.13,16425.73,-8142.6
04-08-2022,DII,8191.28,8207.79,-16.51,FII/FPI,9818.98,10394.02,-575.04
06-08-2022,DII,5508.57,3604.24,1904.33,FII/FPI,5468.82,7953.07,-2484.25
07-08-2022,DII,5321.64,5287.03,34.61,FII/FPI,6319.87,6429.18,-109.31
08-08-2022,DII,5126.3,5267.03,-140.73,FII/FPI,15834.69,14384.99,1449.7
16-08-2022,DII,5260.39,5396.63,-136.24,FII/FPI,19799.1,18422.26,1376.84
17-08-2022,DII,5729.84,6240.07,-510.23,FII/FPI,8665.91,6318.69,2347.22
18-08-2022,DII,7491.59,7020.8,470.79,FII/FPI,8396.74,10102.74,-1706
19-08-2022,DII,5683.42,7316.63,-1633.21,FII/FPI,7018.49,5907.59,1110.9
22-08-2022,DII,6533.57,6618.63,-85.06,FII/FPI,6625.43,7079.2,-453.77
23-08-2022,DII,5575.9,5791.1,-215.2,FII/FPI,7652.45,7089.45,563
24-08-2022,DII,4986.06,5308.4,-322.34,FII/FPI,7251.04,7227.85,23.19
25-08-2022,DII,5678.3,6012.61,-334.31,FII/FPI,6813.77,6444.71,369.06
26-08-2022,DII,5408.57,4954.98,453.59,FII/FPI,6125.88,6177,-51.12
29-08-2022,DII,6370.85,6226.77,144.08,FII/FPI,5253.27,5814.49,-561.22
30-08-2022,DII,6519.54,7176.26,-656.72,FII/FPI,16145.25,11979.39,4165.86
02-09-2022,DII,7021.37,5228.02,1793.35,FII/FPI,6152.38,7045.02,-892.64
03-09-2022,DII,11078.08,7802.14,3275.94,FII/FPI,9370.8,14189.51,-4818.71
05-09-2022,DII,7729.78,4652.54,3077.24,FII/FPI,5342.44,8704.24,-3361.8
06-09-2022,DII,5297.49,3672.59,1624.9,FII/FPI,6196.55,7709.19,-1512.64
01-10-2022,DII,6150.78,5669.23,481.55,FII/FPI,7981.58,8105.81,-124.23
02-10-2022,DII,7853.15,5125.92,2727.23,FII/FPI,8660.61,10393.19,-1732.58
03-10-2022,DII,9273.55,8327.84,945.71,FII/FPI,10686.06,12667.21,-1981.15
05-10-2022,DII,7570.91,4612.51,2958.4,FII/FPI,6100.07,10060.66,-3960.59
06-10-2022,DII,6105.56,3274.49,2831.07,FII/FPI,4287.93,8261.88,-3973.95
08-10-2022,DII,5466.36,6234.81,-768.45,FII/FPI,9357.94,8296.06,1061.88
01-11-2022,DII,5790.38,5411.64,378.74,FII/FPI,7759.53,7647.62,111.91
02-11-2022,DII,5537.23,6234.13,-696.9,FII/FPI,9754.86,9646.33,108.53
03-11-2022,DII,6786.33,5099.48,1686.85,FII/FPI,6250.92,8514.82,-2263.9
04-11-2022,DII,5873.7,6360.2,-486.5,FII/FPI,5921.1,7066.3,-1145.2
05-11-2022,DII,8400.88,4219.68,4181.2,FII/FPI,5988.39,9597.74,-3609.35
07-11-2022,DII,4558.1,4855.09,-296.99,FII/FPI,5294.47,5464.98,-170.51
08-11-2022,DII,5758.11,6487.67,-729.56,FII/FPI,9030.9,6732.82,2298.08
01-12-2022,DII,7458.25,6126.24,1332.01,FII/FPI,6981.26,7982.83,-1001.57
04-12-2022,DII,6629.33,5759.32,870.01,FII/FPI,7047.27,10175.66,-3128.39
05-12-2022,DII,9487.39,4671.75,4815.64,FII/FPI,6018.03,11273.78,-5255.75
07-12-2022,DII,3493.93,3353.22,140.71,FII/FPI,4650.66,6216.34,-1565.68
08-12-2022,DII,5752.42,6591.87,-839.45,FII/FPI,8260.13,5219.67,3040.46
02-01-2023,DII,4660.7,3917.4,743.4,FII/FPI,1381.1,1593.7,-212.6
03-01-2023,DII,5243.4,4892.9,350.6,FII/FPI,3077.1,3705.2,-628.1
04-01-2023,DII,5601.4,4827.8,773.6,FII/FPI,4508.2,7129.1,-2620.9
05-01-2023,DII,6898.2,7092.3,-194.1,FII/FPI,7275.1,8724.5,-1449.4
06-01-2023,DII,6638.4,5555.2,1083.2,FII/FPI,3855.8,6758.3,-2902.5
09-01-2023,DII,6476.5,4752.7,1723.8,FII/FPI,8643.6,8846.8,-203.1
10-01-2023,DII,6558.2,4751.5,1806.6,FII/FPI,6287.5,8396.8,-2109.3
11-01-2023,DII,6859.9,4429.3,2430.6,FII/FPI,6980.5,10188.7,-3208.2
12-01-2023,DII,6087.8,3960.2,2127.6,FII/FPI,8707.4,10370,-1662.6
13-01-2023,DII,5700.6,3747.2,1953.4,FII/FPI,9305.7,11728.1,-2422.4
16-01-2023,DII,5220,4534.1,686,FII/FPI,6260.1,7010.7,-750.6
17-01-2023,DII,5239.4,5148.6,90.8,FII/FPI,8445.3,8234.2,211.1
18-01-2023,DII,6873.2,5647.2,1226,FII/FPI,8386.6,8705.9,-319.2
19-01-2023,DII,4321.5,4450.5,-129,FII/FPI,7780.9,7380.9,400
20-01-2023,DII,5809.3,4299.3,1510,FII/FPI,8288.8,10291,-2002.2
23-01-2023,DII,5925.4,5490.4,435,FII/FPI,5803.4,6023.3,-219.9
24-01-2023,DII,6849.6,5704.9,1144.8,FII/FPI,6403.9,7164.4,-760.5
25-01-2023,DII,8111.6,6733.1,1378.5,FII/FPI,5859.2,8253.1,-2393.9
27-01-2023,DII,12373.4,8121.1,4252.3,FII/FPI,12414.8,18392.6,-5977.9
30-01-2023,DII,11487,5974.4,5512.6,FII/FPI,10904.2,17697,-6792.8
31-01-2023,DII,10974.1,6467.8,4506.3,FII/FPI,14776.2,20215.9,-5439.6
01-02-2023,DII,10711.5,10182,529.5,FII/FPI,14366.7,12581.5,1785.2
02-02-2023,DII,9470.7,7099.3,2371.4,FII/FPI,9780.8,12846.2,-3065.4
03-02-2023,DII,7474,6209.2,1264.7,FII/FPI,9482.1,10414.5,-932.4
06-02-2023,DII,5771.2,4568.1,1203.1,FII/FPI,6853.4,8071.5,-1218.1
07-02-2023,DII,6009.7,5369.9,639.8,FII/FPI,7126.4,9686.3,-2560
08-02-2023,DII,6154.1,5213,941.2,FII/FPI,7617.8,8354.6,-736.8
09-02-2023,DII,5589.1,5794.3,-205.2,FII/FPI,7049,7193.8,-144.7
10-02-2023,DII,4882.4,5173.8,-291.3,FII/FPI,7700.6,6242.6,1458
13-02-2023,DII,5361.5,4839.8,521.7,FII/FPI,7386.6,6064.2,1322.4
14-02-2023,DII,5042.5,4837.7,204.8,FII/FPI,8418.3,7113,1305.3
15-02-2023,DII,5880.4,5363.8,516.6,FII/FPI,8547.9,8115.7,432.2
16-02-2023,DII,7759.7,6182.4,1577.3,FII/FPI,8580.5,7009.9,1570.6
17-02-2023,DII,5540.8,5626.1,-85.3,FII/FPI,4809.7,5434.3,-624.6
20-02-2023,DII,4980.3,4894.1,86.2,FII/FPI,4256.6,4415.6,-159
21-02-2023,DII,5318.4,5553.7,-235.2,FII/FPI,5465.6,4939.8,525.8
22-02-2023,DII,5711.5,5340,371.6,FII/FPI,6195.5,6775.4,-579.8
23-02-2023,DII,7010.4,5424.4,1586.1,FII/FPI,6791.4,8208.6,-1417.2
24-02-2023,DII,5875,4474.1,1401,FII/FPI,8864.6,10334.9,-1470.3
27-02-2023,DII,6621.2,4389.6,2231.7,FII/FPI,4315.2,6337.7,-2022.5
28-02-2023,DII,9307.9,4698,4609.9,FII/FPI,18559,23118.2,-4559.2
01-03-2023,DII,5918.7,4420.1,1498.7,FII/FPI,6953.4,7378.3,-424.9
02-03-2023,DII,5948.2,3819.4,2128.8,FII/FPI,20596.1,7825.3,12770.8
03-03-2023,DII,5869.6,3779.7,2089.9,FII/FPI,6969.4,6723.2,246.2
06-03-2023,DII,5659.6,4902.4,757.2,FII/FPI,7035.2,6313.8,721.4
08-03-2023,DII,4625.6,5563.4,-937.8,FII/FPI,11451,7779.4,3671.6
09-03-2023,DII,4606.7,4564.3,42.4,FII/FPI,7570.5,8132.3,-561.8
10-03-2023,DII,5167.7,3817.6,1350.1,FII/FPI,5117.3,7178.8,-2061.5
13-03-2023,DII,7476.6,6058,1418.6,FII/FPI,10135.3,11682.1,-1546.9
14-03-2023,DII,7024.2,4902.3,2121.9,FII/FPI,6737.4,9824.3,-3087
15-03-2023,DII,6343.8,4519.9,1823.9,FII/FPI,5769.4,7040.7,-1271.2
16-03-2023,DII,9226.5,7175,2051.4,FII/FPI,7993.2,8275.2,-282.1
17-03-2023,DII,9693.5,7876.3,1817.1,FII/FPI,18734.4,20500.9,-1766.5
20-03-2023,DII,9105.4,6228.7,2876.6,FII/FPI,4747.9,7293.8,-2545.9
21-03-2023,DII,7628.2,5682.2,1946.1,FII/FPI,5900.6,7355.3,-1454.6
22-03-2023,DII,4755.4,4371.9,383.5,FII/FPI,6159.6,6097.8,61.7
23-03-2023,DII,6185.1,4516.3,1668.8,FII/FPI,5939.9,6934.9,-995
24-03-2023,DII,5418.2,2862.7,2555.5,FII/FPI,5290.8,7011.2,-1720.4
27-03-2023,DII,5375.6,3566.7,1808.9,FII/FPI,4883.4,5774,-890.6
28-03-2023,DII,4637.9,4794,-156.1,FII/FPI,7055.2,5524.1,1531.1
29-03-2023,DII,10196.1,9373.1,823,FII/FPI,9097,7851.6,1245.4
31-03-2023,DII,8212.3,5732.4,2480,FII/FPI,11402.2,11044.4,357.9
03-04-2023,DII,5196,5524.2,-328.2,FII/FPI,4856,4534.1,321.9
05-04-2023,DII,7231.9,8179.2,-947.2,FII/FPI,7383.8,6577,806.8
06-04-2023,DII,5642.2,6639.2,-997.1,FII/FPI,5655.6,5179.8,475.8
10-04-2023,DII,7060.7,6709.2,351.5,FII/FPI,4057.8,3175.3,882.5
11-04-2023,DII,7786.9,8050.9,-264,FII/FPI,6932,6589.1,342.8
12-04-2023,DII,7428,7653.3,-225.2,FII/FPI,8459.4,6551.4,1908
13-04-2023,DII,6526.5,6800.1,-273.7,FII/FPI,8033.1,7811.3,221.8
17-04-2023,DII,8330,8060.3,269.6,FII/FPI,13386.6,13919.8,-533.2
18-04-2023,DII,6491,6089.3,401.7,FII/FPI,7398.1,8208.7,-810.6
19-04-2023,DII,5297.9,5408.3,-110.4,FII/FPI,7981.9,7995.1,-13.2
20-04-2023,DII,4753.4,3920.6,832.7,FII/FPI,5773.8,6943.2,-1169.3
21-04-2023,DII,5475.8,3843.2,1632.7,FII/FPI,5127.7,7244.5,-2116.8
24-04-2023,DII,6138.6,4961.5,1177.2,FII/FPI,6218.8,6631.1,-412.3
25-04-2023,DII,6547.5,5983.9,563.6,FII/FPI,9244.2,9651.6,-407.4
26-04-2023,DII,5220.2,5448.1,-227.9,FII/FPI,7813.6,6556.1,1257.5
27-04-2023,DII,5638,5540.9,97.1,FII/FPI,7140,5487,1653
28-04-2023,DII,6319.2,6054.9,264.3,FII/FPI,13577.3,10273,3304.3
02-05-2023,DII,5649.5,6043.6,-394,FII/FPI,9972.5,7975.2,1997.4
03-05-2023,DII,5390.8,5974.8,-584,FII/FPI,7498.8,6160.8,1338
04-05-2023,DII,5611.2,5169.6,441.6,FII/FPI,7311,5896.3,1414.7
05-05-2023,DII,4956.5,7155.3,-2198.8,FII/FPI,8243,7465.3,777.7
08-05-2023,DII,6252.5,6007.2,245.3,FII/FPI,8705.4,6581.6,2123.8
09-05-2023,DII,7148.4,6743.6,404.7,FII/FPI,9375.4,7433.2,1942.2
10-05-2023,DII,5061.7,5851.4,-789.7,FII/FPI,8094.7,6261.6,1833.1
11-05-2023,DII,7026.4,7226.5,-200.1,FII/FPI,7950.8,7113.6,837.2
12-05-2023,DII,5457.4,6379.6,-922.2,FII/FPI,9159.5,8145.4,1014.1
15-05-2023,DII,5505.6,5314.4,191.2,FII/FPI,7676.3,5991,1685.3
16-05-2023,DII,6138.6,7024.8,-886.2,FII/FPI,7783.2,6376.3,1406.9
17-05-2023,DII,6046.8,6250.7,-203.9,FII/FPI,7478.2,7328.9,149.3
18-05-2023,DII,4830.8,5680.8,-850,FII/FPI,7731.5,6761.3,970.2
19-05-2023,DII,6427.8,5356.4,1071.4,FII/FPI,7325.4,7438.9,-113.5
22-05-2023,DII,5486.8,4882.2,604.6,FII/FPI,6956.6,6033.7,922.9
23-05-2023,DII,5543.1,5145.8,397.3,FII/FPI,7829.5,7647,182.5
24-05-2023,DII,5880.8,5579.9,300.9,FII/FPI,8548.5,7362.6,1185.8
25-05-2023,DII,5522.8,5184.4,338.4,FII/FPI,8521.1,7932,589.1
26-05-2023,DII,7705.6,5864.6,1841,FII/FPI,8203.3,7853.2,350.2
29-05-2023,DII,6217.7,5364.2,853.6,FII/FPI,7767,6008.8,1758.2
30-05-2023,DII,5937,6376,-438.9,FII/FPI,9789.5,7703.8,2085.6
31-05-2023,DII,11726.5,14255,-2528.5,FII/FPI,65024.4,61618.5,3405.9
01-06-2023,DII,5715.1,5226.2,488.9,FII/FPI,8751.7,8822.7,-71.1
02-06-2023,DII,6951.5,6369.7,581.8,FII/FPI,10393.9,11052.8,-658.9
05-06-2023,DII,7460.7,6264.7,1196,FII/FPI,7740.9,8441.8,-701
06-06-2023,DII,5946.7,6435.8,-489,FII/FPI,8963.4,8577.7,385.7
07-06-2023,DII,5931.8,5539.5,392.3,FII/FPI,9569.9,8187.3,1382.6
08-06-2023,DII,5461.8,5866.9,-405,FII/FPI,8013.3,7800.9,212.4
09-06-2023,DII,6234.1,4988.6,1245.5,FII/FPI,13631.6,13940.6,-309
12-06-2023,DII,6663.6,4869.8,1793.8,FII/FPI,6321.9,6948.5,-626.6
13-06-2023,DII,6754,6957.3,-203.3,FII/FPI,12967.8,11290.2,1677.6
14-06-2023,DII,6242.9,6897.7,-654.8,FII/FPI,10413.7,8699,1714.7
15-06-2023,DII,6798.8,7096.6,-297.9,FII/FPI,12641.9,9556.4,3085.5
16-06-2023,DII,7945.6,7264.3,681.3,FII/FPI,17939,17144.2,794.8
19-06-2023,DII,6412.2,6777.4,-365.2,FII/FPI,8354.9,9385.8,-1030.9
20-06-2023,DII,9851.7,7879.2,1972.5,FII/FPI,11733.9,13676.5,-1942.6
21-06-2023,DII,7704.9,7154.5,550.4,FII/FPI,13795.5,9782.4,4013.1
22-06-2023,DII,7147.8,6928.4,219.4,FII/FPI,8947.7,9640.9,-693.3
23-06-2023,DII,6694.2,7378.2,-684,FII/FPI,6263.3,6608.1,-344.8
26-06-2023,DII,5455.9,5205.7,250.1,FII/FPI,7896.6,8306.1,-409.4
27-06-2023,DII,6784.4,8775.7,-1991.4,FII/FPI,10452.7,8428.7,2024
28-06-2023,DII,13978.2,14999.2,-1021,FII/FPI,21017.3,8667.3,12350
30-06-2023,DII,10469.8,9272.2,1197.6,FII/FPI,19439.7,13042.6,6397.1
03-07-2023,DII,7031.9,7369.7,-337.8,FII/FPI,7533.9,5538,1995.9
04-07-2023,DII,7026.1,7811.6,-785.5,FII/FPI,8783.7,6649.3,2134.3
05-07-2023,DII,7983.8,8422.8,-439,FII/FPI,8742.3,7139.2,1603.2
06-07-2023,DII,8247.1,10598.8,-2351.7,FII/FPI,12338,9696.9,2641
07-07-2023,DII,6244.2,9208.4,-2964.2,FII/FPI,9590.3,8799.9,790.4
10-07-2023,DII,8074.5,7786.1,288.4,FII/FPI,8128,7539.6,588.5
11-07-2023,DII,9758.8,9766.1,-7.2,FII/FPI,10839.7,9642.4,1197.4
12-07-2023,DII,15051.2,14614.5,436.7,FII/FPI,18217.7,19460.1,-1242.4
13-07-2023,DII,8229.7,9426.4,-1196.7,FII/FPI,10128.1,7890.1,2237.9
14-07-2023,DII,7333.8,8106.3,-772.4,FII/FPI,12486,9849.6,2636.4
17-07-2023,DII,7182.9,7118.5,64.3,FII/FPI,8286.4,8213.4,73
14-01-2026,DII,29795,-22442,7353,FII/FPI,35392,-41832,-6440
15-01-2026,DII,19071,-14110,4961,FII/FPI,18450,-21208,-2758
16-01-2026,DII,85286,-72784,12502,FII/FPI,71683,-84066,-12383
19-01-2026,DII,24685,-16760,7925,FII/FPI,24128,-28298,-4170
20-01-2026,DII,44865,-51190,-6325,FII/FPI,50854,-61618,-10764
21-01-2026,DII,85731,-100143,-14412,FII/FPI,37127,-42459,-5332
22-01-2026,DII,48017,-38279,9738,FII/FPI,19023,-22681,-3658
23-01-2026,DII,55577,-66867,-11290,FII/FPI,26175,-33400,-7225
27-01-2026,DII,18976,-14757,4219,FII/FPI,29693,-38780,-9087
28-01-2026,DII,34575,-28600,5975,FII/FPI,64912,-74532,-9620
29-01-2026,DII,24346,-17787,6559,FII/FPI,49683,-57471,-7788
30-01-2026,DII,46774,-36959,9815,FII/FPI,17430,-19642,-2212
02-02-2026,DII,54653,-65402,-10749,FII/FPI,4283,-4974,-691
03-02-2026,DII,20356,-16481,3875,FII/FPI,14713,-17122,-2409
04-02-2026,DII,40134,-30767,9367,FII/FPI,11838,-14077,-2239
05-02-2026,DII,18043,-13476,4567,FII/FPI,6942,-8227,-1285
06-02-2026,DII,18839,-15651,3188,FII/FPI,9812,-11121,-1309
09-02-2026,DII,8327,-6575,1752,FII/FPI,3684,-4184,-500
10-02-2026,DII,5334,-3695,1639,FII/FPI,4239,-5111,-872
11-02-2026,DII,10805,-9463,1342,FII/FPI,1679,-1294,385
12-02-2026,DII,16148,-14053,2095,FII/FPI,10014,-11452,-1438
13-02-2026,DII,24715,-20548,4167,FII/FPI,9190,-10719,-1529
16-02-2026,DII,76885,-65409,11476,FII/FPI,13903,-15897,-1994
17-02-2026,DII,27824,-23155,4669,FII/FPI,7638,-9272,-1634
18-02-2026,DII,26943,-19000,7943,FII/FPI,3052,-3734,-682
19-02-2026,DII,14555,-11418,3137,FII/FPI,10028,-7954,2074
20-02-2026,DII,17499,-13131,4368,FII/FPI,12671,-14741,-2070
23-02-2026,DII,6438,-7883,-1445,FII/FPI,10399,-11794,-1395
24-02-2026,DII,23446,-28791,-5345,FII/FPI,4365,-5057,-692
25-02-2026,DII,13736,-15587,-1851,FII/FPI,13219,-14926,-1707
26-02-2026,DII,21630,-18607,3023,FII/FPI,9959,-11254,-1295
27-02-2026,DII,20407,-13833,6574,FII/FPI,6527,-8055,-1528
02-03-2026,DII,30471,-25670,4801,FII/FPI,30503,-35956,-5453
03-03-2026,DII,22807,-17174,5633,FII/FPI,18490,-21700,-3210
04-03-2026,DII,18953,-24864,-5911,FII/FPI,49452,-58841,-9389
05-03-2026,DII,12904,-10590,2314,FII/FPI,29624,-35792,-6168
06-03-2026,DII,10328,-8177,2151,FII/FPI,17769,-22645,-4876
09-03-2026,DII,7844,-5928,1916,FII/FPI,23239,-18375,4864
10-03-2026,DII,51502,-43606,7896,FII/FPI,44824,-52279,-7455
11-03-2026,DII,25854,-21422,4432,FII/FPI,26291,-31171,-4880
12-03-2026,DII,31306,-36376,-5070,FII/FPI,31328,-40927,-9599
13-03-2026,DII,21455,-25286,-3831,FII/FPI,20297,-26167,-5870
16-03-2026,DII,12560,-15010,-2450,FII/FPI,16444,-18873,-2429
17-03-2026,DII,42181,-36283,5898,FII/FPI,18174,-15376,2798
18-03-2026,DII,15138,-12006,3132,FII/FPI,21178,-26057,-4879
19-03-2026,DII,11654,-9012,2642,FII/FPI,19412,-23411,-3999
20-03-2026,DII,27927,-22176,5751,FII/FPI,15249,-19438,-4189
23-03-2026,DII,52431,-44183,8248,FII/FPI,27331,-33312,-5981
24-03-2026,DII,22095,-15656,6439,FII/FPI,19237,-22318,-3081
25-03-2026,DII,17831,-14208,3623,FII/FPI,6497,-8105,-1608
26-03-2026,DII,7221,-5920,1301,FII/FPI,24919,-21202,3717
27-03-2026,DII,26231,-22585,3646,FII/FPI,15219,-18969,-3750
30-03-2026,DII,26358.5,-11463.78,14894.72,FII/FPI,21952.95,-33116.01,-11163.06
01-04-2026,DII,18536.73,-11364.93,7171.8,FII/FPI,17958.07,-26289.22,-8331.15
02-04-2026,DII,18421.27,-11212.86,7208.41,FII/FPI,10626.52,-20557.65,-9931.13
07-04-2026,DII,20860.09,-12880.59,7979.5,FII/FPI,7953.46,-16645.57,-8692.11
09-04-2026,DII,15968.21,-15012.31,955.9,FII/FPI,15746.32,-17457.51,-1711.19
15-04-2026,DII,18499.57,-19068.55,-568.98,FII/FPI,18075.63,-17409.48,666.15
16-04-2026,DII,16538.08,-19965.83,-3427.75,FII/FPI,16209.44,-15827.08,382.36
17-04-2026,DII,17513.99,-22235.47,-4721.48,FII/FPI,16034.88,-15351.68,683.2
23-04-2026,DII,18498.19,-17556.84,941.35,FII/FPI,12829.12,-16083.83,-3254.71
24-04-2026,DII,21560.16,-16859.45,4700.71,FII/FPI,9837.2,-18665.07,-8827.87
27-04-2026,DII,19978.34,-15854.42,4123.92,FII/FPI,30263.32,-31414.8,-1151.48
28-04-2026,DII,18044.05,-16332.04,1712.01,FII/FPI,17231.5,-19335.24,-2103.74
29-04-2026,DII,17232.28,-14970.11,2262.17,FII/FPI,14271.22,-16739.64,-2468.42
12-05-2026,DII,20684.82,-12694.5,7990.32,FII/FPI,16555.27,-18514.66,-1959.39
13-05-2026,DII,18872.65,-13003.6,5869.05,FII/FPI,14373.99,-19077.14,-4703.15
14-05-2026,DII,18255.96,-17571.63,684.33,FII/FPI,17350.56,-17163.1,187.46
15-05-2026,DII,14961.88,-16920.7,-1958.82,FII/FPI,16299.6,-14970.43,1329.17
18-05-2026,DII,16844.94,-14162.82,2682.12,FII/FPI,17222.18,-14408.49,2813.69
19-05-2026,DII,16951.95,-13150.27,3801.68,FII/FPI,17907.55,-20365.04,-2457.49
20-05-2026,DII,16000.79,-14032.44,1968.35,FII/FPI,14139.56,-15736.91,-1597.35
21-05-2026,DII,15857.03,-13364.61,2492.42,FII/FPI,12322.16,-14213.37,-1891.21
22-05-2026,DII,18436.72,-12433.19,6003.53,FII/FPI,10972.76,-15413.23,-4440.47
25-05-2026,DII,16434.96,-12578.08,3856.88,FII/FPI,12083.12,-11261.37,821.75
26-05-2026,DII,15536.74,-14175.31,1361.43,FII/FPI,13127.02,-15534.89,-2407.87
27-05-2026,DII,16893.1,-13072.1,3821,FII/FPI,11418.65,-12461.35,-1042.7
29-05-2026,DII,36999.7,-20235.56,16764.14,FII/FPI,89733.64,-110839.5,-21105.86
01-06-2026,DII,15226.29,-10117.16,5109.13,FII/FPI,17725.89,-21637.57,-3911.68
02-06-2026,DII,22508.77,-12919.45,9589.32,FII/FPI,16955.9,-25318.82,-8362.92
03-06-2026,DII,17530,-11789.11,5740.89,FII/FPI,17053.63,-22670.19,-5616.56
04-06-2026,DII,16824.35,-12464.21,4360.14,FII/FPI,14012.52,-18459.58,-4447.06
05-06-2026,DII,22779.32,-13645.75,9133.57,FII/FPI,11044.57,-19820.82,-8776.25
08-06-2026,DII,16683.18,-11517.94,5165.24,FII/FPI,8842.08,-14397.75,-5555.67
09-06-2026,DII,17664.98,-11505.5,6159.48,FII/FPI,14735.47,-19301.5,-4566.03
10-06-2026,DII,17396.4,-14272.45,3123.95,FII/FPI,14047.79,-16172.77,-2124.98
11-06-2026,DII,16822.57,-12598.06,4224.51,FII/FPI,14000.58,-15987.67,-1987.09
12-06-2026,DII,18877.03,-13535.74,5341.29,FII/FPI,12064.61,-13146.79,-1082.18
15-06-2026,DII,21080.9,-17891.64,3189.26,FII/FPI,15650.2,-15450.15,200.05
16-06-2026,DII,13553.36,-13553.3,0.06,FII/FPI,13887.15,-14636.33,-749.18
17-06-2026,DII,16611.87,-15050.47,1561.4,FII/FPI,14806.3,-14704.71,101.59
18-06-2026,DII,16163.18,-12646.37,3516.81,FII/FPI,14611.83,-15637.03,-1025.2
19-06-2026,DII,18020.49,-19180.13,-1159.64,FII/FPI,31442.87,-26583.8,4859.07
22-06-2026,DII,17391.78,-16356.06,1035.72,FII/FPI,10082.08,-10717.99,-635.91
23-06-2026,DII,16863.04,-16182.83,680.21,FII/FPI,15396.07,-15378.21,17.86
24-06-2026,DII,17274.01,-13636.75,3637.26,FII/FPI,16744.73,-18588.13,-1843.4
25-06-2026,DII,24844.03,-19096.28,5747.75,FII/FPI,18988.03,-18604.27,383.76
29-06-2026,DII,55273.85,-52472.4,2801.45,FII/FPI,24754.26,-26104.36,-1350.1
30-06-2026,DII,23432.58,-16590.24,6842.34,FII/FPI,23273.71,-25830.46,-2556.75
01-07-2026,DII,17136.57,-13977.33,3159.24,FII/FPI,11623.31,-12763.81,-1140.5
02-07-2026,DII,17391.61,-15607.21,1784.4,FII/FPI,14018.4,-14330.22,-311.82
03-07-2026,DII,18676.35,-20630.24,-1953.89,FII/FPI,13337.33,-11982,1355.33
06-07-2026,DII,19727.56,-15936.14,3791.42,FII/FPI,11686.1,-11443.07,243.03
07-07-2026,DII,18897.44,-19280.87,-383.43,FII/FPI,18414.01,-18020.82,393.19
08-07-2026,DII,19165.13,-18374.97,790.16,FII/FPI,17463.95,-15501.15,1962.8
09-07-2026,DII,18302.87,-16245.08,2057.79,FII/FPI,14388.41,-14921.27,-532.86
10-07-2026,DII,17171.75,-15152.07,2019.68,FII/FPI,15318.07,-12714.35,2603.72
13-07-2026,DII,17393.46,-15221.76,2171.7,FII/FPI,10386.48,-13448.75,-3062.27
14-07-2026,DII,20420.87,-17493.16,2927.71,FII/FPI,12763.43,-13503.12,-739.69
15-07-2026,DII,16226.42,-15521.49,704.93,FII/FPI,13207.46,-13943.29,-735.83
16-07-2026,DII,19236.8,-16250.39,2986.41,FII/FPI,13576.08,-17781.64,-4205.56
17-07-2026,DII,17180.08,-16162.19,1017.89,FII/FPI,14393.77,-14770.18,-376.41
20-07-2026,DII,16187.84,-14875.81,1312.03,FII/FPI,13312.67,-14433.71,-1121.04
21-07-2026,DII,14638.54,-15295.42,-656.88,FII/FPI,16327.88,-14677.72,1650.16
22-07-2026,DII,13665.69,-14083.95,-418.26,FII/FPI,12889.82,-13709.02,-819.2
23-07-2026,DII,16575.3,-13628.16,2947.14,FII/FPI,11472.08,-14471.31,-2999.23
24-07-2026,DII,18959.43,-13505.88,5453.55,FII/FPI,11123.86,-15016.63,-3892.77
27-07-2026,DII,15937.1,-13607.96,2329.14,FII/FPI,11695.95,-13384.18,-1688.23
28-07-2026,DII,18256.88,-16592.72,1664.16,FII/FPI,17530.97,-16775.64,755.33
29-07-2026,DII,18176.22,-17178.2,998.02,FII/FPI,17358.31,-14376.44,2981.87
30-07-2026,DII,17979.63,-19843.66,-1864.03,FII/FPI,17431.96,-13808.45,3623.51
31-07-2026,DII,19885.8,-17625.43,2260.37,FII/FPI,19045.51,-18768.03,277.48
